subject_id,raw_coverage_50,raw_width_50,calibrated_coverage_50,calibrated_width_50,calibrated_error_50,raw_coverage_80,raw_width_80,calibrated_coverage_80,calibrated_width_80,calibrated_error_80,raw_coverage_90,raw_width_90,calibrated_coverage_90,calibrated_width_90,calibrated_error_90,raw_coverage_95,raw_width_95,calibrated_coverage_95,calibrated_width_95,calibrated_error_95
00002304,0.16012313274318943,0.10818343000778968,0.6090788367923938,0.25348732450441697,0.19433642706137974,0.4786579326835546,0.205551891710975,0.8454872610728572,0.49699556613899243,0.1638665212675795,0.6266408637727923,0.2638229968248335,0.9782340161934646,0.8892538863422621,0.09838846127611198,0.6938415184331311,0.3143627405429781,0.9888314506350118,0.964054279992322,0.05005743825387712
00002334,0.14514210147842507,0.11207000760486228,0.5135072350449662,0.26259406253712486,0.1180017312641503,0.3593466240811124,0.21293651038411412,0.8722998153418835,0.4954183642872999,0.15314707467617167,0.5497998419775585,0.2733010522809982,0.9610813366686098,0.7964126951430325,0.0839062382854132,0.6989921280649557,0.3255161966483136,0.9824707560499124,0.8942327616422908,0.05279696154040603
00002360,0.20001759577999956,0.11568586225051208,0.6341466432772687,0.27106646279155056,0.19753453036217714,0.502056519738096,0.21980674700456265,0.8543210273617073,0.5289017249291533,0.12584832645853217,0.6565915584021323,0.2821183568701461,0.9362423511614085,0.8737757865394575,0.096086772567252,0.7408569113900495,0.33612039268291505,0.9628502480558563,0.9357602337253815,0.06220261314124609
00002406,0.23449061516249534,0.10344831616829533,0.47730360105422165,0.24239235979206838,0.0955063853439916,0.4025108371335578,0.19655502770782038,0.7535672958325172,0.4778833512852053,0.18918689805171646,0.4926813644461351,0.25227564689007737,0.8935099261877969,0.7829359555141779,0.11110110091563781,0.5737964975594013,0.30059554844000846,0.97301803426429,0.8905257837790016,0.03502788659550489
00002544,0.18036719724902078,0.10757795431113404,0.469189750521811,0.25206861912239464,0.09136059045571336,0.3650734088420885,0.2044014689999958,0.7692842974204626,0.49209642544375526,0.09613664885586003,0.49231524276177097,0.26234644526065404,0.8899792151501227,0.8074223110698712,0.06929861972020855,0.601447506637212,0.3125954680956712,0.9529896288710928,0.894939960551622,0.06364096411306419
00002626,0.1552264318055817,0.1311670459502814,0.5738131169806258,0.30734081493525073,0.10060482800615497,0.40578621919224367,0.2492214789573538,0.938139286429487,0.5822757397033606,0.1436547006876757,0.6128102475777844,0.31987230525758115,0.9721527297951617,0.8757580565501355,0.08653134251192462,0.7769731672923635,0.38106942799101423,0.9883570096086418,0.9554634805582023,0.0475333101866765
00002402,0.13356031762536275,0.11080417698954848,0.4317671379216236,0.2551884930750941,0.14677932087450207,0.3166961745919509,0.21053139272843727,0.8104417346742376,0.4930884017821421,0.1467021989162262,0.47496092994513733,0.2702132812287395,0.8873235304456255,0.7898191808334023,0.12620609284354253,0.60976832736455,0.32194115400808354,0.9271872088524684,0.8832669726245514,0.08796037761053391
00002405,0.10880811793133494,0.12408680650643777,0.42443010621456084,0.28577916654094876,0.13057214450625976,0.24779954675228774,0.235768803151605,0.8497937719013845,0.5224521912046763,0.18139879402616596,0.5027241130084877,0.3026015393602984,0.9364716563357708,0.8395576269575056,0.093633246862986,0.7087087257921537,0.3600239785654474,0.9722868469927832,0.9239022498776442,0.0557028068333919
00002408,0.20037457639773004,0.12988287660872253,0.5781570382177803,0.29912785468659703,0.1907750947568461,0.44655753999937653,0.24678151714974936,0.8949446629153285,0.5794546651845983,0.14606172965986167,0.6201699046535596,0.3167406481812966,0.9487413439992979,0.8621255497516805,0.087969016661296,0.7504841803504079,0.3774119995396575,0.9738239429438371,0.9257422341062557,0.058772148859785
00002547,0.13898208187181924,0.11759321288075084,0.4221992152295997,0.27082404096030804,0.12269758819350626,0.29538581179109763,0.2234307727003042,0.8070570226004418,0.5070376891437895,0.12549831325670185,0.47311879285512914,0.2867687631939116,0.9007607205777186,0.7415706305332792,0.09693648351948592,0.6142044444897992,0.3415584794140165,0.9650047797943881,0.8409924268124084,0.053527084627101915
00002583,0.16587946792357888,0.13234129226819383,0.4990662008416797,0.30478972895176304,0.11542890653436708,0.3492485310325859,0.25145258359106876,0.9159032285638837,0.5743823467488202,0.15238954746591937,0.557600084750911,0.3227345103986173,0.9689909896600087,0.8828537462591067,0.08075206389986053,0.7309968867505219,0.3842222666964574,0.9910883902281976,0.9590608990574306,0.04108839022819765
00002611,0.1545647477311445,0.13405850171464848,0.5098508916357203,0.30874456331304606,0.11296484196281933,0.38234740055525523,0.25471533510631733,0.8776560660637809,0.5942081157439896,0.18499332378442565,0.5545320448924621,0.3269235932865042,0.9166534199325456,0.8663479493276984,0.12376791339032976,0.7029111354546806,0.3895425447306309,0.9380948658081264,0.9324262238564314,0.08333370562044504
00002325,0.1574801748407838,0.10046617636263339,0.46600599133013043,0.23232550759330334,0.10102674036060535,0.37040564615082744,0.19088886905157998,0.6627926177492038,0.42391924116580754,0.1372073822507961,0.49125264114146505,0.24500321098724348,0.8921884977572487,0.8141627728682227,0.0758303409813042,0.5621799110375414,0.29193933232931524,0.9551832530929523,0.9064521347251381,0.04382213777725057
00002462,0.13041413948604688,0.10781522032619245,0.4607912785650216,0.2493199870387696,0.1037445491923083,0.34979093242366516,0.20485228182993173,0.7295531987233965,0.4518976646162845,0.17186451495526933,0.4927112370552162,0.2629228753998812,0.8623642929890214,0.7433857260146234,0.13013221698385063,0.5902961243096843,0.3132252447212368,0.9257148119177502,0.8451330104676053,0.07428518808224978
00002495,0.10596877707136494,0.100642082312389,0.41095479676830776,0.2327225018616394,0.14528459202625932,0.26339715326031576,0.19122309584336203,0.7304556318133097,0.40928822107606894,0.22542381695121377,0.45775951911869084,0.2454097280589814,0.9480589623168373,0.7783991307837583,0.10758196254344043,0.5882490677092811,0.2922312515669115,0.9653870703288594,0.8993023828029999,0.06242706579679508
00002546,0.1537784351380538,0.12607269054811499,0.4917033309928343,0.2915399280203733,0.11032147257286774,0.3596345782978748,0.23954204477886712,0.8481851139471366,0.5296858179309204,0.11816644216029391,0.5359849711289162,0.30744888598724057,0.9222718536172787,0.8374155316672085,0.08372759556988224,0.6775849660555748,0.36634659852865853,0.959891241464409,0.9207045149795872,0.05116980618866712
00002561,0.09314884309525978,0.12270291982776192,0.45674992331210573,0.2837474179296812,0.15155343902925747,0.2963843548053888,0.23313937529287518,0.899398100988479,0.5140179499134266,0.16524444899289614,0.5126319973152579,0.29922878546377457,0.9579014588128326,0.8681270043998482,0.0774944545534856,0.7118975355941436,0.3564274398658834,0.992815382863217,0.9385719939187886,0.04281538286321709
00002575,0.18332287222251897,0.11678977174649986,0.5051809343681084,0.27007341162038434,0.11126432942188401,0.3800262464789453,0.22190420948251924,0.7931480152120365,0.48142202797630423,0.1080228855822558,0.5500540564935618,0.28481053742528967,0.8887361259607235,0.8137421880450425,0.07652016093786539,0.6821217745822307,0.33923218541631,0.9494300627856824,0.9044443856511907,0.05558976573880197
00002342,0.15634895402627189,0.09168454873887992,0.44052618663536086,0.2133403350439346,0.0981652257584737,0.32806559809587427,0.17420350263054943,0.7174456478113772,0.39331699384097923,0.13073342305815014,0.47342112883611537,0.22358777503248073,0.863019599025734,0.7995809016930574,0.13135672886628078,0.5889234498046779,0.26642126646812875,0.913040072734396,0.8869389832399693,0.09941061183842033
00002426,0.19602599052660574,0.08553083097637197,0.4915076230049134,0.19902127880951662,0.12488248379909996,0.3828986800815439,0.16251124692144633,0.6636468573528361,0.362040912639656,0.1717029686318461,0.5169607960492595,0.20858092729616695,0.79731910701457,0.6821688361226729,0.13051246703129316,0.5904036556939429,0.24853092993627204,0.8873357276955565,0.8136763618511726,0.08541735169628471
00002494,0.1275869476893056,0.11088324278716744,0.4230977733564236,0.2580123160772162,0.11315386620259754,0.3008377227996957,0.21068162021030806,0.782214043244344,0.46757775463855056,0.14908369979260683,0.45732880569930956,0.27040045779831984,0.8741822678907005,0.783938967072721,0.10996157920943596,0.6009886618562693,0.32204937463651767,0.929350411817595,0.8780130235367739,0.06433208714252892
00002534,0.1839227630410399,0.11131871956893327,0.49576621483879685,0.2590269926193908,0.10313998221525397,0.38020537715662767,0.21150903968001544,0.8256095732879514,0.4736699566148048,0.08895705486877796,0.528702994066923,0.2714689134672893,0.919741217215504,0.7966401173971139,0.06786130552820321,0.6639746060338098,0.32347311117464284,0.9759826112065592,0.8954111317417044,0.0406989816392877
00002614,0.18425147172715078,0.14260839495652908,0.4949181237484045,0.3318347876342,0.13207220130975988,0.3934801117466308,0.2709603989730195,0.8494299151097223,0.6046325451478192,0.10762393569409427,0.5269714793589882,0.3477739070308819,0.9519816442091971,0.9295051053954626,0.07611291056715966,0.6791520427961055,0.41439637314273325,0.9812561334449625,0.9789972474528156,0.05056960233966754
00002625,0.21146965754292357,0.12214618885483197,0.5199737603485317,0.2842213787717435,0.17290161341766663,0.4077448598119582,0.2320815690775277,0.8893046002699105,0.5170716357882222,0.15569773715913107,0.5488689261992226,0.29787346908942985,0.9432252682331798,0.8642172882740485,0.09626517871434345,0.6657202370449363,0.35492246244506187,0.9784614696008952,0.9429716022974061,0.055652816113390555
00002326,0.2105004603639337,0.10870196570930304,0.633254629143985,0.25458576854235476,0.17023158638415262,0.48401863647733995,0.2065371257191597,0.8375981667883399,0.4825931805094823,0.12349513816868636,0.6605348778577244,0.26508608232795333,0.9562239469836619,0.8496858380467163,0.07116368236930791,0.7453235618271463,0.3158669749767779,0.9840374076899395,0.947152198599886,0.04265772854555465
00002372,0.12460615149830942,0.10924121786374186,0.548563557420508,0.25584972729842925,0.08396762906098738,0.35995732016078635,0.2075617216341361,0.8831648126525597,0.4646069508271352,0.1504815053202663,0.5863634664957449,0.2664025856042068,0.9428424427407643,0.8022321807895663,0.10475434902227905,0.7418931944496842,0.3172584530725459,0.9695032725125512,0.916487668613594,0.05827450526522653
00002412,0.19067984214752806,0.10634702448994371,0.5402385513329598,0.24907134639133627,0.11937204615161338,0.4019042936447445,0.2020626639418561,0.8036295059423508,0.4665623371556132,0.15480692428132606,0.5696720748141272,0.25934462146671355,0.9207552241973261,0.8193633085461703,0.09212094285695292,0.6811077061542291,0.3090143760755428,0.9543427562735544,0.9207356608331017,0.05840589123860419
00002413,0.12593219367839328,0.11272520773590033,0.3656386207608944,0.26400944829141615,0.1343613792391056,0.27411937405328024,0.21418141107153416,0.8609341748799779,0.5014867363790523,0.12096627760870982,0.395043768011382,0.2748988650151483,0.9479935794542536,0.8349180100354392,0.05200642054574639,0.5343681580958515,0.32756220127575186,0.9940609951845907,0.9189998436743926,0.04406099518459072
00002508,0.1565119372382826,0.12416857842676474,0.45886183013893916,0.29081053425408243,0.12826924616453042,0.34122372775159165,0.23592417235103638,0.8192868836772608,0.5377709419101999,0.13355759058386746,0.4853709529096812,0.30280539699720815,0.9064937006341183,0.81281329786708,0.08804411876840199,0.6155058419146696,0.36079338798437083,0.9480731556590596,0.8955374724705979,0.06502702217140867
