figure,category,source
ddim_trends_vs_observed_fraction.png,observed_fraction_and_uncertainty,outputs/ddim_50step_k10_validation/per-image-probabilistic-metrics.csv
ddim_vs_repaint.png,sampler_quality_uncertainty_cost,outputs/ddim50_k5_balanced90; outputs/repaint_u2_k5_balanced90
factorial_geometry-by-r.png,mask_geometry_by_observed_fraction,outputs/residual_factorial_nested12_k3_s25/factorial-per-condition.csv
factorial_marginal-performance-vs-r.png,reconstructibility,outputs/residual_factorial_nested12_k3_s25/factorial-per-condition.csv
factorial_nominal-vs-effective-roi-fraction.png,mask_semantics,outputs/residual_factorial_nested12_k3_s25/factorial-per-condition.csv
metrics-by-mask-family.png,mask_geometry,outputs/residual_factorial_nested12_k3_s25/factorial-per-condition.csv
metrics-vs-effective-roi-fraction.png,effective_information,outputs/residual_factorial_nested12_k3_s25/factorial-per-condition.csv
monte_carlo_k_scaling.png,sample_count_calibration_cost,"outputs/residual_uncertainty_k{5,10,20,50}_paired30"
nist302_k_sensitivity.png,sample_count_ablation,outputs/nist302_TEST_FINAL_ddim/metrics.json; outputs/nist302_TEST_FINAL_residual_ddpm/metrics.json
nist302_mae_distributions.png,metric_distributions,outputs/nist302_TEST_FINAL_zeroshot_deterministic/per-image-metrics.csv; outputs/nist302_TEST_FINAL_repaint/per-image-probabilistic-metrics.csv; outputs/nist302_TEST_FINAL_residual_ddpm/per-image-probabilistic-metrics.csv; outputs/nist302_TEST_FINAL_cvae_spatial/per-image-probabilistic-metrics.csv; outputs/nist302_TEST_FINAL_ddim/per-image-probabilistic-metrics.csv
nist302_model_mae.svg,model_comparison,results/tables/nist302_heldout_evaluation_217.csv
nist302_registered_distance_strata.png,registration_distance,outputs/nist302_registered_baseline_validation/per-image-metrics.csv
nist302_target_regression_and_boundary_recovery.png,evaluation_target_ablation,outputs/nist302_TEST_FINAL_zeroshot_deterministic/metrics.json; outputs/nist302_TEST_FINAL_finetuned_support_spectrum/metrics.json; outputs/nist302_TEST_FINAL_boundary_continuity/metrics.json
rq6_central_vs_peripheral_geometry-by-r.png,mask_geometry_by_observed_fraction,outputs/rq6_central_vs_peripheral_roi_nested12_k3_s25/factorial-per-condition.csv
rq6_central_vs_peripheral_marginal-performance-vs-r.png,reconstructibility,outputs/rq6_central_vs_peripheral_roi_nested12_k3_s25/factorial-per-condition.csv
rq6_central_vs_peripheral_nominal-vs-effective-roi-fraction.png,mask_semantics,outputs/rq6_central_vs_peripheral_roi_nested12_k3_s25/factorial-per-condition.csv
selective_reconstruction.png,selective_prediction,outputs/multisignal_reliability.json
socofing_baselines.png,model_comparison,"outputs/{classical_nearest_validation,unet_full_mps,gated_full_mps}/metrics.json"
socofing_gated/performance-by-mask-family.png,mask_geometry,outputs/gated_full_mps/metrics.json
socofing_gated/performance-vs-observed-fraction.png,observed_fraction,outputs/gated_full_mps/metrics.json
socofing_gated/training-curve.png,training,outputs/gated_full_mps/metrics.json
socofing_gated_structural/performance-by-mask-family.png,mask_geometry,outputs/gated_ridge_hybrid_full/metrics.json
socofing_gated_structural/performance-vs-observed-fraction.png,observed_fraction,outputs/gated_ridge_hybrid_full/metrics.json
socofing_gated_structural/training-curve.png,training,outputs/gated_ridge_hybrid_full/metrics.json
socofing_generalist_baseline.png,qualitative_socofing,docs/poster_assets/generalist_baseline.png
socofing_mask_families.png,qualitative_socofing,docs/poster_assets/mask_families.png
socofing_reconstruction_grid.png,qualitative_socofing,docs/poster_assets/grid_socofing.png
socofing_repaint_samples.png,qualitative_socofing,docs/poster_assets/repaint_socofing.png
socofing_unet/performance-by-mask-family.png,mask_geometry,outputs/unet_full_mps/metrics.json
socofing_unet/performance-vs-observed-fraction.png,observed_fraction,outputs/unet_full_mps/metrics.json
socofing_unet/training-curve.png,training,outputs/unet_full_mps/metrics.json
uncertainty_vs_anchor_distance.png,uncertainty,"outputs/nist302_{ddpm,repaint,cvae}_distance_diag_full.json"
