file,source
compute_cost.csv,generated by scripts/build_complete_results.py or scripts/build_curated_results.py
nist302_heldout_evaluation_217.csv,generated by scripts/build_complete_results.py or scripts/build_curated_results.py
nist302_k_sensitivity.csv,generated by scripts/build_complete_results.py or scripts/build_curated_results.py
reports/DETERMINISTIC_BASELINES.md,outputs/DETERMINISTIC_BASELINES.md
reports/compute_cost_table.md,docs/compute_cost_table.md
reports/nist302_ablation_master_table.md,docs/nist302_ablation_master_table.md
reports/socofing_reconstructibility_segmented.md,docs/socofing_reconstructibility_segmented.md
residual_mask_family_summary.csv,generated by scripts/build_complete_results.py or scripts/build_curated_results.py
residual_uncertainty_k_scaling.csv,generated by scripts/build_complete_results.py or scripts/build_curated_results.py
socofing_deterministic_baselines.csv,generated by scripts/build_complete_results.py or scripts/build_curated_results.py
