latent_sample_id,subject_id,split,assessment,determination,num_correspondences,affine_rmse_mm,minimum_hull_coverage,rejection_reasons,latent_relative_path,qualitative_only,loss_allowed,metric_reporting_allowed,sampling_stratum
nist302:00002304:5A:X:647:IN:D800:1:5:1,00002304,validation,VALUE,,15,0.38480632296979084,0.03936438253091849,determination_not_INDIV;affine_rmse_above_0.30mm,latent/png/original/masked/full_resolution/00002304/00002304_5A_X_647_IN_D800_1109PPI_16BPC_1CH_LP05_1.png,True,False,False,determination_not_INDIV
nist302:00002326:4D:X:287:IN:D800:1:1:1,00002326,validation,VALUE,INC_I,6,0.34712686886387395,0.004985003720007435,determination_not_INDIV;affine_rmse_above_0.30mm;hull_coverage_below_0.01,latent/png/original/masked/full_resolution/00002326/00002326_4D_X_287_IN_D800_1109PPI_16BPC_1CH_LP01_1.png,True,False,False,determination_not_INDIV
nist302:00002342:1H:R:L01:BP:S03:1:3:1,00002342,validation,VALUE,INC_I,6,0.09970395777784483,0.007113061101122206,determination_not_INDIV;hull_coverage_below_0.01,latent/png/original/masked/full_resolution/00002342/00002342_1H_R_L01_BP_S03_1200PPI_8BPC_1CH_LP03_1.png,True,False,False,determination_not_INDIV
nist302:00002360:1D:R:L01:BP:S06:1:5:1,00002360,validation,VALUE,,17,0.3919220682191136,0.030383966319329846,determination_not_INDIV;affine_rmse_above_0.30mm,latent/png/original/masked/full_resolution/00002360/00002360_1D_R_L01_BP_S06_1200PPI_8BPC_1CH_LP05_1.png,True,False,False,determination_not_INDIV
nist302:00002372:6A:X:175:BT:D800:1:1:1,00002372,validation,VALUE,INC_I,4,0.19822920375043945,0.0019621424659515994,determination_not_INDIV;fewer_than_6_correspondences;hull_coverage_below_0.01,latent/png/original/masked/full_resolution/00002372/00002372_6A_X_175_BT_D800_1430PPI_16BPC_1CH_LP01_1.png,True,False,False,fewer_than_6_correspondences
nist302:00002402:1D:L:L01:BP:S10:1:7:1,00002402,validation,VALUE,INDIV,5,0.1032430610925156,0.004261733523467047,fewer_than_6_correspondences;hull_coverage_below_0.01,latent/png/original/masked/full_resolution/00002402/00002402_1D_L_L01_BP_S10_1200PPI_8BPC_1CH_LP07_1.png,True,False,False,fewer_than_6_correspondences
nist302:00002406:1D:L:L01:BP:S21:1:2:1,00002406,validation,VALUE,INC_I,4,0.05115488034793951,0.004519647580961823,determination_not_INDIV;fewer_than_6_correspondences;hull_coverage_below_0.01,latent/png/original/masked/full_resolution/00002406/00002406_1D_L_L01_BP_S21_1200PPI_8BPC_1CH_LP02_1.png,True,False,False,fewer_than_6_correspondences
nist302:00002412:4A:X:350:IN:D800:1:2:1,00002412,validation,VALUE,INC_I,4,0.15162134101791466,0.0048869337322007995,determination_not_INDIV;fewer_than_6_correspondences;hull_coverage_below_0.01,latent/png/original/masked/full_resolution/00002412/00002412_4A_X_350_IN_D800_1102PPI_16BPC_1CH_LP02_1.png,True,False,False,fewer_than_6_correspondences
nist302:00002325:1H:L:L01:BP:S21:1:1:1,00002325,validation,VALUE,INDIV,10,0.5025449153118047,0.021491277357554715,affine_rmse_above_0.30mm,latent/png/original/masked/full_resolution/00002325/00002325_1H_L_L01_BP_S21_1200PPI_8BPC_1CH_LP01_1.png,True,False,False,affine_rmse_above_0.30mm
nist302:00002334:1H:L:L01:BP:S21:1:7:1,00002334,validation,VALUE,INDIV,22,0.32230805587791805,0.0228885405687478,affine_rmse_above_0.30mm,latent/png/original/masked/full_resolution/00002334/00002334_1H_L_L01_BP_S21_1200PPI_8BPC_1CH_LP07_1.png,True,False,False,affine_rmse_above_0.30mm
nist302:00002405:1E:L:L02:BP:S11:1:4:1,00002405,validation,VALUE,INDIV,13,0.34534661499749897,0.015123025037716738,affine_rmse_above_0.30mm,latent/png/original/masked/full_resolution/00002405/00002405_1E_L_L02_BP_S11_1200PPI_8BPC_1CH_LP04_1.png,True,False,False,affine_rmse_above_0.30mm
nist302:00002408:1E:L:L01:BP:S25:1:1:1,00002408,validation,VALUE,INDIV,9,0.6640355270738267,0.02003240152313638,affine_rmse_above_0.30mm,latent/png/original/masked/full_resolution/00002408/00002408_1E_L_L01_BP_S25_1200PPI_8BPC_1CH_LP01_1.png,True,False,False,affine_rmse_above_0.30mm
nist302:00002413:1H:L:L01:BP:S24:1:8:1,00002413,validation,VALUE,INDIV,7,0.11342861950925656,0.005162479074958153,hull_coverage_below_0.01,latent/png/original/masked/full_resolution/00002413/00002413_1H_L_L01_BP_S24_1200PPI_8BPC_1CH_LP08_1.png,True,False,False,hull_coverage_below_0.01
nist302:00002426:4A:X:475:IN:D800:1:3:1,00002426,validation,VALUE,INDIV,8,0.15815666022772448,0.006198932809152082,hull_coverage_below_0.01,latent/png/original/masked/full_resolution/00002426/00002426_4A_X_475_IN_D800_1102PPI_16BPC_1CH_LP03_1.png,True,False,False,hull_coverage_below_0.01
nist302:00002462:1A:R:L01:BP:S21:1:1:1,00002462,validation,VALUE,,8,0.1152442837787646,0.0051376144418955475,determination_not_INDIV;hull_coverage_below_0.01,latent/png/original/masked/full_resolution/00002462/00002462_1A_R_L01_BP_S21_1200PPI_8BPC_1CH_LP01_1.png,True,False,False,hull_coverage_below_0.01
nist302:00002494:1C:L:L01:BP:S05:1:2:1,00002494,validation,VALUE,INDIV,9,0.2683775479622653,0.006449821232975795,hull_coverage_below_0.01,latent/png/original/masked/full_resolution/00002494/00002494_1C_L_L01_BP_S05_1200PPI_8BPC_1CH_LP02_1.png,True,False,False,hull_coverage_below_0.01
