sample_id,mask_family,observed_fraction,missing_roi_orientation_valid_pixels,missing_roi_orientation_error,missing_mse,missing_mae,missing_psnr,missing_ssim_map_mean,missing_pixels,missing_max_absolute_error,observed_mse,observed_mae,observed_psnr,observed_ssim_map_mean,observed_pixels,observed_max_absolute_error,missing_roi_mse,missing_roi_mae,missing_roi_psnr,missing_roi_ssim_map_mean,missing_roi_pixels,missing_roi_max_absolute_error,observed_roi_mse,observed_roi_mae,observed_roi_psnr,observed_roi_ssim_map_mean,observed_roi_pixels,observed_roi_max_absolute_error
socofing:000023:left_thumb,random_rectangles,0.10000000149011612,10559.0,0.5095994381311973,0.03231696895526399,0.12414646137161688,14.905693789535482,0.29899339926324264,14746.0,0.7661875039339066,0.0,0.0,inf,0.9579148616801011,1638.0,0.0,0.03941906535758538,0.1537262679970447,14.042936772370762,0.11406553253695469,11110.0,0.7661875039339066,0.0,0.0,inf,0.9301769177085023,94.0,0.0
socofing:000023:left_index,random_rectangles,0.20000000298023224,9434.0,0.22032250241836918,0.02010853729282045,0.09034287685843458,16.96619519097949,0.34539046887868063,13107.0,0.7650750428438187,0.0,0.0,inf,0.9860776560685506,3277.0,0.0,0.02639102484320417,0.11642409082101082,15.785437444860397,0.1547014478228214,9772.0,0.7650750428438187,0.0,0.0,inf,0.93553649946455,299.0,0.0
socofing:000023:left_middle,random_rectangles,0.30000001192092896,8788.0,0.21874296086078415,0.01857866175128011,0.08634480182040859,17.30985572095127,0.29079297893822,11469.0,0.7385061383247375,0.0,0.0,inf,0.9890310201628244,4915.0,0.0,0.021374657670069918,0.09899017618492771,16.701008320706745,0.17428912133964458,9663.0,0.7385061383247375,0.0,0.0,inf,0.9249770058437731,528.0,0.0
socofing:000023:left_ring,random_rectangles,0.4000000059604645,5810.0,0.07001154935847358,0.017332128359105768,0.07421863796388388,17.611481033068923,0.5076737412977983,9830.0,0.7658281773328781,0.0,0.0,inf,0.9940408669309538,6554.0,0.0,0.02744687608842009,0.1165501286541175,15.61507078345604,0.23231013042421558,5967.0,0.7658281773328781,0.0,0.0,inf,0.9816177475866907,1950.0,0.0
socofing:000023:left_little,random_rectangles,0.5,5183.0,0.044496904024754036,0.011994712533351416,0.061092663709132466,19.210101559225137,0.5594330763579125,8192.0,0.7021512985229492,0.0,0.0,inf,0.9895407422244289,8192.0,0.0,0.017749935696038475,0.09049345492689581,17.508032159557175,0.3422536190251529,5418.0,0.6788326501846313,0.0,0.0,inf,0.9721293379143586,3011.0,0.0
socofing:000023:right_thumb,random_rectangles,0.6000000238418579,6212.0,0.08878741404885304,0.024368796990728695,0.10458631984855972,16.13165910010355,0.20284189064018762,6554.0,0.9049030616879463,0.0,0.0,inf,0.9912206190001168,9830.0,0.0,0.02425626366725707,0.10428818938229405,16.151760952114458,0.1960658230741298,6492.0,0.9049030616879463,0.0,0.0,inf,0.98686471439129,5741.0,0.0
socofing:000023:right_index,random_rectangles,0.699999988079071,4535.0,0.26069498619264425,0.0229157876524598,0.10924051947899292,16.39865210763158,0.18948919683151252,4915.0,0.6542393118143082,0.0,0.0,inf,0.9938283961619108,11469.0,0.0,0.0229157876524598,0.10924051947899292,16.39865210763158,0.18948919683151252,4915.0,0.6542393118143082,0.0,0.0,inf,0.9893062208159775,6619.0,0.0
socofing:000023:right_middle,random_rectangles,0.800000011920929,2754.0,0.03961839466026193,0.012579335616470807,0.07476194076487885,19.00342295752443,0.37894115886577284,3277.0,0.6208848059177399,0.0,0.0,inf,0.9914426565269109,13107.0,0.0,0.013692768318785305,0.08114951461573415,18.63508740030281,0.3249027322126412,3004.0,0.6208848059177399,0.0,0.0,inf,0.9855286100300008,7570.0,0.0
socofing:000023:right_ring,irregular,0.10000000149011612,8344.0,0.46274460693238684,0.0163706503768082,0.07458017850450077,17.85934066498372,0.417938134293333,14746.0,0.7537332773208618,0.0,0.0,inf,0.9371200872039072,1638.0,0.0,0.020026806417829578,0.09297826466658297,16.983883001170028,0.22580579342476903,10663.0,0.7537332773208618,0.0,0.0,inf,0.8304351412308619,580.0,0.0
socofing:000023:right_little,irregular,0.20000000298023224,7465.0,0.18051645566666635,0.014427880908924136,0.06694137907115966,18.40797451106277,0.5305389631646692,13107.0,0.7126634567975998,0.0,0.0,inf,0.9498456893580277,3277.0,0.0,0.021553472314179187,0.10037647899545787,16.664827540225428,0.2633307742760724,8096.0,0.7126634567975998,0.0,0.0,inf,0.9228027091442064,2100.0,0.0
socofing:000030:left_thumb,irregular,0.30000001192092896,7789.0,0.21427776216666566,0.03396795912260892,0.12158098765469848,14.689305458122044,0.49382594818784104,11469.0,0.8214315921068192,0.0,0.0,inf,0.9786472280286123,4915.0,0.0,0.047866639164116695,0.17035034229598378,13.19967064344212,0.2977578443598994,7905.0,0.8214315921068192,0.0,0.0,inf,0.9704528170307469,3012.0,0.0
socofing:000030:left_index,irregular,0.4000000059604645,6153.0,0.0729456806528955,0.026914785837814356,0.10043090877491727,15.700090715356607,0.5708196464956203,9830.0,0.7573869973421097,0.0,0.0,inf,0.9840737803848305,6554.0,0.0,0.041712594218852046,0.1548046472678139,13.797327993678651,0.3481600824660384,6280.0,0.7573869973421097,0.0,0.0,inf,0.9743287153104755,3528.0,0.0
socofing:000030:left_middle,irregular,0.5,6092.0,0.06629172289135356,0.028458151363848425,0.10903166762477667,15.457933150231922,0.5238826551480317,8192.0,0.7957654148340225,0.0,0.0,inf,0.9869819417832365,8192.0,0.0,0.036751409830379285,0.13994597189612842,14.347259961767918,0.3925806297014759,6198.0,0.7957654148340225,0.0,0.0,inf,0.9776957200456841,4123.0,0.0
socofing:000030:left_ring,irregular,0.6000000238418579,3905.0,0.05970786747506224,0.018237712987597268,0.08110672220085265,17.390296231972947,0.6663835762725723,6554.0,0.6589345633983612,0.0,0.0,inf,0.9902146553377599,9830.0,0.0,0.027981732451061607,0.12425674931812102,15.531254002571998,0.4958047020135842,3993.0,0.6589345633983612,0.0,0.0,inf,0.9833890701317233,5078.0,0.0
socofing:000030:left_little,irregular,0.699999988079071,2450.0,0.17811743461823984,0.01946711246432459,0.07780312503766675,17.106984621322944,0.6856748981777194,4915.0,0.6574940234422684,0.0,0.0,inf,0.9934490733824403,11469.0,0.0,0.03713811306173351,0.1476418090319773,14.301801659622857,0.40935386423165715,2565.0,0.6574940234422684,0.0,0.0,inf,0.9884470468226954,5534.0,0.0
socofing:000030:right_thumb,irregular,0.800000011920929,1923.0,0.031111898118126327,0.014767755444345401,0.06577050961069632,18.30685508223006,0.7247278962962215,3277.0,0.6864592730998993,0.0,0.0,inf,0.9929436846795247,13107.0,0.0,0.023091415885289863,0.09987126171782283,16.365494368396057,0.5718792224499126,2001.0,0.6864592730998993,0.0,0.0,inf,0.9913857859441942,10324.0,0.0
socofing:000030:right_index,central_missing,0.10000000149011612,8428.0,0.2770724447039874,0.045760198971366815,0.13884785272937725,13.395120958413695,0.3076521380384691,14746.0,0.9784120116382837,0.0,0.0,inf,0.9926321612588918,1638.0,0.0,0.06042234485210814,0.17539636119366905,12.188024247666252,0.10667180564616317,9506.0,0.9784120116382837,0.0,0.0,inf,0.9665041679585165,128.0,0.0
socofing:000030:right_middle,central_missing,0.20000000298023224,10567.0,0.4661535859770377,0.04290476860025275,0.14822898822109468,13.674944359811555,0.26725744046294003,13107.0,0.8115002661943436,0.0,0.0,inf,0.9845275946321819,3277.0,0.0,0.05099867515783806,0.17575266200912382,12.924411058454705,0.1334624022013611,10900.0,0.8115002661943436,0.0,0.0,inf,0.977039009196414,745.0,0.0
socofing:000030:right_ring,central_missing,0.30000001192092896,8206.0,0.22938860488531929,0.028667422230946447,0.11535774011219148,15.426113569735424,0.35378757862024307,11469.0,0.6633563339710236,0.0,0.0,inf,0.9917979784583827,4915.0,0.0,0.037063814830003,0.14880014261253927,14.310498825250823,0.17293078935534273,8870.0,0.6633563339710236,0.0,0.0,inf,0.9716928672344249,1200.0,0.0
socofing:000030:right_little,central_missing,0.4000000059604645,5415.0,0.27575972855352027,0.026282075284745673,0.11144743398938514,15.803403450053743,0.3713908249383062,9830.0,0.7237792313098907,0.0,0.0,inf,0.9940698337437508,6554.0,0.0,0.03596729862708422,0.14876216608299953,14.440921792347792,0.18480490445246636,6788.0,0.7237792313098907,0.0,0.0,inf,0.9689228145208182,1163.0,0.0
socofing:000032:left_thumb,central_missing,0.5,8192.0,0.24652036204201422,0.06603033269489739,0.20688599893708215,11.802565145217178,0.19445145946364062,8192.0,0.7969622761011124,0.0,0.0,inf,0.9949595520111434,8192.0,0.0,0.06603033269489739,0.20688599893708215,11.802565145217178,0.19445145946364062,8192.0,0.7969622761011124,0.0,0.0,inf,0.9873709843017112,2999.0,0.0
socofing:000032:left_index,central_missing,0.6000000238418579,6096.0,0.14115643001415693,0.057996165476072586,0.1811141227961705,12.366007196721283,0.23784023983213204,6554.0,0.8127179890871048,0.0,0.0,inf,0.9942190145144375,9830.0,0.0,0.06069488127173827,0.1890641242440687,12.168479337876107,0.21162013263743826,6259.0,0.8127179890871048,0.0,0.0,inf,0.9914812798254552,3680.0,0.0
socofing:000032:left_middle,central_missing,0.699999988079071,4224.0,0.041281652314367895,0.05596577650222259,0.1747816840400834,12.520774662036597,0.3538551318184192,4915.0,0.7461405545473099,0.0,0.0,inf,0.9984014179272548,11469.0,0.0,0.06506420234953962,0.20236048265095716,11.866578900508351,0.27302066771893635,4224.0,0.7461405545473099,0.0,0.0,inf,0.9965090945855791,4209.0,0.0
socofing:000032:left_ring,central_missing,0.800000011920929,3111.0,0.08374740114588511,0.031864787864412235,0.13406635589640717,14.966889684322513,0.3104997548459688,3277.0,0.6746530532836914,0.0,0.0,inf,0.9982909208274563,13107.0,0.0,0.033565049119674645,0.14120410514707468,14.741127129245235,0.27767146174623797,3111.0,0.6746530532836914,0.0,0.0,inf,0.9957906873041866,4863.0,0.0
socofing:000032:left_little,peripheral_only,0.10000000149011612,6238.0,0.14335325335920412,0.03100159919745238,0.09193152084758864,15.086159027878086,0.6095196678606231,14746.0,0.9084737524390221,0.0,0.0,inf,0.9777856373535934,1638.0,0.0,0.06409472753388513,0.19298418496485445,11.931776943051657,0.19003179093513808,6338.0,0.9084737524390221,0.0,0.0,inf,0.9456296065606593,631.0,0.0
socofing:000032:right_thumb,peripheral_only,0.20000000298023224,9406.0,0.0509287409027948,0.05092635379088094,0.14905308136679393,12.930574171909416,0.43998298298676897,13107.0,0.8846091777086258,0.0,0.0,inf,0.9783284084174251,3277.0,0.0,0.06608591911137777,0.19159628639528983,11.798910655320496,0.26756115922531915,9434.0,0.8846091777086258,0.0,0.0,inf,0.9776542693307009,3025.0,0.0
socofing:000032:right_index,peripheral_only,0.30000001192092896,6794.0,0.06305302223505178,0.04470324647732825,0.12356903254792138,13.496609360181402,0.5484128351322348,11469.0,0.8659416884183884,0.0,0.0,inf,0.9878667535680901,4915.0,0.0,0.07201878886172326,0.19614785465722953,11.425541864234,0.2945501973411994,6948.0,0.8659416884183884,0.0,0.0,inf,0.9827028550193808,3380.0,0.0
socofing:000032:right_middle,peripheral_only,0.4000000059604645,5912.0,0.10452013277872665,0.0434007613216111,0.11937956646030783,13.625026521724045,0.5357993959177654,9830.0,0.9334239512681961,0.0,0.0,inf,0.9916735865729998,6554.0,0.0,0.06935404336793506,0.18775748394161507,11.58928214313935,0.2778263776430082,6001.0,0.9334239512681961,0.0,0.0,inf,0.9873357407427144,4197.0,0.0
socofing:000032:right_ring,peripheral_only,0.5,4688.0,0.03936169238502092,0.018359442393549072,0.07317622796819023,17.36140513171931,0.5786436884232224,8192.0,0.8195805540308356,0.0,0.0,inf,0.9890990624224985,8192.0,0.0,0.030800013781446128,0.12102478871032031,15.11449089174729,0.3035247677732224,4803.0,0.8195805540308356,0.0,0.0,inf,0.9811538463168746,4664.0,0.0
socofing:000032:right_little,peripheral_only,0.6000000238418579,3129.0,0.027361936093992432,0.01578240800177011,0.05972567983940967,18.018267335665858,0.6469988086989191,6554.0,0.8868924751877785,0.0,0.0,inf,0.9916446867581331,9830.0,0.0,0.03171004236700397,0.11894542762558215,14.98803177722399,0.2938458823618303,3261.0,0.8868924751877785,0.0,0.0,inf,0.9830073888570705,4436.0,0.0
socofing:000039:left_thumb,peripheral_only,0.699999988079071,2800.0,0.022753179783271092,0.041484848990838465,0.11558122177326925,13.821104864468152,0.6459068850689135,4915.0,0.8754076212644577,0.0,0.0,inf,0.9978680554482141,11469.0,0.0,0.07081991252048472,0.19460665537149976,11.498446140350417,0.41036964431010153,2823.0,0.8754076212644577,0.0,0.0,inf,0.9973594917047488,8856.0,0.0
socofing:000039:left_index,peripheral_only,0.800000011920929,2072.0,0.07650775513072744,0.03710005297122864,0.1221240127031732,14.306254703015073,0.6148228473242106,3277.0,0.8407647982239723,0.0,0.0,inf,0.9982965096618873,13107.0,0.0,0.05684755550031935,0.18460497425450056,12.452882056560636,0.41242677045613896,2098.0,0.8407647982239723,0.0,0.0,inf,0.9973258109621493,8254.0,0.0
socofing:000039:left_middle,central_only,0.10000000149011612,9846.0,0.31645172668341814,0.06249820806968536,0.16636661949125425,12.04132434441589,0.34037295625852204,14746.0,0.905550055205822,0.0,0.0,inf,0.9908318583090395,1638.0,0.0,0.08387228985536324,0.22117704104467106,10.763814998468176,0.13877104762909356,10076.0,0.905550055205822,0.0,0.0,inf,0.9908318583090395,1638.0,0.0
socofing:000039:left_ring,central_only,0.20000000298023224,7839.0,0.3738696198350845,0.04343720646212822,0.13018641662601663,13.621381129103277,0.4750412759795345,13107.0,0.8850096389651299,0.0,0.0,inf,0.9942214635788268,3277.0,0.0,0.06670192797680172,0.19909682911782275,11.758616128962673,0.230848978892411,7875.0,0.8850096389651299,0.0,0.0,inf,0.9942214635788268,3277.0,0.0
socofing:000039:left_little,central_only,0.30000001192092896,3463.0,0.346058365095605,0.021143187134161783,0.0642681079144005,16.748295463355827,0.7636160794861921,11469.0,0.8905334994196892,0.0,0.0,inf,0.9973560091793452,4915.0,0.0,0.06104589170036871,0.184431718847735,12.143435581219808,0.3669092258598763,3477.0,0.8905334994196892,0.0,0.0,inf,0.9972296736563396,4688.0,0.0
socofing:000039:right_thumb,central_only,0.4000000059604645,5891.0,0.10059679555367035,0.0648087058267811,0.16113236650529897,11.88366650941532,0.5223440974397342,9830.0,0.9801470637321472,0.0,0.0,inf,0.9951971521728604,6554.0,0.0,0.09527721850065364,0.22962042636232646,10.210109300249666,0.34170878617283484,6045.0,0.9801470637321472,0.0,0.0,inf,0.9951971521728604,6554.0,0.0
socofing:000039:right_index,central_only,0.5,3869.0,0.09784679903016086,0.031878860771068884,0.09300422887690729,14.964972070274541,0.6956334684941229,8192.0,0.9704787507653236,0.0,0.0,inf,0.9955372195214314,8192.0,0.0,0.05771441806942049,0.16481012495892855,12.387156789450593,0.48213934135151815,3905.0,0.9704787507653236,0.0,0.0,inf,0.9955372195214314,8192.0,0.0
socofing:000039:right_middle,central_only,0.6000000238418579,2536.0,0.1486061336156904,0.015317632408582213,0.05958559734098732,18.1480835685414,0.7557170632249215,6554.0,0.7518525570631027,0.0,0.0,inf,0.9936120493336486,9830.0,0.0,0.028137503171800103,0.11037789413873593,15.507144430355744,0.48773451856440153,2544.0,0.6949213892221451,0.0,0.0,inf,0.9936714579457926,9813.0,0.0
socofing:000039:right_ring,central_only,0.699999988079071,784.0,0.26013063486360705,0.007757693682671834,0.028568618608939927,21.102673727833615,0.8980043200102881,4915.0,0.7636096403002739,0.0,0.0,inf,0.9990703727362722,11469.0,0.0,0.03538086804627059,0.12860217467611432,14.512315161668061,0.5442713187903211,789.0,0.7636096403002739,0.0,0.0,inf,0.9989054129930612,9632.0,0.0
socofing:000039:right_little,central_only,0.800000011920929,400.0,0.07634850882681266,0.008521710888317786,0.030709612397275248,20.694732039701247,0.910791518481452,3277.0,0.7195312827825546,0.0,0.0,inf,0.9996725460607434,13107.0,0.0,0.041531927371951195,0.13964799295756078,13.816179141205513,0.645125807641642,420.0,0.7195312827825546,0.0,0.0,inf,0.9996163943175684,9758.0,0.0
socofing:000052:left_thumb,disconnected_fragments,0.10000000149011612,10258.0,0.405686630212519,0.040042287180368584,0.13527426595078237,13.974811239638438,0.30567966212554243,14746.0,0.7698434442281723,0.0,0.0,inf,0.972826481693333,1638.0,0.0,0.04988273461028012,0.17088956505221337,13.020497461798437,0.14424106375039045,10542.0,0.7698434442281723,0.0,0.0,inf,0.9707109184278712,1494.0,0.0
socofing:000052:left_index,disconnected_fragments,0.20000000298023224,9044.0,0.36863161506344494,0.04577447436061065,0.14080680630282005,13.39376634106484,0.3396364812193163,13107.0,0.7534332126379013,0.0,0.0,inf,0.9829741979059478,3277.0,0.0,0.062079451101191445,0.18916776826179232,12.070521317108467,0.14770760877830996,9174.0,0.7534332126379013,0.0,0.0,inf,0.9814950288969524,2876.0,0.0
socofing:000052:left_middle,disconnected_fragments,0.30000001192092896,7383.0,0.3574804355712517,0.019800079991282266,0.09290198752768153,17.03333055208049,0.4607877035570826,11469.0,0.6437022387981415,0.0,0.0,inf,0.984194209966217,4915.0,0.0,0.02668540866592452,0.12451491068725436,15.737261419330203,0.2800408030913497,7538.0,0.6437022387981415,0.0,0.0,inf,0.9840210098698946,4841.0,0.0
socofing:000052:left_ring,disconnected_fragments,0.4000000059604645,6846.0,0.12053757729962102,0.036066264134809664,0.12360460151324194,14.428988410380168,0.417896626989644,9830.0,0.71446892619133,0.0,0.0,inf,0.9909126978752462,6554.0,0.0,0.04527712970368746,0.15685254472343926,13.441211125918944,0.24494384613619694,7024.0,0.71446892619133,0.0,0.0,inf,0.9892354106179143,5322.0,0.0
socofing:000052:left_little,disconnected_fragments,0.5,5903.0,0.12092611850088157,0.023469574268315772,0.10493373230201541,16.29494788313558,0.41563527422784985,8192.0,0.6288118064403534,0.0,0.0,inf,0.9935906739948359,8192.0,0.0,0.030492982256577133,0.1357507911946923,15.158000989459374,0.23683128933241454,5966.0,0.6288118064403534,0.0,0.0,inf,0.9913931951243596,5955.0,0.0
socofing:000052:right_thumb,disconnected_fragments,0.6000000238418579,4311.0,0.1890759929559898,0.04416565286199684,0.13624638738128425,13.54915345386318,0.41758895298925897,6554.0,0.9112948169931769,0.0,0.0,inf,0.9937048102075761,9830.0,0.0,0.056636462646052474,0.17286237047175138,12.46903879281458,0.2262081126074031,4347.0,0.866853877902031,0.0,0.0,inf,0.9932301077966683,8587.0,0.0
socofing:000052:right_index,disconnected_fragments,0.699999988079071,1951.0,0.1648712270651035,0.02043521790113645,0.06900122053458167,16.896207270369672,0.7163501182401016,4915.0,0.782689705491066,0.0,0.0,inf,0.9965290706991226,11469.0,0.0,0.03343948057051117,0.11823274865483778,14.757404772591212,0.4631893798555824,1963.0,0.782689705491066,0.0,0.0,inf,0.9961924867132352,10063.0,0.0
socofing:000052:right_middle,disconnected_fragments,0.800000011920929,1144.0,0.129250899349517,0.018787065731863277,0.0710959260022,17.261410451241414,0.7221676250836139,3277.0,0.768487811088562,0.0,0.0,inf,0.9961891177058066,13107.0,0.0,0.0326445420973371,0.11895064307593625,14.861894188345055,0.4961883326266758,1168.0,0.768487811088562,0.0,0.0,inf,0.996190632253804,11344.0,0.0
socofing:000052:right_ring,stripes,0.10000000149011612,9794.0,0.7376867632979719,0.03538007651634641,0.12908314506422386,14.512412321783847,0.32280796244001786,14746.0,0.7865411341190338,0.0,0.0,inf,0.9857094679464665,1638.0,0.0,0.04431631674304556,0.1618697703146122,13.534363422472111,0.13810675293198654,10886.0,0.7865411341190338,0.0,0.0,inf,0.9819663935538383,1262.0,0.0
socofing:000052:right_little,stripes,0.20000000298023224,8647.0,0.32313594743149926,0.01821477988592647,0.08019388242197444,17.395760725639878,0.4020166312628016,13107.0,0.7959762215614319,0.0,0.0,inf,0.9738449951021485,3277.0,0.0,0.022923938284742994,0.10216855020703684,16.397107694095265,0.2142246252925459,9379.0,0.7959762215614319,0.0,0.0,inf,0.9574564886735647,1694.0,0.0
socofing:000054:left_thumb,stripes,0.30000001192092896,8794.0,0.5582812083141812,0.09530033072025537,0.20211001660463926,10.20905592229116,0.2719025455244821,11469.0,0.9998036026954651,0.0,0.0,inf,0.9914348667361198,4915.0,0.0,0.11064747510864135,0.2379586594316877,9.560584918939355,0.13334502960267877,8917.0,0.9998036026954651,0.0,0.0,inf,0.9879085455722151,3391.0,0.0
socofing:000054:left_index,stripes,0.4000000059604645,6574.0,0.13344085015306578,0.029835953574099457,0.10845972800803573,15.252600772986343,0.3948505780985231,9830.0,0.8163903951644897,0.0,0.0,inf,0.9909011404640313,6554.0,0.0,0.04198012774104044,0.15036098960810895,13.769562442399314,0.18371713575786894,6876.0,0.8163903951644897,0.0,0.0,inf,0.9873199749084339,4255.0,0.0
socofing:000054:left_middle,stripes,0.5,5756.0,0.3635590355136204,0.035030327569056906,0.12825170365226768,14.555558015698693,0.38394668872531634,8192.0,0.7571579366922379,0.0,0.0,inf,0.992852813803623,8192.0,0.0,0.04476227619533662,0.1612517824778682,13.490878373818461,0.2253251436406897,6092.0,0.7571579366922379,0.0,0.0,inf,0.9897276762995517,5239.0,0.0
socofing:000054:left_ring,stripes,0.6000000238418579,5201.0,0.11573422039010456,0.03650718665624602,0.1362325083612168,14.376216336825713,0.3651993497498921,6554.0,0.7236143797636032,0.0,0.0,inf,0.9944441806032999,9830.0,0.0,0.04335852703921954,0.16159069930075215,13.629254799199623,0.25961573222949674,5426.0,0.7236143797636032,0.0,0.0,inf,0.9926195416534799,6382.0,0.0
socofing:000054:left_little,stripes,0.699999988079071,3070.0,0.06343239822546322,0.016222285346894606,0.07059340790853981,17.898879637111072,0.5153337488985963,4915.0,0.7064109295606613,0.0,0.0,inf,0.9939614225548709,11469.0,0.0,0.025840645984237867,0.11084057730024423,15.876966337155292,0.2608520752983289,3075.0,0.7064109295606613,0.0,0.0,inf,0.9929907221372722,8366.0,0.0
socofing:000054:right_thumb,stripes,0.800000011920929,2258.0,0.1850795411459714,0.020282119438161935,0.087126992728992,16.928866641215556,0.492272032902835,3277.0,0.6916084438562393,0.0,0.0,inf,0.9982113757431091,13107.0,0.0,0.02437133688775638,0.10431028699500121,16.13120646972405,0.3520752200092896,2508.0,0.6916084438562393,0.0,0.0,inf,0.9978597639283975,10397.0,0.0
socofing:000054:right_index,severe_partial,0.10000000149011612,9839.0,0.23338371376470524,0.052518906335280204,0.14684573072610366,12.796843263277655,0.403102022636844,14746.0,0.9924551041331142,0.0,0.0,inf,0.9769234254923366,1638.0,0.0,0.07344070486335516,0.20269006561844954,11.340631635497793,0.1855313827758604,10066.0,0.9924551041331142,0.0,0.0,inf,0.9769234254923366,1638.0,0.0
socofing:000054:right_middle,severe_partial,0.20000000298023224,8949.0,0.430547575700011,0.04773126824931726,0.14340313566452714,13.211970260074699,0.37840203308683223,13107.0,0.8891976401209831,0.0,0.0,inf,0.9818296621219622,3277.0,0.0,0.06362123930355354,0.18834559059829634,11.963978753504325,0.17194319528923208,9388.0,0.8891976401209831,0.0,0.0,inf,0.9812892131687473,3176.0,0.0
socofing:000054:right_ring,severe_partial,0.30000001192092896,6706.0,0.17907849368358814,0.030852884836366442,0.10993138748227677,15.10704221908216,0.5077731025031001,11469.0,0.8275502920150757,0.0,0.0,inf,0.9909096425234217,4915.0,0.0,0.0482621921898748,0.16983745633306707,13.163929552340461,0.23660439164021388,6931.0,0.8275502920150757,0.0,0.0,inf,0.9897625915622112,4268.0,0.0
socofing:000054:right_little,random_rectangles,0.10000000149011612,9929.0,0.3166534897662829,0.056226333045711334,0.15475411120766228,12.500602392710114,0.336153899775181,14746.0,0.8808808326721191,0.0,0.0,inf,0.9774315324437473,1638.0,0.0,0.07740584050607914,0.21020296129124447,11.112262692413195,0.11010376676694554,10576.0,0.8808808326721191,0.0,0.0,inf,0.9320045910084112,332.0,0.0
socofing:000057:left_thumb,random_rectangles,0.20000000298023224,11753.0,0.19330095177447956,0.06664058328868826,0.20333550035574938,11.762612103115021,0.18793757591753651,13107.0,0.7978364080190659,0.0,0.0,inf,0.9840500407093462,3277.0,0.0,0.07240789910261666,0.2195310797832564,11.402140532842065,0.11721634572892231,11889.0,0.7978364080190659,0.0,0.0,inf,0.9658667641663248,718.0,0.0
socofing:000057:left_index,random_rectangles,0.30000001192092896,9294.0,0.23785906242999547,0.061018395680056965,0.17533220991750337,12.145392151868592,0.2729775663670342,11469.0,0.8807357545010746,0.0,0.0,inf,0.9876176103204842,4915.0,0.0,0.07370774013663486,0.21140332927176214,11.324869039709885,0.12920773754841672,9460.0,0.8807357545010746,0.0,0.0,inf,0.9698610200350058,1876.0,0.0
socofing:000057:left_middle,random_rectangles,0.4000000059604645,8635.0,0.12143308124069378,0.04332437000526561,0.14728841845581872,13.632677437952584,0.2631501767951296,9830.0,0.7645066231489182,0.0,0.0,inf,0.9897054544011624,6554.0,0.0,0.04510526202877884,0.15329201925214322,13.457727899012845,0.22496298379597082,9240.0,0.7645066231489182,0.0,0.0,inf,0.9809476107181571,3294.0,0.0
socofing:000057:left_ring,random_rectangles,0.5,7654.0,0.16931881738492105,0.04723011851633245,0.16943574424658436,13.257809646302741,0.20349302586086743,8192.0,0.8303080350160599,0.0,0.0,inf,0.9899668486949318,8192.0,0.0,0.04793810352512434,0.17176178331104075,13.193191510463178,0.1933398372821965,8065.0,0.8303080350160599,0.0,0.0,inf,0.9831519230719534,4384.0,0.0
socofing:000057:left_little,random_rectangles,0.6000000238418579,6080.0,0.10106417837430313,0.04726653425228641,0.16588763873161608,13.254462405210326,0.2518112885824817,6554.0,0.7616814151406288,0.0,0.0,inf,0.9879541984905527,9830.0,0.0,0.049734594793739706,0.1739962024930403,13.033414160666752,0.2197648353435447,6212.0,0.7616814151406288,0.0,0.0,inf,0.9807982781052252,5065.0,0.0
socofing:000057:right_thumb,random_rectangles,0.699999988079071,3961.0,0.17112302747386635,0.05370694571284283,0.16826156174469387,12.699695450323452,0.3487058959102697,4915.0,0.7643646523356438,0.0,0.0,inf,0.9957122026300751,11469.0,0.0,0.059554163135106274,0.18637876796727582,12.250878737545449,0.284159726387217,4432.0,0.7643646523356438,0.0,0.0,inf,0.9938123534542282,7587.0,0.0
socofing:000057:right_index,random_rectangles,0.800000011920929,3088.0,0.10622461058096024,0.06424436388997973,0.19042386607584413,11.921649666557634,0.2910807603706814,3277.0,0.8558199480175972,0.0,0.0,inf,0.9967993589351364,13107.0,0.0,0.06808822029354422,0.20181255010339186,11.669280173680574,0.2508440280758976,3092.0,0.8558199480175972,0.0,0.0,inf,0.9953350396259892,8512.0,0.0
socofing:000057:right_middle,irregular,0.10000000149011612,10273.0,0.17382029712169972,0.05838783287984642,0.15864390962503339,12.336776437038468,0.3302012158619134,14746.0,0.989364146720618,0.0,0.0,inf,0.9502150552805261,1638.0,0.0,0.07632947009771786,0.20867457125961378,11.173077526116677,0.11691136619944532,10544.0,0.9865710726007819,0.0,0.0,inf,0.9145504794157706,735.0,0.0
socofing:000057:right_ring,irregular,0.20000000298023224,9247.0,0.1307925109899458,0.04067235730730363,0.13843653668176123,13.907006558254196,0.38083187498994897,13107.0,0.8315754681825638,0.0,0.0,inf,0.9636697528038453,3277.0,0.0,0.05350090968626654,0.1802208421312391,12.716388335233123,0.19218188776829434,9777.0,0.8315754681825638,0.0,0.0,inf,0.9438583633760437,2034.0,0.0
socofing:000057:right_little,irregular,0.30000001192092896,7492.0,0.06056278663615586,0.03450519172924305,0.1169471201774021,14.621155550795756,0.5239859208616525,11469.0,0.8054206352680922,0.0,0.0,inf,0.9786133092707163,4915.0,0.0,0.049427202041170674,0.16545908029267467,13.06033973242897,0.3253615401777205,7827.0,0.8054206352680922,0.0,0.0,inf,0.9692704520863014,3150.0,0.0
socofing:000061:left_thumb,irregular,0.4000000059604645,5384.0,0.02603204056320054,0.031816323561431666,0.10441992490761748,14.973500053691405,0.6983422016374791,9830.0,0.8952568396925926,0.0,0.0,inf,0.9825877683037415,6554.0,0.0,0.05286994076481328,0.17153666572218382,12.76791176175731,0.5192571590121978,5602.0,0.8952568396925926,0.0,0.0,inf,0.9736541432745723,3798.0,0.0
socofing:000061:left_index,irregular,0.5,4660.0,0.0872768015785271,0.031701441390918586,0.09876092443550988,14.989209909718106,0.6647953461538297,8192.0,0.8584374263882637,0.0,0.0,inf,0.9919593447526256,8192.0,0.0,0.05448038825769793,0.16861902081137756,12.637598060590207,0.42964847656665256,4742.0,0.8584374263882637,0.0,0.0,inf,0.9893241036774023,5483.0,0.0
socofing:000061:left_middle,irregular,0.6000000238418579,3716.0,0.027478311470263934,0.026177972559378905,0.08966143215529145,15.82063991871211,0.7178085540614225,6554.0,0.8476823717355728,0.0,0.0,inf,0.9940362222321105,9830.0,0.0,0.04466734939000899,0.1507741772278786,13.500098182791625,0.5278907739796298,3763.0,0.8476823717355728,0.0,0.0,inf,0.9897720471260583,5475.0,0.0
socofing:000061:left_ring,irregular,0.699999988079071,2139.0,0.013739497325119013,0.0137516066658486,0.054819924593405726,18.616465581719694,0.7875978140017674,4915.0,0.8616131395101547,0.0,0.0,inf,0.9919681565471322,11469.0,0.0,0.02907162023699002,0.11574377438716796,15.365307631942995,0.5360114793576738,2144.0,0.8616131395101547,0.0,0.0,inf,0.9838998458127959,5472.0,0.0
socofing:000061:left_little,irregular,0.800000011920929,1148.0,0.023967510065413176,0.01567368147984169,0.052726191018932854,18.048289831998886,0.8443225332624188,3277.0,0.8846009522676468,0.0,0.0,inf,0.9974087126045915,13107.0,0.0,0.04113280564514776,0.13678992048451608,13.858116665022733,0.6118741211481893,1222.0,0.8846009522676468,0.0,0.0,inf,0.9957879712784617,7326.0,0.0
socofing:000061:right_thumb,central_missing,0.10000000149011612,10970.0,0.4911789047602718,0.07313387802947269,0.18531727021730346,11.358813968732214,0.29142441233869615,14746.0,0.9258044343441725,0.0,0.0,inf,0.9910535520459028,1638.0,0.0,0.09509854709724552,0.2384154397396038,10.218261181043218,0.08277860130140331,11148.0,0.9258044343441725,0.0,0.0,inf,0.9551045409451323,94.0,0.0
socofing:000061:right_index,central_missing,0.20000000298023224,10129.0,0.1818397317909495,0.05874265668875674,0.13397040176138011,12.31046416015869,0.3224538523639636,13107.0,0.989120602607727,0.0,0.0,inf,0.9950143231307873,3277.0,0.0,0.07320074935942504,0.166243079573978,11.354844730263423,0.1602190061820192,10509.0,0.989120602607727,0.0,0.0,inf,0.9786463932675353,650.0,0.0
socofing:000061:right_middle,central_missing,0.30000001192092896,8757.0,0.29190065722279146,0.0925653020065001,0.21611923512293219,10.335517775846233,0.31597739243783896,11469.0,0.9677579402923584,0.0,0.0,inf,0.9909142299090201,4915.0,0.0,0.11896243994333773,0.27708960392904985,9.24590136928429,0.12820886985229765,8917.0,0.9677579402923584,0.0,0.0,inf,0.968561472255127,1092.0,0.0
socofing:000061:right_ring,central_missing,0.4000000059604645,8123.0,0.08843623715216259,0.057019641727977695,0.16828403463767178,12.43975515824369,0.29499612852004187,9830.0,0.8727554008364677,0.0,0.0,inf,0.9973969613752276,6554.0,0.0,0.06898754599235243,0.20307870772161038,11.612293033928049,0.15671352374388303,8123.0,0.8727554008364677,0.0,0.0,inf,0.9906251605280457,1385.0,0.0
socofing:000061:right_little,central_missing,0.5,4682.0,0.24403014728634834,0.04168625156334716,0.12262842017397446,13.800071549706947,0.47577854300164557,8192.0,0.925732254050672,0.0,0.0,inf,0.9965773215715154,8192.0,0.0,0.0723631029335281,0.2096052066065553,11.404828188435083,0.14566798063529038,4685.0,0.925732254050672,0.0,0.0,inf,0.9883370716988122,2257.0,0.0
socofing:000064:left_thumb,central_missing,0.6000000238418579,6551.0,0.21493789859990778,0.07344173154828544,0.211994068740986,11.340570922507084,0.19352320923100344,6554.0,0.8731486573815346,0.0,0.0,inf,0.995792887656933,9830.0,0.0,0.07344173154828544,0.211994068740986,11.340570922507084,0.19352320923100344,6554.0,0.8731486573815346,0.0,0.0,inf,0.9927279911495781,5687.0,0.0
socofing:000064:left_index,central_missing,0.699999988079071,4915.0,0.46735677278772497,0.07603740528900907,0.21664224847443478,11.1897271147903,0.1772373196537157,4915.0,0.8339056670665741,0.0,0.0,inf,0.9944061676838624,11469.0,0.0,0.07603740528900907,0.21664224847443478,11.1897271147903,0.1772373196537157,4915.0,0.8339056670665741,0.0,0.0,inf,0.9872899452014529,4914.0,0.0
socofing:000064:left_middle,central_missing,0.800000011920929,3277.0,0.13494461655700551,0.06869062602162446,0.19155181150685632,11.631025256020472,0.27821603832017133,3277.0,0.873350664973259,0.0,0.0,inf,0.9980380932015986,13107.0,0.0,0.06869062602162446,0.19155181150685632,11.631025256020472,0.27821603832017133,3277.0,0.873350664973259,0.0,0.0,inf,0.9969185485432418,8345.0,0.0
socofing:000064:left_ring,peripheral_only,0.10000000149011612,8486.0,0.15405702146396513,0.0473271792622373,0.13254939129301163,13.248893790593865,0.4689597794855019,14746.0,0.9405191168189049,0.0,0.0,inf,0.9737088490421625,1638.0,0.0,0.07141652947471186,0.20301106510576608,11.462012584082002,0.17366495907894725,8568.0,0.9405191168189049,0.0,0.0,inf,0.9576756290539706,1010.0,0.0
socofing:000064:left_little,peripheral_only,0.20000000298023224,5699.0,0.1553087864363758,0.036261479963986244,0.10658944464637037,14.405544747282054,0.5815778654556182,13107.0,0.8781657889485359,0.0,0.0,inf,0.9894136449132236,3277.0,0.0,0.07895724111801249,0.22746019495506628,11.026080349604563,0.1514337481358869,5762.0,0.8781657889485359,0.0,0.0,inf,0.9768661759925716,986.0,0.0
socofing:000064:right_thumb,peripheral_only,0.30000001192092896,8397.0,0.09268555475262308,0.041656114807789114,0.13710534761128873,13.8032123837825,0.4333324907161092,11469.0,0.939868925139308,0.0,0.0,inf,0.991271835090568,4915.0,0.0,0.05240072272164961,0.17074085217414486,12.806627230952836,0.27584238896863134,8423.0,0.939868925139308,0.0,0.0,inf,0.9901742515986377,4258.0,0.0
socofing:000064:right_index,peripheral_only,0.4000000059604645,6323.0,0.1265166356287235,0.041643755083005635,0.1316232561886771,13.80450116378125,0.5375420179860253,9830.0,0.9464909425005317,0.0,0.0,inf,0.9914122050769946,6554.0,0.0,0.05932424428073124,0.18659507946412157,12.267677854628989,0.3562129106630973,6472.0,0.9464909425005317,0.0,0.0,inf,0.9899049251482387,5475.0,0.0
socofing:000064:right_middle,peripheral_only,0.5,5235.0,0.05306200190490763,0.039975105708330495,0.12245428668896352,13.98210379151861,0.5915203118628131,8192.0,0.8778374530375004,0.0,0.0,inf,0.9940382277707653,8192.0,0.0,0.060084889344129075,0.18198956541452507,12.212347343131803,0.38235832799791136,5242.0,0.8778374530375004,0.0,0.0,inf,0.9910971857531149,5329.0,0.0
socofing:000064:right_ring,peripheral_only,0.6000000238418579,4057.0,0.16737925757174626,0.036638910646683134,0.11729766031038578,14.360574473177088,0.5747939044856526,6554.0,0.7857779711484909,0.0,0.0,inf,0.9949445986370096,9830.0,0.0,0.05714811889275647,0.18166342790969808,12.429980604207758,0.3338905428379417,4087.0,0.7857779711484909,0.0,0.0,inf,0.9928275572787139,6822.0,0.0
socofing:000064:right_little,peripheral_only,0.699999988079071,3009.0,0.05891412454617391,0.0350830639455816,0.10435639009031723,14.549024849596023,0.6138922765172032,4915.0,0.8415850847959518,0.0,0.0,inf,0.9968968163297443,11469.0,0.0,0.05693482493155856,0.16730657421120085,12.446220104206667,0.3858216343524875,3009.0,0.8415850847959518,0.0,0.0,inf,0.9957588399379367,8052.0,0.0
socofing:000066:left_thumb,peripheral_only,0.800000011920929,1653.0,0.0075609576647037635,0.024885514344032827,0.0848061816566071,16.040533786504454,0.806369432292909,3277.0,0.7864350080490112,0.0,0.0,inf,0.9984528279426936,13107.0,0.0,0.048731369628714674,0.16338651476067892,13.1219138230157,0.6276075164312589,1653.0,0.7864350080490112,0.0,0.0,inf,0.9980405427873934,9893.0,0.0
socofing:000066:left_index,central_only,0.10000000149011612,9744.0,0.24163494473670122,0.0511513160328715,0.1480501259204977,12.911431881793558,0.39855254657722156,14746.0,0.9188181087374687,0.0,0.0,inf,0.9922101127094731,1638.0,0.0,0.07264168274805385,0.2094140383937075,11.38814103918007,0.16309274825000497,9859.0,0.9188181087374687,0.0,0.0,inf,0.9922101127094731,1638.0,0.0
socofing:000066:left_middle,central_only,0.20000000298023224,8340.0,0.3571594201556973,0.04649721949487754,0.1362566901564509,13.32573016876422,0.42637140480973884,13107.0,0.9523643217980862,0.0,0.0,inf,0.9951644856207387,3277.0,0.0,0.06503602653431285,0.18972367103892848,11.86846000423467,0.2069170223296023,8529.0,0.9523643217980862,0.0,0.0,inf,0.9951644856207387,3277.0,0.0
socofing:000066:left_ring,central_only,0.30000001192092896,6490.0,0.057930841588481816,0.03165437753296535,0.1072816963233096,14.995662222359009,0.5393644410943277,11469.0,0.7571441382169724,0.0,0.0,inf,0.9934237372970413,4915.0,0.0,0.049490079852924446,0.16612705413319548,13.054818454481595,0.33699035950093875,6519.0,0.7571441382169724,0.0,0.0,inf,0.9934237372970413,4915.0,0.0
socofing:000066:left_little,central_only,0.4000000059604645,2895.0,0.49938856491715866,0.020335570158504825,0.06385137853909015,16.917436465580835,0.7147805658730667,9830.0,0.7922201529145241,0.0,0.0,inf,0.9976451694140016,6554.0,0.0,0.056835210492880636,0.1742497041506869,12.453825272286243,0.2372186935550693,2978.0,0.7922201529145241,0.0,0.0,inf,0.9972164466599268,5176.0,0.0
socofing:000066:right_thumb,central_only,0.5,3815.0,0.15175597825518444,0.03587282044499283,0.10818635508587704,14.452344762500841,0.6285579134024672,8192.0,0.9577609291300178,0.0,0.0,inf,0.9958355513376203,8192.0,0.0,0.06478325368846592,0.18752672780128288,11.88537243675933,0.3919637651703701,3981.0,0.9577609291300178,0.0,0.0,inf,0.9958355513376203,8192.0,0.0
socofing:000066:right_index,central_only,0.6000000238418579,1494.0,0.20155148307925763,0.015108115753333453,0.05264268267280125,18.207896964125958,0.8110138935112858,6554.0,0.8415060341358185,0.0,0.0,inf,0.9974969849252803,9830.0,0.0,0.04369801031146089,0.15535358213463113,13.595383371811936,0.4498200941984587,1535.0,0.8415060341358185,0.0,0.0,inf,0.9973731423670295,9100.0,0.0
socofing:000066:right_middle,central_only,0.699999988079071,1153.0,0.26452460279571693,0.021995233987869723,0.06857157939294635,16.576714135870894,0.7993745550186299,4915.0,0.8588520959019661,0.0,0.0,inf,0.9984767370396224,11469.0,0.0,0.06765691354786377,0.20531990665875238,11.696878182492735,0.4304501838392675,1192.0,0.8588520959019661,0.0,0.0,inf,0.998348723798524,10467.0,0.0
socofing:000066:right_ring,central_only,0.800000011920929,269.0,0.007466988766907959,0.0007787134343912447,0.005402506316330217,31.086223327757196,0.9579056877335969,3277.0,0.5913119614124298,0.0,0.0,inf,0.9989040244068823,13107.0,0.0,0.005439563535161467,0.030341825534387964,22.644359462348227,0.8905340493473173,291.0,0.5913119614124298,0.0,0.0,inf,0.9994924525398253,11572.0,0.0
socofing:000066:right_little,disconnected_fragments,0.10000000149011612,8850.0,0.4744192039490272,0.0436230394424579,0.12954497450349275,13.60284078163545,0.45689321351966256,14746.0,0.8858810812234879,0.0,0.0,inf,0.9753512151089053,1638.0,0.0,0.06839884528793502,0.20158794075410286,11.649512299949574,0.17324692536965675,8983.0,0.8858810812234879,0.0,0.0,inf,0.9605862866357342,981.0,0.0
socofing:000068:left_thumb,disconnected_fragments,0.20000000298023224,9403.0,0.15982699932979413,0.05024803593419588,0.1501953240389389,12.988809090241116,0.3632265297464416,13107.0,0.9049130659550428,0.0,0.0,inf,0.9817666897129618,3277.0,0.0,0.06183321913397576,0.1875840376557208,12.08778142863422,0.21039546355543504,9562.0,0.9049130659550428,0.0,0.0,inf,0.9804940510256278,3056.0,0.0
socofing:000068:left_index,disconnected_fragments,0.30000001192092896,7501.0,0.177119052977429,0.0339539249199782,0.11306350230798742,14.691100160060333,0.47369548570752484,11469.0,0.8976850584149361,0.0,0.0,inf,0.9853023387512545,4915.0,0.0,0.04753598226253339,0.15572880468696337,13.229775275920206,0.2679999698256128,7730.0,0.8976850584149361,0.0,0.0,inf,0.9841746573711682,4552.0,0.0
socofing:000068:left_middle,disconnected_fragments,0.4000000059604645,6953.0,0.37459335945477007,0.04572477963239895,0.14871695926469786,13.398483789005066,0.3507271660946788,9830.0,0.9296792140230536,0.0,0.0,inf,0.9923469330280769,6554.0,0.0,0.05465284570452562,0.18081642730580716,12.623872199613626,0.20093391623393106,7141.0,0.8413429111242294,0.0,0.0,inf,0.9909292087816892,5521.0,0.0
socofing:000068:left_ring,disconnected_fragments,0.5,3030.0,0.058312249581676044,0.01743606923085711,0.06542101705832692,17.58551415261171,0.6783973891783397,8192.0,0.8660396300256252,0.0,0.0,inf,0.9923440100309967,8192.0,0.0,0.033913012653076245,0.12653808291463092,14.696336280782846,0.39498959454957294,3342.0,0.8660396300256252,0.0,0.0,inf,0.9917590080422211,7549.0,0.0
socofing:000068:left_little,disconnected_fragments,0.6000000238418579,2726.0,0.2214995455613347,0.057650407664848795,0.11943379618673107,12.391976173203956,0.5432658360963745,6554.0,0.9178136214613914,0.0,0.0,inf,0.9947402197174199,9830.0,0.0,0.10340643890964867,0.20259990470054057,9.85452417761752,0.2551080739934945,3315.0,0.9178136214613914,0.0,0.0,inf,0.9927700413288091,6939.0,0.0
socofing:000068:right_thumb,disconnected_fragments,0.699999988079071,3112.0,0.20955326728294968,0.05118515096756736,0.1553595308055258,12.90856011449494,0.3956612186971578,4915.0,0.9107183180749416,0.0,0.0,inf,0.9975028784034574,11469.0,0.0,0.06522611919945374,0.20133423033958445,11.855784602081666,0.23277552506650284,3250.0,0.7847248613834381,0.0,0.0,inf,0.9970227553159784,9499.0,0.0
socofing:000068:right_index,disconnected_fragments,0.800000011920929,1125.0,0.1246025891380088,0.014965823500283717,0.06736624498076016,18.248993809427876,0.7602757448370236,3277.0,0.6161460801959038,0.0,0.0,inf,0.9981398546179834,13107.0,0.0,0.0326575893670009,0.14269106275621796,14.860158760368286,0.4484519941713346,1178.0,0.6161460801959038,0.0,0.0,inf,0.9978582958851424,11043.0,0.0
socofing:000068:right_middle,stripes,0.10000000149011612,10641.0,0.2957171745062127,0.048777228537447856,0.15870623501602152,13.117828794033247,0.3010424084830617,14746.0,0.866333119571209,0.0,0.0,inf,0.9754239029627391,1638.0,0.0,0.062020328160833006,0.19908301360257258,12.074659401615445,0.11771702684558435,11255.0,0.866333119571209,0.0,0.0,inf,0.9694542127608082,1181.0,0.0
socofing:000068:right_ring,stripes,0.20000000298023224,9351.0,0.24401885693490155,0.0492162281423624,0.14708510441839878,13.078916730332077,0.3187834522112835,13107.0,0.9300382696092129,0.0,0.0,inf,0.9835498242895286,3277.0,0.0,0.06533883017010195,0.19225528208720846,11.848286454225274,0.1062724450653658,9725.0,0.9300382696092129,0.0,0.0,inf,0.9796514537329342,2593.0,0.0
socofing:000068:right_little,stripes,0.30000001192092896,6804.0,0.17321097178176087,0.033869233546366236,0.11489876908242763,14.701946312369788,0.45147703812009504,11469.0,0.9257057886570692,0.0,0.0,inf,0.9897466186941927,4915.0,0.0,0.053015970051001365,0.17682893441046044,12.75593287752113,0.17032438881517492,7214.0,0.9257057886570692,0.0,0.0,inf,0.9875276575606258,3458.0,0.0
socofing:000077:left_thumb,stripes,0.4000000059604645,7901.0,0.1257201867021622,0.06342193775571198,0.18612128872659325,11.977604929340224,0.269186992962762,9830.0,0.9198355041444302,0.0,0.0,inf,0.9901434476668427,6554.0,0.0,0.07331242543774798,0.21461217707618718,11.348224122384835,0.15797955900640875,8258.0,0.9198355041444302,0.0,0.0,inf,0.9865946787944265,4375.0,0.0
socofing:000077:left_index,stripes,0.5,5642.0,0.1675730793714133,0.05431871325354014,0.15242932505206852,12.650505265314216,0.415027796047463,8192.0,0.8647922575473785,0.0,0.0,inf,0.993634183228151,8192.0,0.0,0.07286737456863426,0.20398504668365214,11.374668779418675,0.21746088309638983,5846.0,0.8647922575473785,0.0,0.0,inf,0.9934248920226896,5913.0,0.0
socofing:000077:left_middle,stripes,0.6000000238418579,5105.0,0.2203128297813291,0.05171456001848818,0.15994050028811496,12.863871658915915,0.3319914318912701,6554.0,0.8503096699714661,0.0,0.0,inf,0.9974923472415687,9830.0,0.0,0.06240979363620368,0.19213799095205036,12.047472534519033,0.1965600472444196,5323.0,0.8503096699714661,0.0,0.0,inf,0.9964993943196205,6442.0,0.0
socofing:000077:left_ring,stripes,0.699999988079071,3608.0,0.1921706223766655,0.04197677490193286,0.13914417710275098,13.769909315492072,0.4200147352439604,4915.0,0.8684638515114784,0.0,0.0,inf,0.9962862152998554,11469.0,0.0,0.0512316774371364,0.1727832329987543,12.904614241399466,0.279803598568049,3713.0,0.8684638515114784,0.0,0.0,inf,0.994186821352691,6708.0,0.0
socofing:000077:left_little,stripes,0.800000011920929,2840.0,0.03703185636485555,0.058667045241682765,0.17751586342032635,12.316057844195466,0.40348335958696596,3277.0,0.805539682507515,0.0,0.0,inf,0.9963605223651463,13107.0,0.0,0.06321417777083421,0.19279454644385466,11.991855065736274,0.35030734233583133,2867.0,0.805539682507515,0.0,0.0,inf,0.9953665605711354,8845.0,0.0
socofing:000077:right_thumb,severe_partial,0.10000000149011612,10405.0,0.36506923645389977,0.06953379141960547,0.17724392632609615,11.5780408950233,0.32327476225647256,14746.0,0.9924964304082096,0.0,0.0,inf,0.9819894471124049,1638.0,0.0,0.08844519468441603,0.22458982418654588,10.533257577653735,0.16410871549201517,10920.0,0.9924964304082096,0.0,0.0,inf,0.9819894471124049,1638.0,0.0
socofing:000077:right_index,severe_partial,0.20000000298023224,8881.0,0.3083058258036097,0.05091650227155566,0.1508217065036169,12.931414380179312,0.4187390281051515,13107.0,0.9761109333485365,0.0,0.0,inf,0.9890902444047467,3277.0,0.0,0.07019112097479958,0.20583283321930138,11.537178217097079,0.22077415191871094,9206.0,0.9761109333485365,0.0,0.0,inf,0.9884584495899412,3091.0,0.0
socofing:000077:right_middle,severe_partial,0.30000001192092896,7800.0,0.15174965784948932,0.05884558840698018,0.15571880235247154,12.302860902091748,0.3647994359980278,11469.0,0.9915786976926029,0.0,0.0,inf,0.9845792663844609,4915.0,0.0,0.07843448783501568,0.2054767164207093,11.054929349807017,0.17123605601866596,8006.0,0.9915786976926029,0.0,0.0,inf,0.9849248134732834,4582.0,0.0
socofing:000077:right_ring,random_rectangles,0.10000000149011612,10536.0,0.3809497878247001,0.07875980434118507,0.19864462994488236,11.036953714273832,0.22763239429635085,14746.0,0.9835758795961738,0.0,0.0,inf,0.9715783114830872,1638.0,0.0,0.09510659470964072,0.239347004364109,10.2178936795525,0.07573827472124606,11878.0,0.9835758795961738,0.0,0.0,inf,0.814421392142792,80.0,0.0
socofing:000077:right_little,random_rectangles,0.20000000298023224,7990.0,0.30710247320362105,0.08980851607899558,0.20594440441737932,10.466824794712759,0.291419728449321,13107.0,0.9103243052959442,0.0,0.0,inf,0.9682270231575411,3277.0,0.0,0.13158885472424972,0.2883505788543177,8.807808929160934,0.0808288265207895,8413.0,0.9103243052959442,0.0,0.0,inf,0.9550374520050028,364.0,0.0
socofing:000081:left_thumb,random_rectangles,0.30000001192092896,7941.0,0.34322046865564776,0.06328451808311036,0.19089668871404009,11.987025227385901,0.20840164593735783,11469.0,0.8471957892179489,0.0,0.0,inf,0.9817180459441714,4915.0,0.0,0.0722870938979911,0.21671717425337947,11.409392345065328,0.11394474419887134,9900.0,0.8471957892179489,0.0,0.0,inf,0.9574973128438499,1191.0,0.0
socofing:000081:left_index,random_rectangles,0.4000000059604645,8279.0,0.6518074899252972,0.07874469410312639,0.21989864233169715,11.037786997525306,0.15875236627112776,9830.0,0.8869979958981276,0.0,0.0,inf,0.981642955331706,6554.0,0.0,0.08593330573937108,0.238945742295991,10.658384811581447,0.08752437299057848,8883.0,0.8869979958981276,0.0,0.0,inf,0.9683857362303625,2545.0,0.0
socofing:000081:left_middle,random_rectangles,0.5,6273.0,0.31244721744335746,0.07293048987622414,0.2114435864061761,11.370908692585234,0.1648740482282134,8192.0,0.9528729282319546,0.0,0.0,inf,0.9858661211405857,8192.0,0.0,0.0778772817337333,0.2254924602507865,11.08589215711875,0.11041991768283771,7670.0,0.9528729282319546,0.0,0.0,inf,0.972459762895586,4163.0,0.0
socofing:000081:left_ring,random_rectangles,0.6000000238418579,4795.0,0.2395810770091383,0.05419146113206829,0.1719331415684858,12.660691392064713,0.2521787582828636,6554.0,0.9370911344885826,0.0,0.0,inf,0.9906491529407605,9830.0,0.0,0.06217404340437571,0.19714225363499924,12.063908879622803,0.14810700382096206,5712.0,0.9370911344885826,0.0,0.0,inf,0.9881837071838147,6451.0,0.0
socofing:000081:left_little,random_rectangles,0.699999988079071,3622.0,0.1460085703317581,0.050400382232957425,0.16007967526443673,12.975661698831507,0.384619637273806,4915.0,0.799846351146698,0.0,0.0,inf,0.9843652392212698,11469.0,0.0,0.0625784557889952,0.19842334542735968,12.035751578819433,0.2481602644768769,3958.0,0.799846351146698,0.0,0.0,inf,0.9712559297401508,6162.0,0.0
socofing:000081:right_thumb,random_rectangles,0.800000011920929,3051.0,0.08862206184906032,0.05725209474796368,0.18421251256772575,12.422086186677495,0.25757806815854933,3277.0,0.8250835463404655,0.0,0.0,inf,0.9948979502838646,13107.0,0.0,0.05725209474796368,0.18421251256772575,12.422086186677495,0.25757806815854933,3277.0,0.8250835463404655,0.0,0.0,inf,0.9926642644109932,9116.0,0.0
socofing:000081:right_index,irregular,0.10000000149011612,9029.0,0.32751607187269755,0.0476013505136949,0.13905857130387758,13.223807255920034,0.39795439966088136,14746.0,0.9762197127565742,0.0,0.0,inf,0.9580938231525047,1638.0,0.0,0.06691138848557916,0.19269782524250162,11.74499957934519,0.1590254036080202,10146.0,0.9762197127565742,0.0,0.0,inf,0.9439251325546232,1120.0,0.0
socofing:000081:right_middle,irregular,0.20000000298023224,9196.0,0.2306004576678397,0.04434203829136336,0.1503590648076383,13.5318434734364,0.3846988292764075,13107.0,0.9080002084374428,0.0,0.0,inf,0.9645658020403981,3277.0,0.0,0.055345661207032826,0.18631452826548411,12.569164197301854,0.23333080139910348,10240.0,0.9080002084374428,0.0,0.0,inf,0.9507037787824718,2053.0,0.0
