sample_id,mask_family,observed_fraction,single_sample_mae,mean_reconstruction_mae,best_of_k_mae,pairwise_diversity_mae,mean_predictive_std,uncertainty_error_spearman,missing_roi_pixels
socofing:000023:left_thumb,random_rectangles,0.10000000149011612,0.15565021336078644,0.16088521480560303,0.15565021336078644,0.08560592114060585,0.07216326892375946,0.19052708984020386,11110.0
socofing:000023:left_index,random_rectangles,0.20000000298023224,0.14322620630264282,0.13771142065525055,0.13441313803195953,0.07829794636927545,0.0684971958398819,0.27783947471007847,9772.0
socofing:000023:left_middle,random_rectangles,0.30000001192092896,0.18953372538089752,0.17500637471675873,0.144928976893425,0.04748988447577825,0.039677537977695465,0.19319439122235316,9663.0
socofing:000023:left_ring,random_rectangles,0.4000000059604645,0.17016561329364777,0.1486106961965561,0.14301039278507233,0.08661404551405992,0.07419910281896591,0.3164431981857215,5967.0
socofing:000023:left_little,random_rectangles,0.5,0.12169932574033737,0.12007086724042892,0.1201733648777008,0.06237056761580918,0.05561482906341553,0.38464375186927274,5418.0
socofing:000023:right_thumb,random_rectangles,0.6000000238418579,0.20787684619426727,0.27146393060684204,0.18469300866127014,0.12752075752775585,0.11246933788061142,0.5634310884748173,6492.0
socofing:000023:right_index,random_rectangles,0.699999988079071,0.12332125008106232,0.14040295779705048,0.12332125008106232,0.07196890838843371,0.069658562541008,0.24097850424392692,4915.0
socofing:000023:right_middle,random_rectangles,0.800000011920929,0.11873988062143326,0.11358633637428284,0.10201507061719894,0.022311118032251085,0.018858879804611206,0.2874193614241971,3004.0
socofing:000023:right_ring,irregular,0.10000000149011612,0.10550478845834732,0.11610371619462967,0.10550478845834732,0.06763732449949852,0.0601627379655838,0.24622770666597807,10663.0
socofing:000023:right_little,irregular,0.20000000298023224,0.1233125552535057,0.11111322790384293,0.1132291853427887,0.05309882909724755,0.04470241069793701,0.055105532322496,8096.0
socofing:000030:left_thumb,irregular,0.30000001192092896,0.24251781404018402,0.25021812319755554,0.22198691964149475,0.05001728296545999,0.04369749128818512,0.2759805229289076,7905.0
socofing:000030:left_index,irregular,0.4000000059604645,0.20887023210525513,0.19315220415592194,0.17837423086166382,0.06949643085577659,0.05847667157649994,0.19833032909154175,6280.0
socofing:000030:left_middle,irregular,0.5,0.1676856279373169,0.16776691377162933,0.1676020324230194,0.046049725563664524,0.038866136223077774,0.23093499918852475,6198.0
socofing:000030:left_ring,irregular,0.6000000238418579,0.17037932574748993,0.16881904006004333,0.15371409058570862,0.08573378419636615,0.07377547025680542,0.12500170364736182,3993.0
socofing:000030:left_little,irregular,0.699999988079071,0.2144053876399994,0.2139439731836319,0.19014804065227509,0.0521076762982245,0.04484856128692627,0.06148924064467412,2565.0
socofing:000030:right_thumb,irregular,0.800000011920929,0.21069687604904175,0.20443083345890045,0.19002211093902588,0.026076502915072654,0.02195284143090248,0.5284807651119495,2001.0
socofing:000030:right_index,central_missing,0.10000000149011612,0.2608562707901001,0.2873648703098297,0.25338974595069885,0.06913088092447392,0.05716722458600998,0.29279269354504495,9506.0
socofing:000030:right_middle,central_missing,0.20000000298023224,0.18952453136444092,0.1899382323026657,0.1891004592180252,0.06384021093669746,0.05658823996782303,0.1825310377218104,10900.0
socofing:000030:right_ring,central_missing,0.30000001192092896,0.15934301912784576,0.153909370303154,0.1531321108341217,0.09640886820852757,0.08089755475521088,0.1687000131546432,8870.0
socofing:000030:right_little,central_missing,0.4000000059604645,0.17656415700912476,0.17547553777694702,0.17260119318962097,0.05402056350638824,0.047790348529815674,0.2090499634326375,6788.0
socofing:000032:left_thumb,central_missing,0.5,0.23995471000671387,0.23441480100154877,0.23708048462867737,0.0914759639251445,0.07694797217845917,0.24437042770334058,8192.0
socofing:000032:left_index,central_missing,0.6000000238418579,0.2036314755678177,0.2014358639717102,0.20268507301807404,0.057101043074258735,0.04841557517647743,0.116396892014287,6259.0
socofing:000032:left_middle,central_missing,0.699999988079071,0.2738701105117798,0.24260351061820984,0.228539377450943,0.07219809825931277,0.06225625053048134,-0.041247054857330136,4224.0
socofing:000032:left_ring,central_missing,0.800000011920929,0.1707727611064911,0.16551116108894348,0.16560383141040802,0.06675374749050077,0.05664663761854172,-0.02365443764744653,3111.0
socofing:000032:left_little,peripheral_only,0.10000000149011612,0.24150393903255463,0.24227844178676605,0.24150393903255463,0.03164811951241323,0.026703253388404846,0.3174795801524875,6338.0
socofing:000032:right_thumb,peripheral_only,0.20000000298023224,0.2894168496131897,0.25871509313583374,0.22810427844524384,0.09789542970247567,0.082904152572155,0.2808027877848767,9434.0
socofing:000032:right_index,peripheral_only,0.30000001192092896,0.2346346378326416,0.23458147048950195,0.23411457240581512,0.027277354949287007,0.02289782650768757,0.19191890315764032,6948.0
socofing:000032:right_middle,peripheral_only,0.4000000059604645,0.22895845770835876,0.22804558277130127,0.22671054303646088,0.0214079638743507,0.017923008650541306,0.16894740421982524,6001.0
socofing:000032:right_ring,peripheral_only,0.5,0.2802596986293793,0.272784024477005,0.22453023493289948,0.07393843733838626,0.062249556183815,0.44721778459576755,4803.0
socofing:000032:right_little,peripheral_only,0.6000000238418579,0.2526969611644745,0.2173006236553192,0.1963774561882019,0.04510635387019387,0.0376511812210083,0.31759003985176015,3261.0
socofing:000039:left_thumb,peripheral_only,0.699999988079071,0.2570982277393341,0.2569327652454376,0.25462040305137634,0.04360034143818276,0.03613916411995888,-0.0030963656209447936,2823.0
socofing:000039:left_index,peripheral_only,0.800000011920929,0.2655898332595825,0.24683533608913422,0.23965249955654144,0.060474226101567705,0.05120687186717987,0.030792133985973757,2098.0
socofing:000039:left_middle,central_only,0.10000000149011612,0.23640185594558716,0.24164913594722748,0.23184937238693237,0.04381738157410707,0.03903823345899582,0.17749090343091092,10076.0
socofing:000039:left_ring,central_only,0.20000000298023224,0.2124321609735489,0.23349203169345856,0.21158799529075623,0.11074812703632883,0.09358148276805878,0.22865053635333835,7875.0
socofing:000039:left_little,central_only,0.30000001192092896,0.2669934332370758,0.2568531632423401,0.24717913568019867,0.026624767242797782,0.022886086255311966,0.17908338208076804,3477.0
socofing:000039:right_thumb,central_only,0.4000000059604645,0.2527935206890106,0.25733691453933716,0.2521992623806,0.049968229207609384,0.04335993155837059,0.1749411263312898,6045.0
socofing:000039:right_index,central_only,0.5,0.28025588393211365,0.2375897467136383,0.22527986764907837,0.048662803534950526,0.044504012912511826,0.25965853049504556,3905.0
socofing:000039:right_middle,central_only,0.6000000238418579,0.18218281865119934,0.15360583364963531,0.14887921512126923,0.057638496426599364,0.04933342710137367,0.4347810242689222,2544.0
socofing:000039:right_ring,central_only,0.699999988079071,0.20067372918128967,0.21232576668262482,0.20067372918128967,0.04482101279843066,0.03917127102613449,0.18704101983132948,789.0
socofing:000039:right_little,central_only,0.800000011920929,0.252636581659317,0.25320538878440857,0.2437220960855484,0.06960506005478757,0.058719269931316376,0.09764648811582184,420.0
socofing:000052:left_thumb,disconnected_fragments,0.10000000149011612,0.17510142922401428,0.1697365939617157,0.16715864837169647,0.04955622337625495,0.04193165525794029,0.3192866131103271,10542.0
socofing:000052:left_index,disconnected_fragments,0.20000000298023224,0.20375119149684906,0.22259248793125153,0.20375119149684906,0.036652096962955384,0.03211382031440735,0.23074463131539094,9174.0
socofing:000052:left_middle,disconnected_fragments,0.30000001192092896,0.1579502373933792,0.1597055047750473,0.1579502373933792,0.051112560189462135,0.043281178921461105,0.2160787576610758,7538.0
socofing:000052:left_ring,disconnected_fragments,0.4000000059604645,0.16585341095924377,0.16104602813720703,0.16457009315490723,0.08116668585820921,0.06919271498918533,0.3356240186929408,7024.0
socofing:000052:left_little,disconnected_fragments,0.5,0.17789998650550842,0.16803200542926788,0.16175635159015656,0.07645339904619115,0.06611820310354233,0.3442703175484517,5966.0
socofing:000052:right_thumb,disconnected_fragments,0.6000000238418579,0.3379579484462738,0.3512347936630249,0.2876751720905304,0.08550707802974752,0.07408595085144043,0.10149917107327573,4347.0
socofing:000052:right_index,disconnected_fragments,0.699999988079071,0.18689578771591187,0.19418828189373016,0.18111124634742737,0.09991883316875569,0.08636555820703506,0.4968904735362004,1963.0
socofing:000052:right_middle,disconnected_fragments,0.800000011920929,0.15215185284614563,0.14864429831504822,0.14746692776679993,0.035165813651734164,0.02980956621468067,0.4811664884780266,1168.0
socofing:000052:right_ring,stripes,0.10000000149011612,0.1804083287715912,0.18369260430335999,0.1804083287715912,0.034723873349971006,0.029387610033154488,0.3464482601256375,10886.0
socofing:000052:right_little,stripes,0.20000000298023224,0.1523587703704834,0.14087063074111938,0.14147746562957764,0.06561435038955617,0.05899862200021744,0.2570189234208378,9379.0
socofing:000054:left_thumb,stripes,0.30000001192092896,0.23234102129936218,0.23217858374118805,0.2044999748468399,0.0755764435743913,0.06886876374483109,0.37923300231011037,8917.0
socofing:000054:left_index,stripes,0.4000000059604645,0.2060813307762146,0.1939472109079361,0.1815997064113617,0.11647082226616996,0.10395018756389618,0.47397732814131316,6876.0
socofing:000054:left_middle,stripes,0.5,0.19609405100345612,0.19286832213401794,0.19154442846775055,0.07113414364201683,0.06112116947770119,0.15704989502619723,6092.0
socofing:000054:left_ring,stripes,0.6000000238418579,0.19428272545337677,0.19133885204792023,0.19217045605182648,0.06146673400819834,0.0521126389503479,0.1888971770223077,5426.0
socofing:000054:left_little,stripes,0.699999988079071,0.15076345205307007,0.14879408478736877,0.12214276194572449,0.0682519657337772,0.059954289346933365,0.42122564693619013,3075.0
socofing:000054:right_thumb,stripes,0.800000011920929,0.17558994889259338,0.218451589345932,0.1620623767375946,0.08346807464425053,0.07324247807264328,0.6245668763572002,2508.0
socofing:000054:right_index,severe_partial,0.10000000149011612,0.22886551916599274,0.22481440007686615,0.22372791171073914,0.08048825162196797,0.06743595004081726,0.30219997532192155,10066.0
socofing:000054:right_middle,severe_partial,0.20000000298023224,0.20090672373771667,0.21360941231250763,0.20090672373771667,0.09067396942659148,0.07746901363134384,0.2537179990551206,9388.0
socofing:000054:right_ring,severe_partial,0.30000001192092896,0.2093331515789032,0.2117534875869751,0.2092236429452896,0.05007569255706455,0.047196391969919205,0.22855662860321935,6931.0
socofing:000054:right_little,random_rectangles,0.10000000149011612,0.2746952772140503,0.24034000933170319,0.2274012267589569,0.05914121447131038,0.0532982237637043,0.27405308950621426,10576.0
socofing:000057:left_thumb,random_rectangles,0.20000000298023224,0.24377185106277466,0.24722813069820404,0.24303364753723145,0.08918175759858318,0.07642669230699539,0.14559080264611765,11889.0
socofing:000057:left_index,random_rectangles,0.30000001192092896,0.24041089415550232,0.2356463372707367,0.23220068216323853,0.04668068717832544,0.0457279309630394,0.25174050043391505,9460.0
socofing:000057:left_middle,random_rectangles,0.4000000059604645,0.338489830493927,0.25195610523223877,0.1858026534318924,0.11420828090714556,0.09639933705329895,0.31244578195061357,9240.0
socofing:000057:left_ring,random_rectangles,0.5,0.261261522769928,0.23295721411705017,0.20003436505794525,0.09433294194085258,0.07954337447881699,0.19234953046173783,8065.0
socofing:000057:left_little,random_rectangles,0.6000000238418579,0.19936607778072357,0.19548113644123077,0.1873958259820938,0.04406259704514274,0.03804301097989082,0.2860294914416435,6212.0
socofing:000057:right_thumb,random_rectangles,0.699999988079071,0.21623125672340393,0.21339790523052216,0.21450603008270264,0.08932101530289012,0.07944102585315704,0.1927647867882508,4432.0
socofing:000057:right_index,random_rectangles,0.800000011920929,0.2397913783788681,0.23888839781284332,0.23682880401611328,0.09455919292356287,0.0826815515756607,0.2737895621031539,3092.0
socofing:000057:right_middle,irregular,0.10000000149011612,0.2229057103395462,0.2229839563369751,0.2229057103395462,0.07009488713395383,0.060481470078229904,0.2138313787037672,10544.0
socofing:000057:right_ring,irregular,0.20000000298023224,0.1897643506526947,0.18955378234386444,0.18782858550548553,0.04557962527698172,0.038364700973033905,0.2534415647563809,9777.0
socofing:000057:right_little,irregular,0.30000001192092896,0.2024279087781906,0.19930946826934814,0.19760526716709137,0.0855639954097569,0.07304539531469345,0.14868438026661757,7827.0
socofing:000061:left_thumb,irregular,0.4000000059604645,0.25520578026771545,0.2569359540939331,0.24681858718395233,0.0450080842045801,0.037736717611551285,-0.03574128421149104,5602.0
socofing:000061:left_index,irregular,0.5,0.2147083729505539,0.21537208557128906,0.2145053744316101,0.05808266535002206,0.04895734414458275,0.11092635178272821,4742.0
socofing:000061:left_middle,irregular,0.6000000238418579,0.21271924674510956,0.20785869657993317,0.20530490577220917,0.06072436974916075,0.05147850885987282,-0.053195512180154524,3763.0
socofing:000061:left_ring,irregular,0.699999988079071,0.20826196670532227,0.20585328340530396,0.20226381719112396,0.07752786174283496,0.06735250353813171,0.389082252394947,2144.0
socofing:000061:left_little,irregular,0.800000011920929,0.22978538274765015,0.22671712934970856,0.22554460167884827,0.04192346281238964,0.03560367971658707,0.2665091102835749,1222.0
socofing:000061:right_thumb,central_missing,0.10000000149011612,0.2550496757030487,0.2530384957790375,0.25280502438545227,0.04518384724256715,0.04264355078339577,0.24825696145423923,11148.0
socofing:000061:right_index,central_missing,0.20000000298023224,0.26929527521133423,0.2616354823112488,0.2210894227027893,0.053681928414984474,0.047798316925764084,0.41342927495087567,10509.0
socofing:000061:right_middle,central_missing,0.30000001192092896,0.2625143826007843,0.26075056195259094,0.2445392906665802,0.06422136557687606,0.05485392361879349,0.2550899270375285,8917.0
socofing:000061:right_ring,central_missing,0.4000000059604645,0.303207129240036,0.24781818687915802,0.22933387756347656,0.06535077853394407,0.057391077280044556,0.256369165429654,8123.0
socofing:000061:right_little,central_missing,0.5,0.27205875515937805,0.2629401683807373,0.2581005394458771,0.09251891119804766,0.07784803956747055,0.3143336486648896,4685.0
socofing:000064:left_thumb,central_missing,0.6000000238418579,0.38207241892814636,0.29175999760627747,0.23936261236667633,0.142965106160513,0.12101813405752182,0.17096391850895334,6554.0
socofing:000064:left_index,central_missing,0.699999988079071,0.2668549418449402,0.25901874899864197,0.23900336027145386,0.07158246591487634,0.06179124861955643,0.18563174958836784,4915.0
socofing:000064:left_middle,central_missing,0.800000011920929,0.23066946864128113,0.23246705532073975,0.22774893045425415,0.08722054539248347,0.08348827809095383,0.1605452047888963,3277.0
socofing:000064:left_ring,peripheral_only,0.10000000149011612,0.2378973513841629,0.23748347163200378,0.23635007441043854,0.0498420854232141,0.04680361598730087,0.21007196855240398,8568.0
socofing:000064:left_little,peripheral_only,0.20000000298023224,0.3005695939064026,0.33407914638519287,0.3005695939064026,0.06434462631919555,0.05435596778988838,-0.015859455495434535,5762.0
socofing:000064:right_thumb,peripheral_only,0.30000001192092896,0.2773893475532532,0.2588846981525421,0.2355809360742569,0.05720707695997719,0.049434371292591095,0.19087970646026084,8423.0
socofing:000064:right_index,peripheral_only,0.4000000059604645,0.23919366300106049,0.237481951713562,0.23583364486694336,0.054327697127259204,0.0455387607216835,0.1601451642661711,6472.0
socofing:000064:right_middle,peripheral_only,0.5,0.2389461100101471,0.23208044469356537,0.22781522572040558,0.11222842674968499,0.09584126621484756,0.16052736987332933,5242.0
socofing:000064:right_ring,peripheral_only,0.6000000238418579,0.23129355907440186,0.23342740535736084,0.22948762774467468,0.09841007466561028,0.09297040104866028,0.16535326658459676,4087.0
socofing:000064:right_little,peripheral_only,0.699999988079071,0.21001093089580536,0.20805670320987701,0.2071177065372467,0.05302840870405946,0.044505637139081955,0.2214075883961884,3009.0
socofing:000066:left_thumb,peripheral_only,0.800000011920929,0.27048805356025696,0.2633957862854004,0.261615514755249,0.0338509360444732,0.02983853407204151,0.09149794100628848,1653.0
socofing:000066:left_index,central_only,0.10000000149011612,0.23927031457424164,0.24423933029174805,0.23927031457424164,0.05493431375361979,0.04626188427209854,0.24792872192492996,9859.0
socofing:000066:left_middle,central_only,0.20000000298023224,0.24990056455135345,0.24875514209270477,0.24601608514785767,0.060647464640039415,0.05207724869251251,0.2531485899592542,8529.0
socofing:000066:left_ring,central_only,0.30000001192092896,0.21389441192150116,0.2478140890598297,0.21389441192150116,0.05078944612094866,0.044573526829481125,0.3076246032045065,6519.0
socofing:000066:left_little,central_only,0.4000000059604645,0.23753687739372253,0.22129765152931213,0.21612733602523804,0.05367775860109499,0.04658609256148338,0.12633953907632212,2978.0
socofing:000066:right_thumb,central_only,0.5,0.2337898313999176,0.2187095731496811,0.21568070352077484,0.06874954168285642,0.058287668973207474,0.3117712232224996,3981.0
socofing:000066:right_index,central_only,0.6000000238418579,0.26927751302719116,0.25290021300315857,0.24172520637512207,0.05252977636908846,0.04571538046002388,0.35880062798108564,1535.0
socofing:000066:right_middle,central_only,0.699999988079071,0.24837008118629456,0.24971868097782135,0.2403978407382965,0.07418606536728996,0.061435531824827194,0.195776494413049,1192.0
socofing:000066:right_ring,central_only,0.800000011920929,0.0983920469880104,0.09568778425455093,0.06751951575279236,0.036035744282084385,0.03154675289988518,0.8539617918762692,291.0
socofing:000066:right_little,disconnected_fragments,0.10000000149011612,0.24691298604011536,0.2524581253528595,0.24691298604011536,0.0597278016918738,0.05510827153921127,0.20281690750942963,8983.0
socofing:000068:left_thumb,disconnected_fragments,0.20000000298023224,0.23649278283119202,0.2260565459728241,0.22277745604515076,0.029402686981484294,0.026381881907582283,0.2866486852907838,9562.0
socofing:000068:left_index,disconnected_fragments,0.30000001192092896,0.24078655242919922,0.2285621464252472,0.21054741740226746,0.062245953063081415,0.058222997933626175,0.3658848184699684,7730.0
socofing:000068:left_middle,disconnected_fragments,0.4000000059604645,0.26911675930023193,0.2576488256454468,0.2444584220647812,0.04139827349821904,0.037144336849451065,0.32802158776689966,7141.0
socofing:000068:left_ring,disconnected_fragments,0.5,0.171628937125206,0.177170991897583,0.171628937125206,0.04635218168342752,0.04121566191315651,0.3848060573633083,3342.0
socofing:000068:left_little,disconnected_fragments,0.6000000238418579,0.24808241426944733,0.2534095346927643,0.2380681037902832,0.0563932614667075,0.0489702932536602,0.6237116933233976,3315.0
socofing:000068:right_thumb,disconnected_fragments,0.699999988079071,0.23000681400299072,0.23587988317012787,0.23000681400299072,0.058766155636736324,0.05048563703894615,0.2399125951954591,3250.0
socofing:000068:right_index,disconnected_fragments,0.800000011920929,0.16914671659469604,0.16260288655757904,0.16144467890262604,0.04230743894420032,0.03840028867125511,0.14360133087792554,1178.0
socofing:000068:right_middle,stripes,0.10000000149011612,0.24603605270385742,0.21125903725624084,0.20465053617954254,0.10472305637917348,0.08815006911754608,0.2107630886486997,11255.0
socofing:000068:right_ring,stripes,0.20000000298023224,0.22980953752994537,0.20965775847434998,0.20086956024169922,0.08830774785019457,0.07984092086553574,0.32448853892217416,9725.0
socofing:000068:right_little,stripes,0.30000001192092896,0.2712115943431854,0.2123797982931137,0.20130325853824615,0.11175353109969624,0.09293530136346817,0.326536581123429,7214.0
socofing:000077:left_thumb,stripes,0.4000000059604645,0.24482432007789612,0.2351500540971756,0.2365950495004654,0.0812308618166883,0.06817754358053207,0.15320610466045878,8258.0
socofing:000077:left_index,stripes,0.5,0.23096880316734314,0.23144203424453735,0.22954155504703522,0.045716495835222304,0.03821547329425812,0.1595700582378422,5846.0
socofing:000077:left_middle,stripes,0.6000000238418579,0.21396461129188538,0.2183685153722763,0.21376213431358337,0.12189922867608922,0.1010669395327568,0.16483095248980817,5323.0
socofing:000077:left_ring,stripes,0.699999988079071,0.2071569412946701,0.21115419268608093,0.20586436986923218,0.053037776229237873,0.055245570838451385,0.1647828713262211,3713.0
socofing:000077:left_little,stripes,0.800000011920929,0.2334338128566742,0.23377546668052673,0.23302139341831207,0.08486747575391616,0.07396245002746582,0.1423596245251,2867.0
socofing:000077:right_thumb,severe_partial,0.10000000149011612,0.23760396242141724,0.2409835010766983,0.23571157455444336,0.05610780098608562,0.04704546928405762,0.29332461417239014,10920.0
socofing:000077:right_index,severe_partial,0.20000000298023224,0.2223014384508133,0.22446496784687042,0.22008568048477173,0.04021389363333583,0.0348457433283329,0.21523274001661927,9206.0
socofing:000077:right_middle,severe_partial,0.30000001192092896,0.2250937670469284,0.21604660153388977,0.2098570317029953,0.08380361974039781,0.07820037007331848,0.34192953568408674,8006.0
socofing:000077:right_ring,random_rectangles,0.10000000149011612,0.22426928579807281,0.22583727538585663,0.22426928579807281,0.03317864467057267,0.029313571751117706,0.19568306537764704,11878.0
socofing:000077:right_little,random_rectangles,0.20000000298023224,0.27172261476516724,0.25631022453308105,0.24100986123085022,0.059051704493218234,0.05022400617599487,0.1855414952667135,8413.0
socofing:000081:left_thumb,random_rectangles,0.30000001192092896,0.25079289078712463,0.2822495996952057,0.24787773191928864,0.07787731738894113,0.06605878472328186,0.21524983348692744,9900.0
socofing:000081:left_index,random_rectangles,0.4000000059604645,0.24661919474601746,0.2474198043346405,0.24661919474601746,0.05061164844248976,0.04889542981982231,0.033705735312094996,8883.0
socofing:000081:left_middle,random_rectangles,0.5,0.24634294211864471,0.24732619524002075,0.24411585927009583,0.05198375130670944,0.04380975663661957,0.13604422539727798,7670.0
socofing:000081:left_ring,random_rectangles,0.6000000238418579,0.21948274970054626,0.21872882544994354,0.21948274970054626,0.060475289971301596,0.05033814162015915,0.10778494214802581,5712.0
socofing:000081:left_little,random_rectangles,0.699999988079071,0.22053582966327667,0.22167158126831055,0.22053582966327667,0.03891621769538948,0.035378653556108475,0.04862079655690233,3958.0
socofing:000081:right_thumb,random_rectangles,0.800000011920929,0.20868061482906342,0.20177367329597473,0.20165026187896729,0.06989051684338067,0.06192726269364357,0.23281479025794383,3277.0
socofing:000081:right_index,irregular,0.10000000149011612,0.22815653681755066,0.22754168510437012,0.2271607518196106,0.04378351416172726,0.03785121440887451,0.24712286269895375,10146.0
socofing:000081:right_middle,irregular,0.20000000298023224,0.20640666782855988,0.20723095536231995,0.20578858256340027,0.04158042278140783,0.03501301258802414,0.16116314121352368,10240.0
socofing:000081:right_ring,irregular,0.30000001192092896,0.2709960639476776,0.26283422112464905,0.23027303814888,0.033986678679606745,0.030332323163747787,0.4436704281064716,7758.0
socofing:000081:right_little,irregular,0.4000000059604645,0.2625955045223236,0.23619124293327332,0.20992489159107208,0.06610815256967076,0.05712465941905975,0.2816604691758629,7492.0
socofing:000089:left_thumb,irregular,0.5,0.2379208654165268,0.23757919669151306,0.23576048016548157,0.04111532856976347,0.03459629788994789,0.1247515175301591,6521.0
socofing:000089:left_index,irregular,0.6000000238418579,0.2178189754486084,0.21569786965847015,0.20820298790931702,0.030526665155775845,0.02603965811431408,0.19271394387926652,4262.0
socofing:000089:left_middle,irregular,0.699999988079071,0.22284267842769623,0.23071447014808655,0.22203826904296875,0.0509548128382968,0.0429210364818573,0.19872448380584676,3546.0
socofing:000089:left_ring,irregular,0.800000011920929,0.20483659207820892,0.20397114753723145,0.20371203124523163,0.034462060180625746,0.029210371896624565,0.02515397167488749,1842.0
socofing:000089:left_little,central_missing,0.10000000149011612,0.2513786852359772,0.2634247839450836,0.2513786852359772,0.03806827621467944,0.03205855190753937,0.051668098081107144,10088.0
socofing:000089:right_thumb,central_missing,0.20000000298023224,0.2711103558540344,0.25713393092155457,0.24677333235740662,0.03497406471121524,0.02994542568922043,0.346948312558565,11259.0
socofing:000089:right_index,central_missing,0.30000001192092896,0.20697538554668427,0.22558589279651642,0.2060520499944687,0.06478709680959582,0.05391324311494827,0.34326103094903765,9973.0
socofing:000089:right_middle,central_missing,0.4000000059604645,0.21361984312534332,0.2111567258834839,0.2063334435224533,0.07943175842852465,0.06773053854703903,0.2533015692634256,8974.0
socofing:000089:right_ring,central_missing,0.5,0.3900323212146759,0.2631518840789795,0.22544197738170624,0.09742593253031373,0.08938854932785034,0.07453455819604152,8192.0
socofing:000089:right_little,central_missing,0.6000000238418579,0.24656891822814941,0.23460812866687775,0.22824373841285706,0.02527633006684482,0.021338270977139473,0.24956583550353845,6498.0
socofing:000093:left_thumb,central_missing,0.699999988079071,0.26072677969932556,0.24848315119743347,0.2268601804971695,0.08013718699969884,0.07687843590974808,0.11665943584537815,4915.0
socofing:000093:left_index,central_missing,0.800000011920929,0.2449685037136078,0.24360787868499756,0.24157579243183136,0.05749657671965126,0.05292637273669243,0.02091004473712586,3277.0
socofing:000093:left_middle,peripheral_only,0.10000000149011612,0.21091622114181519,0.2188400775194168,0.21091622114181519,0.03970045333595148,0.03678062930703163,0.24754911357128492,10506.0
socofing:000093:left_ring,peripheral_only,0.20000000298023224,0.22075971961021423,0.22509843111038208,0.20288650691509247,0.040180353580840995,0.03717724233865738,0.23931999004380333,8818.0
socofing:000093:left_little,peripheral_only,0.30000001192092896,0.2381163090467453,0.2338961362838745,0.21570231020450592,0.04598910025587039,0.03933531045913696,0.26466577100268385,6477.0
socofing:000093:right_thumb,peripheral_only,0.4000000059604645,0.21513411402702332,0.21696196496486664,0.2113344818353653,0.030669471664753343,0.027676692232489586,0.2644572532572874,6776.0
socofing:000093:right_index,peripheral_only,0.5,0.22168253362178802,0.21060711145401,0.2097817212343216,0.056430759673405974,0.04799281060695648,0.25424191540728386,5199.0
socofing:000093:right_middle,peripheral_only,0.6000000238418579,0.2124251276254654,0.2055252343416214,0.20529353618621826,0.0567893935367465,0.047224029898643494,0.07646473661058141,4641.0
socofing:000093:right_ring,peripheral_only,0.699999988079071,0.20457924902439117,0.1917947679758072,0.1912493258714676,0.0630915491243026,0.05326980724930763,0.07604628875971943,3087.0
socofing:000093:right_little,peripheral_only,0.800000011920929,0.22176632285118103,0.22227850556373596,0.2217223197221756,0.04255086832147624,0.035360902547836304,0.20654231290434197,1783.0
socofing:000096:left_thumb,central_only,0.10000000149011612,0.2462867945432663,0.2462312877178192,0.2462867945432663,0.08403369990576591,0.07307537645101547,0.21382691934480105,9976.0
socofing:000096:left_index,central_only,0.20000000298023224,0.21222762763500214,0.20823897421360016,0.1883140653371811,0.06352430750017188,0.05840121582150459,0.3941557611435526,6971.0
socofing:000096:left_middle,central_only,0.30000001192092896,0.1912476271390915,0.18486188352108002,0.1837378442287445,0.051532120909541845,0.0435464084148407,0.3848571556966815,5821.0
socofing:000096:left_ring,central_only,0.4000000059604645,0.18834279477596283,0.15445613861083984,0.15342850983142853,0.09522866494288403,0.08151280879974365,0.18131407582572026,4057.0
socofing:000096:left_little,central_only,0.5,0.2022055834531784,0.1995978206396103,0.19990088045597076,0.0471784110912787,0.044102270156145096,0.1929234166163353,1790.0
socofing:000096:right_thumb,central_only,0.6000000238418579,0.1723538339138031,0.16302785277366638,0.14839965105056763,0.02686427433841995,0.02291904017329216,0.5732195640826466,2262.0
socofing:000096:right_index,central_only,0.699999988079071,0.22144126892089844,0.1984875351190567,0.179643914103508,0.038342579534011226,0.03287723660469055,0.5500907065947187,806.0
socofing:000096:right_middle,central_only,0.800000011920929,0.23936064541339874,0.24395346641540527,0.23936064541339874,0.18056960280851594,0.1531774401664734,0.056269165538862145,806.0
socofing:000096:right_ring,disconnected_fragments,0.10000000149011612,0.227516308426857,0.22834144532680511,0.2263650894165039,0.05383877068691488,0.047356460243463516,0.305345077949126,10270.0
socofing:000096:right_little,disconnected_fragments,0.20000000298023224,0.26052865386009216,0.24066509306430817,0.23630307614803314,0.0551340589299798,0.04639694467186928,0.3005877546423554,8364.0
socofing:000097:left_thumb,disconnected_fragments,0.30000001192092896,0.208318293094635,0.2149953991174698,0.20164203643798828,0.06894467604745712,0.05913430452346802,0.17719534621142005,7000.0
socofing:000097:left_index,disconnected_fragments,0.4000000059604645,0.24325740337371826,0.25512340664863586,0.22625362873077393,0.09168509287493569,0.07645995914936066,0.32752704211463995,5256.0
socofing:000097:left_middle,disconnected_fragments,0.5,0.2408578097820282,0.23823127150535583,0.23600003123283386,0.044503167970106006,0.03809812664985657,0.11529982809926739,4880.0
socofing:000097:left_ring,disconnected_fragments,0.6000000238418579,0.2974279224872589,0.27795305848121643,0.2595169246196747,0.05624825281224081,0.04760300740599632,0.44873112677221677,2006.0
socofing:000097:left_little,disconnected_fragments,0.699999988079071,0.24165324866771698,0.28203532099723816,0.24165324866771698,0.05859735696243921,0.052540332078933716,0.4477401322997318,608.0
socofing:000097:right_thumb,disconnected_fragments,0.800000011920929,0.23277322947978973,0.24023336172103882,0.23277322947978973,0.10204317653551698,0.09135224670171738,0.2465765439361275,1998.0
socofing:000097:right_index,stripes,0.10000000149011612,0.26998963952064514,0.26463931798934937,0.26362940669059753,0.03335237062336611,0.029955532401800156,0.32565376151708275,9968.0
socofing:000097:right_middle,stripes,0.20000000298023224,0.24900467693805695,0.24954313039779663,0.22999167442321777,0.05428880196996033,0.048159144818782806,0.24286000540038438,9893.0
socofing:000097:right_ring,stripes,0.30000001192092896,0.21538077294826508,0.21432271599769592,0.2128114551305771,0.04258164134807885,0.035918835550546646,0.1600038489292754,8687.0
socofing:000097:right_little,stripes,0.4000000059604645,0.21957220137119293,0.2210617959499359,0.2176627367734909,0.04887714782463653,0.04085760563611984,0.3156036405133955,5955.0
socofing:000103:left_thumb,stripes,0.5,0.19456058740615845,0.17735731601715088,0.16837650537490845,0.04972708082225706,0.04192925617098808,0.3096933941637918,5404.0
socofing:000103:left_index,stripes,0.6000000238418579,0.25755906105041504,0.24370698630809784,0.24173375964164734,0.07545984842415367,0.06346732378005981,0.1260102456073707,5371.0
socofing:000103:left_middle,stripes,0.699999988079071,0.21717417240142822,0.2348892241716385,0.21659716963768005,0.08904841239564121,0.07567506283521652,0.22244483610401636,2207.0
socofing:000103:left_ring,stripes,0.800000011920929,0.20769023895263672,0.22213773429393768,0.20769023895263672,0.06388466243099954,0.053892068564891815,0.04536208662129656,2026.0
socofing:000103:left_little,severe_partial,0.10000000149011612,0.3274729251861572,0.35621288418769836,0.3128755986690521,0.050928626874727864,0.04288036376237869,0.08643496196315813,8932.0
socofing:000103:right_thumb,severe_partial,0.20000000298023224,0.250591516494751,0.25871986150741577,0.1964949667453766,0.08841642248444259,0.0801752582192421,0.5244357201418431,9218.0
socofing:000103:right_index,severe_partial,0.30000001192092896,0.2548900246620178,0.2515312433242798,0.25256556272506714,0.06039969919116369,0.05235700681805611,0.24083235258576302,6666.0
socofing:000103:right_middle,random_rectangles,0.10000000149011612,0.232623890042305,0.23313850164413452,0.23250745236873627,0.04159076337236911,0.035904236137866974,0.2077624294933337,11485.0
socofing:000103:right_ring,random_rectangles,0.20000000298023224,0.23750576376914978,0.23234422504901886,0.2327113002538681,0.07839805616198905,0.06624539941549301,0.15640127835565848,11102.0
socofing:000103:right_little,random_rectangles,0.30000001192092896,0.48193100094795227,0.42614784836769104,0.37865149974823,0.046891322425965755,0.03929249569773674,0.05115019339758303,6220.0
socofing:000107:left_thumb,random_rectangles,0.4000000059604645,0.23574253916740417,0.23880785703659058,0.2082969695329666,0.0694773702416569,0.06008266285061836,0.3563883658085229,8957.0
socofing:000107:left_index,random_rectangles,0.5,0.2230195701122284,0.2156113237142563,0.21163268387317657,0.07610755001327821,0.07010756433010101,0.24020719048485434,7383.0
socofing:000107:left_middle,random_rectangles,0.6000000238418579,0.2271951586008072,0.2146458625793457,0.21192096173763275,0.13066989186752057,0.12157100439071655,0.29128154001294104,5170.0
socofing:000107:left_ring,random_rectangles,0.699999988079071,0.230269193649292,0.22755561769008636,0.2177504152059555,0.09187491421055581,0.07750582695007324,0.21549583305698908,3763.0
socofing:000107:left_little,random_rectangles,0.800000011920929,0.18873153626918793,0.19654768705368042,0.18873153626918793,0.04523771259534572,0.039858974516391754,0.09264361083425418,3277.0
socofing:000107:right_thumb,irregular,0.10000000149011612,0.2523825466632843,0.25064411759376526,0.25013554096221924,0.05710868304595351,0.047954097390174866,0.11763023400147551,11023.0
socofing:000107:right_index,irregular,0.20000000298023224,0.22807711362838745,0.22441671788692474,0.21712517738342285,0.05099499255551824,0.04243888705968857,0.37594051148716495,8287.0
socofing:000107:right_middle,irregular,0.30000001192092896,0.2219381183385849,0.22410444915294647,0.19960851967334747,0.05074819889185684,0.04273834452033043,0.21485148749253,8682.0
socofing:000107:right_ring,irregular,0.4000000059604645,0.2138185352087021,0.20864301919937134,0.19852565228939056,0.043777465886835544,0.03653639927506447,0.38804800494540087,4382.0
socofing:000107:right_little,irregular,0.5,0.209915429353714,0.2071920782327652,0.20540668070316315,0.03233226844375687,0.029450029134750366,0.43696964110066344,3423.0
socofing:000112:left_thumb,irregular,0.6000000238418579,0.2085510939359665,0.2059391289949417,0.20293138921260834,0.05702207412105054,0.05271254479885101,0.2007752837587029,4527.0
socofing:000112:left_index,irregular,0.699999988079071,0.17503102123737335,0.17491523921489716,0.1730632781982422,0.061452025514362116,0.052308131009340286,0.20537827535308154,3813.0
socofing:000112:left_middle,irregular,0.800000011920929,0.1468258798122406,0.1466083824634552,0.14526918530464172,0.02913186196903033,0.02463078498840332,0.419224125933456,1657.0
socofing:000112:left_ring,central_missing,0.10000000149011612,0.2219904512166977,0.20965828001499176,0.20902320742607117,0.06749066164983171,0.05800774320960045,0.12500566371426586,8298.0
socofing:000112:left_little,central_missing,0.20000000298023224,0.23378288745880127,0.24242565035820007,0.2317505031824112,0.034787544797706814,0.02916271984577179,0.14301787484855194,7735.0
socofing:000112:right_thumb,central_missing,0.30000001192092896,0.348346471786499,0.3696814179420471,0.24404068291187286,0.07596003184361118,0.07205261290073395,0.38265234031846923,11036.0
socofing:000112:right_index,central_missing,0.4000000059604645,0.23764090240001678,0.2813998758792877,0.23036877810955048,0.09150026577325272,0.0829741582274437,0.2015957729033837,9644.0
socofing:000112:right_middle,central_missing,0.5,0.21443454921245575,0.22505809366703033,0.1855616569519043,0.08543162157626025,0.08030109852552414,0.32639592432125664,7338.0
socofing:000112:right_ring,central_missing,0.6000000238418579,0.21713311970233917,0.15754924714565277,0.1574631780385971,0.10256193684680122,0.09408245980739594,0.23161699801413574,6066.0
socofing:000112:right_little,central_missing,0.699999988079071,0.19033247232437134,0.19105467200279236,0.19033247232437134,0.06960759750966515,0.05901358276605606,-0.062881900487459,4915.0
socofing:000115:left_thumb,central_missing,0.800000011920929,0.23584936559200287,0.23616233468055725,0.2230559140443802,0.07176815350872598,0.06233775615692139,0.13219476424333668,3277.0
socofing:000115:left_index,peripheral_only,0.10000000149011612,0.20582130551338196,0.1830226182937622,0.16645961999893188,0.05652192208383765,0.04720660299062729,0.3164813806693441,9489.0
socofing:000115:left_middle,peripheral_only,0.20000000298023224,0.22554638981819153,0.21940472722053528,0.20396527647972107,0.04493713847893689,0.037463318556547165,0.20815541491077524,8108.0
socofing:000115:left_ring,peripheral_only,0.30000001192092896,0.246626079082489,0.21914975345134735,0.20627817511558533,0.04801510111428797,0.04027571529150009,0.09674903686521766,7156.0
socofing:000115:left_little,peripheral_only,0.4000000059604645,0.18970929086208344,0.19256627559661865,0.18471668660640717,0.05489895186786141,0.046861641108989716,0.20680238829772432,5533.0
socofing:000115:right_thumb,peripheral_only,0.5,0.21879151463508606,0.19719341397285461,0.19499196112155914,0.09178234821385038,0.08382629603147507,0.19693378924635557,5567.0
socofing:000115:right_index,peripheral_only,0.6000000238418579,0.19795486330986023,0.19790752232074738,0.1961098462343216,0.02302236623862492,0.02010609582066536,0.20349543832537415,4069.0
socofing:000115:right_middle,peripheral_only,0.699999988079071,0.20963677763938904,0.20506398379802704,0.20479720830917358,0.05298275883043451,0.04624892398715019,0.07323318579200673,3177.0
socofing:000115:right_ring,peripheral_only,0.800000011920929,0.20779192447662354,0.20320641994476318,0.2014271765947342,0.03301929512859455,0.027796423062682152,0.022597880683764015,2215.0
socofing:000115:right_little,central_only,0.10000000149011612,0.2501552402973175,0.2605273723602295,0.21686145663261414,0.06985650015329677,0.0645890012383461,0.31001313421602456,9296.0
socofing:000118:left_thumb,central_only,0.20000000298023224,0.2608502507209778,0.23455241322517395,0.20006391406059265,0.05635069526865014,0.047780245542526245,0.3520206517099204,6666.0
socofing:000118:left_index,central_only,0.30000001192092896,0.22123655676841736,0.19560009241104126,0.18040966987609863,0.04669633507728577,0.03883316367864609,0.35227755673085215,4141.0
socofing:000118:left_middle,central_only,0.4000000059604645,0.21478688716888428,0.22314490377902985,0.20278160274028778,0.04122764005192688,0.03499990701675415,0.5811267092837017,3760.0
socofing:000118:left_ring,central_only,0.5,0.18822301924228668,0.22750410437583923,0.18822301924228668,0.066938600935308,0.05728238821029663,0.28249657067957906,1655.0
socofing:000118:left_little,central_only,0.6000000238418579,0.3109060823917389,0.3178516626358032,0.29211485385894775,0.02372640369659556,0.02088487520813942,0.4309485844223475,971.0
socofing:000118:right_thumb,central_only,0.699999988079071,0.22355298697948456,0.23055899143218994,0.21206380426883698,0.05846108842108931,0.04912862554192543,0.493814724346718,1460.0
socofing:000118:right_index,central_only,0.800000011920929,0.2309851199388504,0.24031487107276917,0.21439144015312195,0.05435181232834501,0.05122135579586029,0.7372453412368217,661.0
socofing:000118:right_middle,disconnected_fragments,0.10000000149011612,0.1814046949148178,0.17367880046367645,0.1714525818824768,0.08651642591160323,0.07797201722860336,0.21165179138771678,9172.0
socofing:000118:right_ring,disconnected_fragments,0.20000000298023224,0.1657371073961258,0.16978178918361664,0.1657371073961258,0.050270462475184886,0.043795354664325714,0.08561015014831347,5799.0
socofing:000118:right_little,disconnected_fragments,0.30000001192092896,0.1879231184720993,0.1773432046175003,0.17112888395786285,0.056888514946747036,0.04973765090107918,0.28363682565706416,5166.0
socofing:000132:left_thumb,disconnected_fragments,0.4000000059604645,0.24772989749908447,0.25056588649749756,0.24772989749908447,0.05053075126904462,0.04372603818774223,0.31282062504785274,6719.0
socofing:000132:left_index,disconnected_fragments,0.5,0.22459366917610168,0.23723673820495605,0.22459366917610168,0.05003265860224409,0.046743255108594894,0.43104659736837475,3911.0
socofing:000132:left_middle,disconnected_fragments,0.6000000238418579,0.25456178188323975,0.252026230096817,0.2524798512458801,0.09538820622089718,0.08448522537946701,0.19749605051511365,4078.0
socofing:000132:left_ring,disconnected_fragments,0.699999988079071,0.21970610320568085,0.24171102046966553,0.21970610320568085,0.08138894096815161,0.06862185150384903,0.018919326975220776,2844.0
socofing:000132:left_little,disconnected_fragments,0.800000011920929,0.1419665366411209,0.11289098858833313,0.08226072043180466,0.05041446167576526,0.04404032230377197,0.6049763947477065,589.0
socofing:000132:right_thumb,stripes,0.10000000149011612,0.2864348292350769,0.26196980476379395,0.2407129853963852,0.0665594889516277,0.05609417334198952,0.29626092879345617,11337.0
socofing:000132:right_index,stripes,0.20000000298023224,0.2613263428211212,0.2461942881345749,0.23471377789974213,0.06305364655729916,0.05740197375416756,0.34373124114590997,9313.0
socofing:000132:right_middle,stripes,0.30000001192092896,0.23180441558361053,0.2186756283044815,0.21641243994235992,0.04165069449559918,0.036124471575021744,0.2976594724186377,7662.0
socofing:000132:right_ring,stripes,0.4000000059604645,0.2615586519241333,0.26630404591560364,0.25604891777038574,0.08920056690528456,0.07708142697811127,0.17638550853130075,8119.0
socofing:000132:right_little,stripes,0.5,0.2177063375711441,0.20298990607261658,0.1934216469526291,0.05758677755615541,0.047966159880161285,0.2787565580543673,5905.0
socofing:000138:left_thumb,stripes,0.6000000238418579,0.2272813320159912,0.21759609878063202,0.216796413064003,0.08125321131332644,0.06942243129014969,0.0815488912446906,3819.0
socofing:000138:left_index,stripes,0.699999988079071,0.21560601890087128,0.20966224372386932,0.20745530724525452,0.04033704926925046,0.03398923575878143,0.3273646078791954,3860.0
socofing:000138:left_middle,stripes,0.800000011920929,0.23276346921920776,0.2323494404554367,0.23175464570522308,0.0720585864203583,0.06270893663167953,0.2807241487923826,1966.0
socofing:000138:left_ring,severe_partial,0.10000000149011612,0.30783772468566895,0.2830124497413635,0.26924145221710205,0.077473290713637,0.06564696878194809,0.19493061616928276,8526.0
socofing:000138:left_little,severe_partial,0.20000000298023224,0.27889734506607056,0.29002630710601807,0.27889734506607056,0.03921104392169842,0.03312305361032486,0.19942269096841866,7153.0
socofing:000138:right_thumb,severe_partial,0.30000001192092896,0.2743648290634155,0.25679123401641846,0.234175905585289,0.04441596850353692,0.03960302844643593,0.15974470393340004,5084.0
socofing:000138:right_index,random_rectangles,0.10000000149011612,0.3290531039237976,0.30749523639678955,0.28030458092689514,0.06428143999073654,0.05649256333708763,0.026295246292414823,8261.0
socofing:000138:right_middle,random_rectangles,0.20000000298023224,0.2779574990272522,0.2744899094104767,0.2639242708683014,0.038551341060415974,0.034308820962905884,0.2515972752525857,6657.0
socofing:000138:right_ring,random_rectangles,0.30000001192092896,0.34347817301750183,0.2834426164627075,0.2596195936203003,0.08458364663446057,0.07276538759469986,0.170115923501335,8371.0
socofing:000138:right_little,random_rectangles,0.4000000059604645,0.3022492825984955,0.29245254397392273,0.2775891423225403,0.06630709877104632,0.05851330980658531,0.27255662151913757,6568.0
socofing:000153:left_thumb,random_rectangles,0.5,0.2311345636844635,0.23213520646095276,0.2311345636844635,0.0837481423015041,0.07550488412380219,0.15509966955220272,7859.0
socofing:000153:left_index,random_rectangles,0.6000000238418579,0.2205820083618164,0.217412069439888,0.21624228358268738,0.06418210244737566,0.05410538986325264,0.16513383266772388,5898.0
socofing:000153:left_middle,random_rectangles,0.699999988079071,0.2463410347700119,0.22991342842578888,0.20561803877353668,0.07621732387425643,0.06601979583501816,0.3152518502564938,4022.0
socofing:000153:left_ring,random_rectangles,0.800000011920929,0.2246856838464737,0.2165200263261795,0.21743692457675934,0.08023118317526366,0.07174689322710037,0.16443101339209495,3221.0
socofing:000153:left_little,irregular,0.10000000149011612,0.2511536478996277,0.23557087779045105,0.22671353816986084,0.05542941448012633,0.04724033921957016,0.12187170555748496,9188.0
socofing:000153:right_thumb,irregular,0.20000000298023224,0.20731493830680847,0.208452969789505,0.2072351723909378,0.045467923229028075,0.03813799470663071,0.19012104531463714,10118.0
socofing:000153:right_index,irregular,0.30000001192092896,0.19231343269348145,0.18493583798408508,0.18525844812393188,0.05234054311378194,0.04388721287250519,0.3344647053341414,8607.0
socofing:000153:right_middle,irregular,0.4000000059604645,0.210196852684021,0.18421760201454163,0.17646214365959167,0.050100775967751233,0.04299134016036987,0.1964748194088346,7245.0
socofing:000153:right_ring,irregular,0.5,0.16374658048152924,0.1603117138147354,0.15931425988674164,0.09061947874059635,0.08281072974205017,0.35020631376038447,5151.0
socofing:000153:right_little,irregular,0.6000000238418579,0.23339301347732544,0.22181937098503113,0.21990734338760376,0.05259384660582457,0.04435959830880165,0.24571221190405895,4077.0
socofing:000161:left_thumb,irregular,0.699999988079071,0.1942557692527771,0.19147159159183502,0.18243762850761414,0.03718201465172959,0.03222128748893738,0.21738768285880575,3615.0
socofing:000161:left_index,irregular,0.800000011920929,0.17469844222068787,0.17111949622631073,0.17190469801425934,0.06097858232845153,0.0523521713912487,0.1843889040100909,2699.0
socofing:000161:left_middle,central_missing,0.10000000149011612,0.22372521460056305,0.2152175009250641,0.2114875614643097,0.04528987437619695,0.03788397088646889,0.2956409716948119,11618.0
socofing:000161:left_ring,central_missing,0.20000000298023224,0.2357856184244156,0.23548294603824615,0.23334473371505737,0.08864901623954731,0.07764068990945816,0.1426138299810517,8669.0
socofing:000161:left_little,central_missing,0.30000001192092896,0.23679542541503906,0.2527240514755249,0.23679542541503906,0.08970385581986713,0.07935329526662827,0.20270469200960944,6975.0
socofing:000161:right_thumb,central_missing,0.4000000059604645,0.2365567982196808,0.23507289588451385,0.2326473593711853,0.0664259080575513,0.05939798057079315,0.1688036974436813,9766.0
socofing:000161:right_index,central_missing,0.5,0.2358701229095459,0.23579028248786926,0.22065304219722748,0.08362805690350276,0.07058733701705933,0.1821436201993485,8094.0
socofing:000161:right_middle,central_missing,0.6000000238418579,0.2826337218284607,0.23031185567378998,0.22786837816238403,0.10016028795923505,0.08503766357898712,0.030356542731252614,6554.0
socofing:000161:right_ring,central_missing,0.699999988079071,0.2744770646095276,0.2188502848148346,0.19422081112861633,0.07876787968312524,0.0750943273305893,0.27069719040816664,4915.0
socofing:000161:right_little,central_missing,0.800000011920929,0.2089812457561493,0.21118201315402985,0.2089812457561493,0.13640497754594044,0.12329239398241043,0.046868687091472294,3277.0
socofing:000163:left_thumb,peripheral_only,0.10000000149011612,0.2720143496990204,0.22684742510318756,0.1941327452659607,0.07083081281078714,0.05911527946591377,0.1066091984266717,9278.0
socofing:000163:left_index,peripheral_only,0.20000000298023224,0.16783863306045532,0.16376079618930817,0.16118882596492767,0.04035995338511254,0.03467533737421036,0.1058636405658452,7710.0
socofing:000163:left_middle,peripheral_only,0.30000001192092896,0.15039224922657013,0.16118954122066498,0.15039224922657013,0.04260233666614762,0.03728967532515526,0.05821944977927345,7049.0
socofing:000163:left_ring,peripheral_only,0.4000000059604645,0.18760228157043457,0.1732853353023529,0.15959730744361877,0.056282581528648734,0.046913813799619675,0.2572022568025531,4372.0
socofing:000163:left_little,peripheral_only,0.5,0.2409186214208603,0.24362066388130188,0.20394648611545563,0.031704881660906334,0.026421936228871346,0.11507767616585754,3536.0
socofing:000163:right_thumb,peripheral_only,0.6000000238418579,0.18629680573940277,0.19156242907047272,0.1740816831588745,0.07842927469339754,0.07791556417942047,0.24152527739697277,4455.0
socofing:000163:right_index,peripheral_only,0.699999988079071,0.15654323995113373,0.17596431076526642,0.1440841108560562,0.0543091108889452,0.04589032381772995,0.3496731049461736,2971.0
socofing:000163:right_middle,peripheral_only,0.800000011920929,0.22055138647556305,0.19473686814308167,0.1699923425912857,0.04800789537174361,0.040649428963661194,0.321362061830067,2057.0
socofing:000163:right_ring,central_only,0.10000000149011612,0.278062641620636,0.2288682758808136,0.17955949902534485,0.07645860663615167,0.06395073980093002,0.2540688718317578,8008.0
socofing:000163:right_little,central_only,0.20000000298023224,0.3433834910392761,0.2618562877178192,0.21611300110816956,0.061361595505981574,0.05407824367284775,0.40580077390511465,5271.0
socofing:000185:left_thumb,central_only,0.30000001192092896,0.18744106590747833,0.18951201438903809,0.18621942400932312,0.08363002698336329,0.07055883854627609,0.3082149572995338,6779.0
socofing:000185:left_index,central_only,0.4000000059604645,0.23354984819889069,0.19893844425678253,0.18717819452285767,0.057816166463973265,0.04883625730872154,0.2280459691757113,2844.0
socofing:000185:left_middle,central_only,0.5,0.2043975293636322,0.16650022566318512,0.16070127487182617,0.09279528606150832,0.08132075518369675,0.36852639532294057,3351.0
socofing:000185:left_ring,central_only,0.6000000238418579,0.1959909200668335,0.19268956780433655,0.18652252852916718,0.0438278362687145,0.03808191418647766,0.22540090242232094,2175.0
socofing:000185:left_little,central_only,0.699999988079071,0.16297519207000732,0.1574878841638565,0.1552671194076538,0.061789616443482895,0.05188179016113281,-0.1039524285616299,1305.0
socofing:000185:right_thumb,central_only,0.800000011920929,0.2121521532535553,0.20960663259029388,0.17142949998378754,0.0697610234242997,0.058754175901412964,0.32815146992546923,963.0
socofing:000185:right_index,disconnected_fragments,0.10000000149011612,0.21030622720718384,0.24925634264945984,0.2070029377937317,0.0864226468173521,0.07260877639055252,0.32012040864791597,10837.0
socofing:000185:right_middle,disconnected_fragments,0.20000000298023224,0.24025596678256989,0.2309718281030655,0.214727520942688,0.051959845470264554,0.043610356748104095,0.21745082642306104,8282.0
socofing:000185:right_ring,disconnected_fragments,0.30000001192092896,0.2110145092010498,0.21187743544578552,0.21078556776046753,0.06658118444361857,0.057408999651670456,0.3004830441195887,4990.0
socofing:000185:right_little,disconnected_fragments,0.4000000059604645,0.2212543934583664,0.23122937977313995,0.2212543934583664,0.09031653261211302,0.08015801757574081,0.21710317832942,5577.0
socofing:000200:left_thumb,disconnected_fragments,0.5,0.2906245291233063,0.28808555006980896,0.28376346826553345,0.057793375121296515,0.04845497012138367,0.18156054543513292,4587.0
socofing:000200:left_index,disconnected_fragments,0.6000000238418579,0.2508388161659241,0.24699322879314423,0.22354312241077423,0.07453909368320767,0.06878994405269623,0.18516395569672078,3633.0
socofing:000200:left_middle,disconnected_fragments,0.699999988079071,0.36234527826309204,0.3414303660392761,0.29765555262565613,0.05153053295465985,0.04426754638552666,0.24219165733161066,1496.0
socofing:000200:left_ring,disconnected_fragments,0.800000011920929,0.24955803155899048,0.2538306713104248,0.24642661213874817,0.11731275776401162,0.10114976018667221,0.15856300301599993,1480.0
socofing:000200:left_little,stripes,0.10000000149011612,0.2431182861328125,0.25221532583236694,0.24244756996631622,0.08040971728041768,0.06915343552827835,0.3398902857362274,7338.0
socofing:000200:right_thumb,stripes,0.20000000298023224,0.24286788702011108,0.24388059973716736,0.24208571016788483,0.06821409070731274,0.05804399028420448,0.2059243920849611,9501.0
socofing:000200:right_index,stripes,0.30000001192092896,0.33785828948020935,0.2763042151927948,0.24841833114624023,0.11089181653889162,0.0937684029340744,0.4812427842662819,7786.0
socofing:000200:right_middle,stripes,0.4000000059604645,0.2350400984287262,0.22103798389434814,0.21659395098686218,0.06334928313403257,0.05766969546675682,0.3132327739793214,6670.0
socofing:000200:right_ring,stripes,0.5,0.2648850083351135,0.26838570833206177,0.25743257999420166,0.08925545601440328,0.08248536288738251,0.27978764946001283,5116.0
socofing:000200:right_little,stripes,0.6000000238418579,0.2461358904838562,0.24638529121875763,0.24187597632408142,0.048532222297840884,0.04707629978656769,0.2297991185455865,4322.0
socofing:000203:left_thumb,stripes,0.699999988079071,0.3131372630596161,0.3033774793148041,0.30025535821914673,0.13843890825020416,0.12126649916172028,0.14386576332780604,2236.0
socofing:000203:left_index,stripes,0.800000011920929,0.21851173043251038,0.21809740364551544,0.2159399688243866,0.033988254776756675,0.030602240934967995,0.31411113041481,2527.0
socofing:000203:left_middle,severe_partial,0.10000000149011612,0.2640109956264496,0.2644948363304138,0.263547420501709,0.06940952748326319,0.06175176426768303,0.1849823275403457,8379.0
socofing:000203:left_ring,severe_partial,0.20000000298023224,0.27592864632606506,0.27649039030075073,0.27033531665802,0.05207317056400435,0.046196985989809036,0.19803802754728475,6770.0
socofing:000203:left_little,severe_partial,0.30000001192092896,0.29816916584968567,0.31001168489456177,0.2897743880748749,0.06716480012983084,0.05848955363035202,0.08148606884354076,3899.0
socofing:000203:right_thumb,random_rectangles,0.10000000149011612,0.2883598804473877,0.2914579212665558,0.2655433714389801,0.06034646958245763,0.0566253624856472,0.1498576219637488,10757.0
socofing:000203:right_index,random_rectangles,0.20000000298023224,0.2795044183731079,0.27376827597618103,0.27309224009513855,0.05288684632562633,0.04492693766951561,0.3311668802010807,7660.0
socofing:000203:right_middle,random_rectangles,0.30000001192092896,0.24186445772647858,0.24575604498386383,0.23337145149707794,0.07292986583031182,0.0665995180606842,0.29660828745346257,8402.0
socofing:000203:right_ring,random_rectangles,0.4000000059604645,0.21037229895591736,0.2208954244852066,0.21037229895591736,0.06423255355496492,0.05434254929423332,0.28341720109935004,6339.0
socofing:000203:right_little,random_rectangles,0.5,0.23500588536262512,0.2426573485136032,0.2349536418914795,0.06327998046098011,0.05285356938838959,0.2937044416053541,5213.0
socofing:000206:left_thumb,random_rectangles,0.6000000238418579,0.2717472314834595,0.3059580624103546,0.2660312354564667,0.10725011501926929,0.09113235771656036,0.30572135306084136,5925.0
socofing:000206:left_index,random_rectangles,0.699999988079071,0.2546457052230835,0.2557302713394165,0.2299279123544693,0.042755946749821305,0.03712340444326401,0.3062989020920738,4731.0
socofing:000206:left_middle,random_rectangles,0.800000011920929,0.21567469835281372,0.2299136370420456,0.20286278426647186,0.0486099994408765,0.040822841227054596,0.3062731959235396,2948.0
socofing:000206:left_ring,irregular,0.10000000149011612,0.21827751398086548,0.21894420683383942,0.21827751398086548,0.03650507374134447,0.03293851390480995,0.30172454986275205,10753.0
socofing:000206:left_little,irregular,0.20000000298023224,0.2138904184103012,0.2108299434185028,0.20432473719120026,0.035379954181345444,0.029881179332733154,0.3467861031482627,8745.0
socofing:000206:right_thumb,irregular,0.30000001192092896,0.2554134726524353,0.25658854842185974,0.25369781255722046,0.05939230648800731,0.05021868273615837,0.2579810119517467,8771.0
socofing:000206:right_index,irregular,0.4000000059604645,0.2274843156337738,0.23125046491622925,0.22645168006420135,0.04883773688093892,0.04103611782193184,0.3042064157369358,7498.0
socofing:000206:right_middle,irregular,0.5,0.2183689922094345,0.22390203177928925,0.2096005082130432,0.05523962384488966,0.052777249366045,0.24666673783035709,6590.0
socofing:000206:right_ring,irregular,0.6000000238418579,0.19531922042369843,0.19744865596294403,0.18463881313800812,0.050665213260799646,0.04246637225151062,0.27521756759231963,4698.0
socofing:000206:right_little,irregular,0.699999988079071,0.19680967926979065,0.18653197586536407,0.18069422245025635,0.030839054329719926,0.02597149647772312,0.207823666682611,3281.0
socofing:000214:left_thumb,irregular,0.800000011920929,0.2476455420255661,0.2482774555683136,0.2476455420255661,0.06219370350507753,0.054855626076459885,-0.01421225027285199,2188.0
socofing:000214:left_index,central_missing,0.10000000149011612,0.2699296772480011,0.2708781659603119,0.2691413462162018,0.05308139104662197,0.04481832683086395,0.328082205595689,9518.0
socofing:000214:left_middle,central_missing,0.20000000298023224,0.26867812871932983,0.25762665271759033,0.2502439022064209,0.06330307852476835,0.0539233535528183,0.3713638431350953,9038.0
socofing:000214:left_ring,central_missing,0.30000001192092896,0.26778388023376465,0.26856544613838196,0.263832688331604,0.05289674952759275,0.04554545879364014,0.20203983262833677,6682.0
socofing:000214:left_little,central_missing,0.4000000059604645,0.25168758630752563,0.2517254948616028,0.25168758630752563,0.06119643487701459,0.054550547152757645,0.22915652524088617,6689.0
socofing:000214:right_thumb,central_missing,0.5,0.24961379170417786,0.24592728912830353,0.23070289194583893,0.03915814809235079,0.033401377499103546,0.29522072054279325,7757.0
socofing:000214:right_index,central_missing,0.6000000238418579,0.23501640558242798,0.23981985449790955,0.23501640558242798,0.15217682333397015,0.13777151703834534,0.32307074950337944,6097.0
socofing:000214:right_middle,central_missing,0.699999988079071,0.22789813578128815,0.2213466316461563,0.19446393847465515,0.11324314373944487,0.10001910477876663,0.42337961333421004,4074.0
socofing:000214:right_ring,central_missing,0.800000011920929,0.21766816079616547,0.22293543815612793,0.21766816079616547,0.04998049735357719,0.0425528883934021,0.2048174130310078,3277.0
socofing:000214:right_little,peripheral_only,0.10000000149011612,0.23386330902576447,0.2528161406517029,0.22866570949554443,0.05611702660098672,0.047742120921611786,0.377701443279967,9280.0
socofing:000217:left_thumb,peripheral_only,0.20000000298023224,0.26746034622192383,0.25351211428642273,0.24480003118515015,0.05496905078845365,0.04625452309846878,0.23944343560950165,8529.0
socofing:000217:left_index,peripheral_only,0.30000001192092896,0.24648624658584595,0.24492429196834564,0.24278797209262848,0.03532475376102541,0.029718050733208656,0.05021942559531935,6310.0
socofing:000217:left_middle,peripheral_only,0.4000000059604645,0.24385389685630798,0.24001668393611908,0.239385724067688,0.048307442638490884,0.040819503366947174,0.09924875871317167,5824.0
socofing:000217:left_ring,peripheral_only,0.5,0.24690930545330048,0.25418856739997864,0.2466873824596405,0.0742667686925935,0.06253590434789658,0.20325706232137564,4263.0
socofing:000217:left_little,peripheral_only,0.6000000238418579,0.26590824127197266,0.2524643838405609,0.24372470378875732,0.09623694699257612,0.0813477486371994,0.16594973784262348,4008.0
socofing:000217:right_thumb,peripheral_only,0.699999988079071,0.24445444345474243,0.2429971694946289,0.24200081825256348,0.03859780030325055,0.03239423781633377,0.03280750339394415,3346.0
socofing:000217:right_index,peripheral_only,0.800000011920929,0.24446001648902893,0.24396516382694244,0.24385228753089905,0.04444533533283642,0.03858409449458122,0.0965798390223488,2076.0
socofing:000217:right_middle,central_only,0.10000000149011612,0.2668711543083191,0.2663434147834778,0.26539409160614014,0.04366400558501482,0.03850194066762924,0.1694288929977007,8785.0
socofing:000217:right_ring,central_only,0.20000000298023224,0.24476586282253265,0.23856407403945923,0.22985070943832397,0.0502058614843658,0.0438762791454792,0.3640439679220166,6546.0
socofing:000217:right_little,central_only,0.30000001192092896,0.25119057297706604,0.2507311701774597,0.2367173731327057,0.05663547641597688,0.049036405980587006,0.363272109810296,4863.0
socofing:000241:left_thumb,central_only,0.4000000059604645,0.2526634931564331,0.25779014825820923,0.24834246933460236,0.03690204666262226,0.03292190283536911,0.2803553599660207,4142.0
socofing:000241:left_index,central_only,0.5,0.23284395039081573,0.23398248851299286,0.22260573506355286,0.024418851942755282,0.020451530814170837,0.6881533762147709,2314.0
socofing:000241:left_middle,central_only,0.6000000238418579,0.24590906500816345,0.2537227272987366,0.22334806621074677,0.04915568475345416,0.04156550019979477,0.4438747523261309,1473.0
socofing:000241:left_ring,central_only,0.699999988079071,0.23793424665927887,0.29749059677124023,0.23793424665927887,0.05661362404602447,0.047130633145570755,0.3668489206732833,352.0
socofing:000241:left_little,central_only,0.800000011920929,0.4476083517074585,0.4217378497123718,0.35602879524230957,0.05861557604345892,0.04860277101397514,-0.3922447902927988,222.0
socofing:000241:right_thumb,disconnected_fragments,0.10000000149011612,0.28486964106559753,0.2691011428833008,0.2285199761390686,0.05968186307498919,0.04996128007769585,0.42092251047880674,9926.0
socofing:000241:right_index,disconnected_fragments,0.20000000298023224,0.23042385280132294,0.2319573312997818,0.2278902530670166,0.0880141061996775,0.07806655019521713,0.14525653997218393,8009.0
socofing:000241:right_middle,disconnected_fragments,0.30000001192092896,0.24113397300243378,0.21867585182189941,0.2155567854642868,0.0726683669324432,0.060912735760211945,0.18863840783331903,7039.0
socofing:000241:right_ring,disconnected_fragments,0.4000000059604645,0.23234140872955322,0.23080158233642578,0.23072272539138794,0.06685083795205823,0.05605487897992134,0.2549865394674914,4009.0
socofing:000241:right_little,disconnected_fragments,0.5,0.24994973838329315,0.23536396026611328,0.21802079677581787,0.0787959209244166,0.06605489552021027,0.3573623792789617,3638.0
socofing:000249:left_thumb,disconnected_fragments,0.6000000238418579,0.14223383367061615,0.17198877036571503,0.12928679585456848,0.06910715200605669,0.059029363095760345,0.44358143450631754,3529.0
socofing:000249:left_index,disconnected_fragments,0.699999988079071,0.1513991355895996,0.13335579633712769,0.12743918597698212,0.1038063408673874,0.0961749404668808,0.24894137793428764,2384.0
socofing:000249:left_middle,disconnected_fragments,0.800000011920929,0.2722254693508148,0.23921214044094086,0.14369705319404602,0.09309022521067943,0.08177609741687775,0.7284695458305911,2142.0
socofing:000249:left_ring,stripes,0.10000000149011612,0.16144663095474243,0.19958998262882233,0.16144663095474243,0.07069317510883723,0.058450017124414444,0.3322922602414594,8514.0
socofing:000249:left_little,stripes,0.20000000298023224,0.3345205783843994,0.32498234510421753,0.29314932227134705,0.06488541051346276,0.0561646968126297,0.003540328715619194,6021.0
socofing:000249:right_thumb,stripes,0.30000001192092896,0.3553507328033447,0.2967703938484192,0.20054642856121063,0.09054996994590121,0.07730097323656082,0.7763987847275932,8416.0
socofing:000249:right_index,stripes,0.4000000059604645,0.40236330032348633,0.27439355850219727,0.18928851187229156,0.11804945620575122,0.10482346266508102,0.4950857504667406,7934.0
socofing:000249:right_middle,stripes,0.5,0.26399797201156616,0.22415032982826233,0.15659962594509125,0.09545345807314984,0.08235622942447662,0.43640664986831834,6331.0
socofing:000249:right_ring,stripes,0.6000000238418579,0.18034502863883972,0.17693090438842773,0.17420919239521027,0.03475409255562616,0.029518218711018562,0.369489306848186,3591.0
socofing:000249:right_little,stripes,0.699999988079071,0.196963369846344,0.20042787492275238,0.1935865432024002,0.07897990873815226,0.0670626163482666,0.697391193603077,2052.0
socofing:000256:left_thumb,stripes,0.800000011920929,0.1924888789653778,0.19326329231262207,0.1924888789653778,0.07561594311014883,0.07250581681728363,0.01065224605689694,2111.0
socofing:000256:left_index,severe_partial,0.10000000149011612,0.25105130672454834,0.2510986030101776,0.24495722353458405,0.04120258042322738,0.03452739119529724,0.13376059870980192,9690.0
socofing:000256:left_middle,severe_partial,0.20000000298023224,0.2551460564136505,0.25069186091423035,0.25107160210609436,0.07921671824130629,0.06758131086826324,0.0944161595617609,8915.0
socofing:000256:left_ring,severe_partial,0.30000001192092896,0.20735134184360504,0.2067933827638626,0.20735134184360504,0.11521793146883803,0.09702682495117188,0.20327087644448855,7239.0
socofing:000256:left_little,random_rectangles,0.10000000149011612,0.24776093661785126,0.26914146542549133,0.24776093661785126,0.09267846661220704,0.07833526283502579,0.24519786267801158,9591.0
socofing:000256:right_thumb,random_rectangles,0.20000000298023224,0.23038816452026367,0.23517820239067078,0.22405663132667542,0.07749042437145752,0.06832755357027054,0.28560991414044923,10904.0
socofing:000256:right_index,random_rectangles,0.30000001192092896,0.23989960551261902,0.2384905219078064,0.23790210485458374,0.07250720856245607,0.061731886118650436,0.3398386456356302,7386.0
socofing:000256:right_middle,random_rectangles,0.4000000059604645,0.25641900300979614,0.2382691651582718,0.23451659083366394,0.06514814000443689,0.05503082275390625,0.09625983848305306,9170.0
socofing:000256:right_ring,random_rectangles,0.5,0.22427552938461304,0.21694257855415344,0.20152108371257782,0.06331675536265331,0.05461600050330162,0.14390256236160726,6999.0
socofing:000256:right_little,random_rectangles,0.6000000238418579,0.22145725786685944,0.22141021490097046,0.22069643437862396,0.07190135710074433,0.06287521868944168,0.1123878017033658,5638.0
socofing:000263:left_thumb,random_rectangles,0.699999988079071,0.1961333155632019,0.16416782140731812,0.16571572422981262,0.06550123351293483,0.06247579678893089,0.12427318452752437,4597.0
socofing:000263:left_index,random_rectangles,0.800000011920929,0.18986178934574127,0.1878112405538559,0.18856585025787354,0.050591403019747565,0.04294848069548607,0.055633793673470065,3210.0
socofing:000263:left_middle,irregular,0.10000000149011612,0.18399424850940704,0.20629560947418213,0.18399424850940704,0.047464725045886426,0.04270872101187706,0.2778915840342905,9056.0
socofing:000263:left_ring,irregular,0.20000000298023224,0.17914363741874695,0.1860075145959854,0.1767493039369583,0.035176152646142454,0.030578162521123886,0.24418204101306143,7217.0
socofing:000263:left_little,irregular,0.30000001192092896,0.22354628145694733,0.1970483809709549,0.16618874669075012,0.05476742457332356,0.04612140730023384,0.29676736844108503,6201.0
socofing:000263:right_thumb,irregular,0.4000000059604645,0.19653399288654327,0.22541260719299316,0.18916721642017365,0.052995657215693166,0.045041631907224655,0.4618641035915669,7233.0
socofing:000263:right_index,irregular,0.5,0.16602352261543274,0.1656332015991211,0.1650593876838684,0.03440787383754339,0.02927774377167225,0.1937916944749293,5701.0
socofing:000263:right_middle,irregular,0.6000000238418579,0.15531925857067108,0.15501810610294342,0.1548532098531723,0.033214818353631666,0.0286306943744421,0.2999714820640663,4824.0
socofing:000263:right_ring,irregular,0.699999988079071,0.1753574162721634,0.1630951166152954,0.16154304146766663,0.03351368336006999,0.028994310647249222,0.33909971857316334,3430.0
socofing:000263:right_little,irregular,0.800000011920929,0.15287716686725616,0.14554207026958466,0.14334803819656372,0.05450696538069418,0.04767094552516937,0.3144875575672049,2045.0
socofing:000274:left_thumb,central_missing,0.10000000149011612,0.28614792227745056,0.27831536531448364,0.2772510349750519,0.05922099164620574,0.05075382441282272,0.14525846231887385,12216.0
socofing:000274:left_index,central_missing,0.20000000298023224,0.28755515813827515,0.27838432788848877,0.2499026507139206,0.05893779632502368,0.04931860417127609,0.26809039788627964,11087.0
socofing:000274:left_middle,central_missing,0.30000001192092896,0.27377599477767944,0.2869965136051178,0.2565666735172272,0.07458101183042995,0.062142036855220795,0.07337857260669087,11042.0
socofing:000274:left_ring,central_missing,0.4000000059604645,0.2409781962633133,0.24096132814884186,0.23880164325237274,0.07287075234177921,0.06454133987426758,0.1381548017983639,9745.0
socofing:000274:left_little,central_missing,0.5,0.22091390192508698,0.2251012921333313,0.22091390192508698,0.08542471162841789,0.0759064331650734,0.15650785051600125,8099.0
socofing:000274:right_thumb,central_missing,0.6000000238418579,0.2999540865421295,0.2953319847583771,0.2859891653060913,0.08536700099440557,0.08082646876573563,0.04420970473230919,6554.0
socofing:000274:right_index,central_missing,0.699999988079071,0.26453614234924316,0.26154688000679016,0.2592083215713501,0.04600337600069387,0.03877440094947815,0.03187983435551,4915.0
socofing:000274:right_middle,central_missing,0.800000011920929,0.2520795464515686,0.25493675470352173,0.2517513930797577,0.11073051416315138,0.10410208255052567,0.04407781881142071,3277.0
socofing:000274:right_ring,peripheral_only,0.10000000149011612,0.2321740835905075,0.22973451018333435,0.2302251011133194,0.05681610516538577,0.048919275403022766,0.13295032080371788,10490.0
socofing:000274:right_little,peripheral_only,0.20000000298023224,0.2310570478439331,0.2491988241672516,0.2310570478439331,0.050089170723887425,0.04247372969985008,0.23315908421540113,8413.0
socofing:000284:left_thumb,peripheral_only,0.30000001192092896,0.16882435977458954,0.16740959882736206,0.16537272930145264,0.06761924400260406,0.05685553699731827,0.19550954969884185,7610.0
socofing:000284:left_index,peripheral_only,0.4000000059604645,0.2574272155761719,0.23417344689369202,0.22558194398880005,0.07274738266798002,0.06048959493637085,0.09808715280158162,5136.0
socofing:000284:left_middle,peripheral_only,0.5,0.17076554894447327,0.1552780270576477,0.14905957877635956,0.0747306354210845,0.06310918927192688,0.2938672462231327,4744.0
socofing:000284:left_ring,peripheral_only,0.6000000238418579,0.1568894237279892,0.15448732674121857,0.15221600234508514,0.024074579231507545,0.02025521919131279,0.16806189646467146,3755.0
