relative_path,transaction_type,version,record_index,idc,assessment,roi_width_0_01mm,roi_height_0_01mm,roi_horizontal_offset_0_01mm,roi_vertical_offset_0_01mm,roi_polygon_points,quality_height,quality_width,quality_grid_size_0_01mm,quality_encoding,quality_0_count,quality_1_count,quality_2_count,quality_3_count,quality_4_count,quality_5_count,minutiae_count,comp_feature_reference_count,comp_links,comp_sources,quality_map_path
00002302/00002302_1H_R_L01_BP_S04_1000PPI_8BPC_1CH_LP06-1_1.comp,COMP,0502,3,1,LIMITED,1399,1351,0,0,6,66,68,20,UNC,2512,411,1501,64,0,0,4,4,,1:LFFS:00002302_1H_R_L01_BP_S04_1000PPI_8BPC_1CH_LP06-1_1.lffs;2:IRR:00002302_V_1000_roll_05.irr,
00002302/00002302_1H_R_L01_BP_S04_1000PPI_8BPC_1CH_LP06-1_1.comp,COMP,0502,4,2,VALUE,4064,3810,0,0,0,0,0,,,0,0,0,0,0,0,79,81,,1:LFFS:00002302_1H_R_L01_BP_S04_1000PPI_8BPC_1CH_LP06-1_1.lffs;2:IRR:00002302_V_1000_roll_05.irr,
00002302/00002302_6C_X_200_BT_D800_1000PPI_8BPC_1CH_LP03-1_1.comp,COMP,0502,3,1,VALUE,2504,1917,0,0,12,94,123,20,UNC,3245,852,3160,2713,1066,526,35,37,,1:LFFS:00002302_6C_X_200_BT_D800_1000PPI_8BPC_1CH_LP03-1_1.lffs;2:IRR:00002302_V_1000_roll_02.irr,
00002302/00002302_6C_X_200_BT_D800_1000PPI_8BPC_1CH_LP03-1_1.comp,COMP,0502,4,2,VALUE,4064,3810,0,0,0,0,0,,,0,0,0,0,0,0,87,90,,1:LFFS:00002302_6C_X_200_BT_D800_1000PPI_8BPC_1CH_LP03-1_1.lffs;2:IRR:00002302_V_1000_roll_02.irr,
00002304/00002304_1E_L_L01_BP_S22_1000PPI_8BPC_1CH_LP03-1_1.comp,COMP,0502,3,1,VALUE,1358,1236,0,0,8,60,66,20,UNC,1655,192,1190,598,280,45,24,24,2:46,1:LFFS:00002304_1E_L_L01_BP_S22_1000PPI_8BPC_1CH_LP03-1_1.lffs;2:IRR:00002304_V_1000_roll_08.irr,
00002304/00002304_1E_L_L01_BP_S22_1000PPI_8BPC_1CH_LP03-1_1.comp,COMP,0502,4,2,VALUE,3048,3810,0,0,0,0,0,,,0,0,0,0,0,0,109,112,1:-46,1:LFFS:00002304_1E_L_L01_BP_S22_1000PPI_8BPC_1CH_LP03-1_1.lffs;2:IRR:00002304_V_1000_roll_08.irr,
00002310/00002310_1C_L_L01_BP_S05_1000PPI_8BPC_1CH_LP02-1_1.comp,COMP,0502,3,1,VALUE,1915,2514,0,0,8,123,94,20,UNC,6322,3138,1759,343,0,0,15,16,,1:LFFS:00002310_1C_L_L01_BP_S05_1000PPI_8BPC_1CH_LP02-1_1.lffs;2:IRR:00002310_V_1000_roll_07.irr,
00002310/00002310_1C_L_L01_BP_S05_1000PPI_8BPC_1CH_LP02-1_1.comp,COMP,0502,4,2,VALUE,4064,3810,0,0,0,0,0,,,0,0,0,0,0,0,109,111,,1:LFFS:00002310_1C_L_L01_BP_S05_1000PPI_8BPC_1CH_LP02-1_1.lffs;2:IRR:00002310_V_1000_roll_07.irr,
00002310/00002310_1F_R_L01_BP_S05_1000PPI_8BPC_1CH_LP01-1_1.comp,COMP,0502,3,1,LIMITED,741,2014,0,0,8,99,36,20,UNC,2025,488,958,93,0,0,6,7,,1:LFFS:00002310_1F_R_L01_BP_S05_1000PPI_8BPC_1CH_LP01-1_1.lffs;2:IRR:00002310_V_1000_roll_02.irr,
00002310/00002310_1F_R_L01_BP_S05_1000PPI_8BPC_1CH_LP01-1_1.comp,COMP,0502,4,2,VALUE,4064,3810,0,0,0,0,0,,,0,0,0,0,0,0,129,133,,1:LFFS:00002310_1F_R_L01_BP_S05_1000PPI_8BPC_1CH_LP01-1_1.lffs;2:IRR:00002310_V_1000_roll_02.irr,
00002310/00002310_4F_X_031_IN_D800_1000PPI_8BPC_1CH_LP06-1_1.comp,COMP,0502,3,1,VALUE,2694,2971,0,0,9,146,132,20,UNC,7447,3949,6664,1194,18,0,15,15,,1:LFFS:00002310_4F_X_031_IN_D800_1000PPI_8BPC_1CH_LP06-1_1.lffs;2:IRR:00002310_V_1000_roll_06.irr,
00002310/00002310_4F_X_031_IN_D800_1000PPI_8BPC_1CH_LP06-1_1.comp,COMP,0502,4,2,VALUE,4064,3810,0,0,0,0,0,,,0,0,0,0,0,0,199,203,,1:LFFS:00002310_4F_X_031_IN_D800_1000PPI_8BPC_1CH_LP06-1_1.lffs;2:IRR:00002310_V_1000_roll_06.irr,
00002314/00002314_1C_R_L01_BP_S25_1000PPI_8BPC_1CH_LP03-1_1.comp,COMP,0502,3,1,LIMITED,2108,2392,0,0,9,117,103,20,UNC,9385,824,1471,371,0,0,4,4,,1:LFFS:00002314_1C_R_L01_BP_S25_1000PPI_8BPC_1CH_LP03-1_1.lffs;2:IRR:00002314_U_1000_roll_03.irr,
00002314/00002314_1C_R_L01_BP_S25_1000PPI_8BPC_1CH_LP03-1_1.comp,COMP,0502,4,2,VALUE,4064,3810,0,0,0,0,0,,,0,0,0,0,0,0,85,85,,1:LFFS:00002314_1C_R_L01_BP_S25_1000PPI_8BPC_1CH_LP03-1_1.lffs;2:IRR:00002314_U_1000_roll_03.irr,
00002317/00002317_6D_X_044_WT_D800_1000PPI_8BPC_1CH_LP02-1_1.comp,COMP,0502,3,1,VALUE,1742,1224,0,0,19,60,85,20,UNC,1403,278,1117,1110,949,243,15,15,,1:LFFS:00002317_6D_X_044_WT_D800_1000PPI_8BPC_1CH_LP02-1_1.lffs;2:IRR:00002317_V_1000_roll_06.irr,
00002317/00002317_6D_X_044_WT_D800_1000PPI_8BPC_1CH_LP02-1_1.comp,COMP,0502,4,2,VALUE,4064,3810,0,0,0,0,0,,,0,0,0,0,0,0,157,161,,1:LFFS:00002317_6D_X_044_WT_D800_1000PPI_8BPC_1CH_LP02-1_1.lffs;2:IRR:00002317_V_1000_roll_06.irr,
00002319/00002319_7C_X_251_CA_D800_1000PPI_8BPC_1CH_LP06-1_1.comp,COMP,0502,3,1,VALUE,1884,1727,0,0,4,84,92,20,UNC,1807,1656,3670,531,64,0,23,25,2:-88,1:LFFS:00002319_7C_X_251_CA_D800_1000PPI_8BPC_1CH_LP06-1_1.lffs;2:IRR:00002319_V_1000_roll_08.irr,
00002319/00002319_7C_X_251_CA_D800_1000PPI_8BPC_1CH_LP06-1_1.comp,COMP,0502,4,2,VALUE,2456,3810,0,0,0,0,0,,,0,0,0,0,0,0,108,112,1:88,1:LFFS:00002319_7C_X_251_CA_D800_1000PPI_8BPC_1CH_LP06-1_1.lffs;2:IRR:00002319_V_1000_roll_08.irr,
00002326/00002326_1F_R_L01_BP_S06_1000PPI_8BPC_1CH_LP01-1_1.comp,COMP,0502,3,1,VALUE,2125,2829,0,0,9,139,104,20,UNC,5855,1624,4169,2334,474,0,37,39,,1:LFFS:00002326_1F_R_L01_BP_S06_1000PPI_8BPC_1CH_LP01-1_1.lffs;2:IRR:00002326_V_1000_roll_03.irr,
00002326/00002326_1F_R_L01_BP_S06_1000PPI_8BPC_1CH_LP01-1_1.comp,COMP,0502,4,2,VALUE,4064,3810,0,0,0,0,0,,,0,0,0,0,0,0,110,114,,1:LFFS:00002326_1F_R_L01_BP_S06_1000PPI_8BPC_1CH_LP01-1_1.lffs;2:IRR:00002326_V_1000_roll_03.irr,
00002327/00002327_1G_R_L01_BP_S03_1000PPI_8BPC_1CH_LP05-1_1.comp,COMP,0502,3,1,VALUE,2506,1912,0,0,5,94,123,20,UNC,5143,1066,2736,1375,1242,0,26,28,,1:LFFS:00002327_1G_R_L01_BP_S03_1000PPI_8BPC_1CH_LP05-1_1.lffs;2:IRR:00002327_V_1000_roll_04.irr,
00002327/00002327_1G_R_L01_BP_S03_1000PPI_8BPC_1CH_LP05-1_1.comp,COMP,0502,4,2,VALUE,4064,3810,0,0,0,0,0,,,0,0,0,0,0,0,81,83,,1:LFFS:00002327_1G_R_L01_BP_S03_1000PPI_8BPC_1CH_LP05-1_1.lffs;2:IRR:00002327_V_1000_roll_04.irr,
00002327/00002327_1H_R_L01_BP_S03_1000PPI_8BPC_1CH_LP03-1_1.comp,COMP,0502,3,1,LIMITED,1503,1717,0,0,4,84,73,20,UNC,2748,1868,1516,0,0,0,5,5,,1:LFFS:00002327_1H_R_L01_BP_S03_1000PPI_8BPC_1CH_LP03-1_1.lffs;2:IRR:00002327_V_1000_roll_04.irr,
00002327/00002327_1H_R_L01_BP_S03_1000PPI_8BPC_1CH_LP03-1_1.comp,COMP,0502,4,2,VALUE,4064,3810,0,0,0,0,0,,,0,0,0,0,0,0,81,83,,1:LFFS:00002327_1H_R_L01_BP_S03_1000PPI_8BPC_1CH_LP03-1_1.lffs;2:IRR:00002327_V_1000_roll_04.irr,
00002328/00002328_1F_R_L01_BP_S12_1000PPI_8BPC_1CH_LP04-1_1.comp,COMP,0502,3,1,VALUE,2316,2684,0,0,8,132,113,20,UNC,9110,941,1682,1579,1604,0,42,43,,1:LFFS:00002328_1F_R_L01_BP_S12_1000PPI_8BPC_1CH_LP04-1_1.lffs;2:IRR:00002328_V_1000_roll_04.irr,
00002328/00002328_1F_R_L01_BP_S12_1000PPI_8BPC_1CH_LP04-1_1.comp,COMP,0502,4,2,VALUE,4064,3810,0,0,0,0,0,,,0,0,0,0,0,0,71,73,,1:LFFS:00002328_1F_R_L01_BP_S12_1000PPI_8BPC_1CH_LP04-1_1.lffs;2:IRR:00002328_V_1000_roll_04.irr,
00002330/00002330_1F_L_L01_BP_S06_1000PPI_8BPC_1CH_LP05-1_1.comp,COMP,0502,3,1,VALUE,2913,3515,0,0,7,172,143,20,UNC,16712,1837,4860,1187,0,0,40,40,2:-45,1:LFFS:00002330_1F_L_L01_BP_S06_1000PPI_8BPC_1CH_LP05-1_1.lffs;2:IRR:00002330_V_1000_roll_06.irr,
00002330/00002330_1F_L_L01_BP_S06_1000PPI_8BPC_1CH_LP05-1_1.comp,COMP,0502,4,2,VALUE,3312,3810,0,0,0,0,0,,,0,0,0,0,0,0,238,241,1:45,1:LFFS:00002330_1F_L_L01_BP_S06_1000PPI_8BPC_1CH_LP05-1_1.lffs;2:IRR:00002330_V_1000_roll_06.irr,
00002334/00002334_1G_L_L01_BP_S21_1000PPI_8BPC_1CH_LP01-1_1.comp,COMP,0502,3,1,VALUE,977,1732,0,0,4,85,48,20,UNC,2582,181,115,132,1070,0,11,11,,1:LFFS:00002334_1G_L_L01_BP_S21_1000PPI_8BPC_1CH_LP01-1_1.lffs;2:IRR:00002334_V_1000_roll_03.irr,
00002334/00002334_1G_L_L01_BP_S21_1000PPI_8BPC_1CH_LP01-1_1.comp,COMP,0502,4,2,VALUE,4064,3810,0,0,0,0,0,,,0,0,0,0,0,0,99,101,,1:LFFS:00002334_1G_L_L01_BP_S21_1000PPI_8BPC_1CH_LP01-1_1.lffs;2:IRR:00002334_V_1000_roll_03.irr,
00002338/00002338_1C_R_L01_BP_S12_1000PPI_8BPC_1CH_LP01-1_1.comp,COMP,0502,3,1,VALUE,1899,2524,0,0,9,124,93,20,UNC,7419,1630,1791,537,0,155,17,18,2:-35,1:LFFS:00002338_1C_R_L01_BP_S12_1000PPI_8BPC_1CH_LP01-1_1.lffs;2:IRR:00002338_V_1000_roll_05.irr,
00002338/00002338_1C_R_L01_BP_S12_1000PPI_8BPC_1CH_LP01-1_1.comp,COMP,0502,4,2,VALUE,2692,3810,0,0,0,0,0,,,0,0,0,0,0,0,93,95,1:35,1:LFFS:00002338_1C_R_L01_BP_S12_1000PPI_8BPC_1CH_LP01-1_1.lffs;2:IRR:00002338_V_1000_roll_05.irr,
00002338/00002338_4F_X_479_IN_D800_1000PPI_8BPC_1CH_LP02-1_1.comp,COMP,0502,3,1,VALUE,1775,2303,0,0,5,113,87,20,UNC,2178,1216,5315,802,320,0,32,32,,1:LFFS:00002338_4F_X_479_IN_D800_1000PPI_8BPC_1CH_LP02-1_1.lffs;2:IRR:00002338_V_1000_roll_01.irr,
00002338/00002338_4F_X_479_IN_D800_1000PPI_8BPC_1CH_LP02-1_1.comp,COMP,0502,4,2,VALUE,2873,3810,0,0,0,0,0,,,0,0,0,0,0,0,173,175,,1:LFFS:00002338_4F_X_479_IN_D800_1000PPI_8BPC_1CH_LP02-1_1.lffs;2:IRR:00002338_V_1000_roll_01.irr,
00002338/00002338_5A_X_050_IN_D800_1000PPI_8BPC_1CH_LP11-1_1.comp,COMP,0502,3,1,VALUE,1005,1079,0,0,7,53,49,20,UNC,524,1322,709,0,0,42,7,7,2:-152,1:LFFS:00002338_5A_X_050_IN_D800_1000PPI_8BPC_1CH_LP11-1_1.lffs;2:IRR:00002338_V_1000_roll_05.irr,
00002338/00002338_5A_X_050_IN_D800_1000PPI_8BPC_1CH_LP11-1_1.comp,COMP,0502,4,2,VALUE,2692,3810,0,0,0,0,0,,,0,0,0,0,0,0,93,95,1:152,1:LFFS:00002338_5A_X_050_IN_D800_1000PPI_8BPC_1CH_LP11-1_1.lffs;2:IRR:00002338_V_1000_roll_05.irr,
00002339/00002339_1E_L_L01_BP_S05_1000PPI_8BPC_1CH_LP01-1_1.comp,COMP,0502,3,1,LIMITED,1917,2260,0,0,10,111,94,20,UNC,6530,614,3251,39,0,0,8,9,,1:LFFS:00002339_1E_L_L01_BP_S05_1000PPI_8BPC_1CH_LP01-1_1.lffs;2:IRR:00002339_V_1000_roll_10.irr,
00002339/00002339_1E_L_L01_BP_S05_1000PPI_8BPC_1CH_LP01-1_1.comp,COMP,0502,4,2,VALUE,4064,3810,0,0,0,0,0,,,0,0,0,0,0,0,41,45,,1:LFFS:00002339_1E_L_L01_BP_S05_1000PPI_8BPC_1CH_LP01-1_1.lffs;2:IRR:00002339_V_1000_roll_10.irr,
00002339/00002339_6E_X_021_BT_D800_1000PPI_8BPC_1CH_LP21-1_1.comp,COMP,0502,3,1,VALUE,2059,1508,0,0,13,74,101,20,UNC,1848,892,3066,647,844,177,28,30,,1:LFFS:00002339_6E_X_021_BT_D800_1000PPI_8BPC_1CH_LP21-1_1.lffs;2:IRR:00002339_V_1000_roll_02.irr,
00002339/00002339_6E_X_021_BT_D800_1000PPI_8BPC_1CH_LP21-1_1.comp,COMP,0502,4,2,VALUE,4064,3810,0,0,0,0,0,,,0,0,0,0,0,0,84,86,,1:LFFS:00002339_6E_X_021_BT_D800_1000PPI_8BPC_1CH_LP21-1_1.lffs;2:IRR:00002339_V_1000_roll_02.irr,
00002340/00002340_1F_R_L02_BP_S25_1000PPI_8BPC_1CH_LP04-1_1.comp,COMP,0502,3,1,VALUE,2540,2776,0,0,9,136,124,20,UNC,10851,2154,3568,291,0,0,15,17,,1:LFFS:00002340_1F_R_L02_BP_S25_1000PPI_8BPC_1CH_LP04-1_1.lffs;2:IRR:00002340_V_1000_roll_04.irr,
00002340/00002340_1F_R_L02_BP_S25_1000PPI_8BPC_1CH_LP04-1_1.comp,COMP,0502,4,2,VALUE,4064,3810,0,0,0,0,0,,,0,0,0,0,0,0,98,101,,1:LFFS:00002340_1F_R_L02_BP_S25_1000PPI_8BPC_1CH_LP04-1_1.lffs;2:IRR:00002340_V_1000_roll_04.irr,
00002340/00002340_1G_R_L01_BP_S25_1000PPI_8BPC_1CH_LP03-1_1.comp,COMP,0502,3,1,VALUE,1897,1871,0,0,4,92,93,20,UNC,5646,988,1611,311,0,0,18,19,,1:LFFS:00002340_1G_R_L01_BP_S25_1000PPI_8BPC_1CH_LP03-1_1.lffs;2:IRR:00002340_V_1000_roll_03.irr,
00002340/00002340_1G_R_L01_BP_S25_1000PPI_8BPC_1CH_LP03-1_1.comp,COMP,0502,4,2,VALUE,4064,3810,0,0,0,0,0,,,0,0,0,0,0,0,79,81,,1:LFFS:00002340_1G_R_L01_BP_S25_1000PPI_8BPC_1CH_LP03-1_1.lffs;2:IRR:00002340_V_1000_roll_03.irr,
00002341/00002341_5A_X_036_IN_D800_1000PPI_8BPC_1CH_LP05-1_1.comp,COMP,0502,3,1,LIMITED,2189,2517,0,0,6,123,107,20,UNC,8556,3308,1297,0,0,0,6,6,,1:LFFS:00002341_5A_X_036_IN_D800_1000PPI_8BPC_1CH_LP05-1_1.lffs;2:IRR:00002341_V_1000_roll_08.irr,
00002341/00002341_5A_X_036_IN_D800_1000PPI_8BPC_1CH_LP05-1_1.comp,COMP,0502,4,2,VALUE,4064,3810,0,0,0,0,0,,,0,0,0,0,0,0,123,127,,1:LFFS:00002341_5A_X_036_IN_D800_1000PPI_8BPC_1CH_LP05-1_1.lffs;2:IRR:00002341_V_1000_roll_08.irr,
00002342/00002342_4F_X_448_IN_D800_1000PPI_8BPC_1CH_LP02-1_1.comp,COMP,0502,3,1,LIMITED,2092,1899,0,0,5,93,102,20,UNC,6617,1966,903,0,0,0,3,3,,1:LFFS:00002342_4F_X_448_IN_D800_1000PPI_8BPC_1CH_LP02-1_1.lffs;2:IRR:00002342_V_1000_roll_02.irr,
00002342/00002342_4F_X_448_IN_D800_1000PPI_8BPC_1CH_LP02-1_1.comp,COMP,0502,4,2,VALUE,4064,3810,0,0,0,0,0,,,0,0,0,0,0,0,94,98,,1:LFFS:00002342_4F_X_448_IN_D800_1000PPI_8BPC_1CH_LP02-1_1.lffs;2:IRR:00002342_V_1000_roll_02.irr,
00002344/00002344_4G_X_207_IN_D800_1000PPI_8BPC_1CH_LP01-1_1.comp,COMP,0502,3,1,LIMITED,1971,3154,0,0,11,155,96,20,UNC,3402,2166,8460,852,0,0,7,8,,1:LFFS:00002344_4G_X_207_IN_D800_1000PPI_8BPC_1CH_LP01-1_1.lffs;2:IRR:00002344_V_1000_roll_06.irr,
00002344/00002344_4G_X_207_IN_D800_1000PPI_8BPC_1CH_LP01-1_1.comp,COMP,0502,4,2,VALUE,4064,3810,0,0,0,0,0,,,0,0,0,0,0,0,132,134,,1:LFFS:00002344_4G_X_207_IN_D800_1000PPI_8BPC_1CH_LP01-1_1.lffs;2:IRR:00002344_V_1000_roll_06.irr,
00002351/00002351_6D_X_121_WT_D800_1000PPI_8BPC_1CH_LP04-1_1.comp,COMP,0502,3,1,VALUE,1612,1252,0,0,10,61,79,20,UNC,1067,2746,1006,0,0,0,12,13,,1:LFFS:00002351_6D_X_121_WT_D800_1000PPI_8BPC_1CH_LP04-1_1.lffs;2:IRR:00002351_V_1000_roll_03.irr,
00002351/00002351_6D_X_121_WT_D800_1000PPI_8BPC_1CH_LP04-1_1.comp,COMP,0502,4,2,VALUE,4064,3810,0,0,0,0,0,,,0,0,0,0,0,0,80,81,,1:LFFS:00002351_6D_X_121_WT_D800_1000PPI_8BPC_1CH_LP04-1_1.lffs;2:IRR:00002351_V_1000_roll_03.irr,
00002351/00002351_7C_X_593_CA_D800_1000PPI_8BPC_1CH_LP01-1_1.comp,COMP,0502,3,1,VALUE,2501,2166,0,0,6,106,123,20,UNC,5673,2613,4752,0,0,0,12,13,,1:LFFS:00002351_7C_X_593_CA_D800_1000PPI_8BPC_1CH_LP01-1_1.lffs;2:IRR:00002351_V_1000_roll_04.irr,
00002351/00002351_7C_X_593_CA_D800_1000PPI_8BPC_1CH_LP01-1_1.comp,COMP,0502,4,2,VALUE,4064,3810,0,0,0,0,0,,,0,0,0,0,0,0,89,90,,1:LFFS:00002351_7C_X_593_CA_D800_1000PPI_8BPC_1CH_LP01-1_1.lffs;2:IRR:00002351_V_1000_roll_04.irr,
00002354/00002354_1C_R_L01_BP_S11_1000PPI_8BPC_1CH_LP02-1_1.comp,COMP,0502,3,1,VALUE,2656,2791,0,0,5,137,130,20,UNC,11684,2477,3649,0,0,0,16,18,,1:LFFS:00002354_1C_R_L01_BP_S11_1000PPI_8BPC_1CH_LP02-1_1.lffs;2:IRR:00002354_V_1000_roll_02.irr,
00002354/00002354_1C_R_L01_BP_S11_1000PPI_8BPC_1CH_LP02-1_1.comp,COMP,0502,4,2,VALUE,4064,3810,0,0,0,0,0,,,0,0,0,0,0,0,130,134,,1:LFFS:00002354_1C_R_L01_BP_S11_1000PPI_8BPC_1CH_LP02-1_1.lffs;2:IRR:00002354_V_1000_roll_02.irr,
00002356/00002356_4C_X_049_IN_D800_1000PPI_8BPC_1CH_LP04-1_1.comp,COMP,0502,3,1,NOVALUE,3345,2527,0,0,6,124,164,20,UNC,8571,5329,6436,0,0,0,5,5,2:133,1:LFFS:00002356_4C_X_049_IN_D800_1000PPI_8BPC_1CH_LP04-1_1.lffs;2:IRR:00002356_V_1000_roll_07.irr,
00002356/00002356_4C_X_049_IN_D800_1000PPI_8BPC_1CH_LP04-1_1.comp,COMP,0502,4,2,VALUE,3124,3810,0,0,0,0,0,,,0,0,0,0,0,0,71,72,1:-133,1:LFFS:00002356_4C_X_049_IN_D800_1000PPI_8BPC_1CH_LP04-1_1.lffs;2:IRR:00002356_V_1000_roll_07.irr,
00002356/00002356_4C_X_053_IN_D800_1000PPI_8BPC_1CH_LP16-1_1.comp,COMP,0502,3,1,VALUE,1699,2738,0,0,7,134,83,20,UNC,2197,1515,4783,2627,0,0,24,24,2:-157,1:LFFS:00002356_4C_X_053_IN_D800_1000PPI_8BPC_1CH_LP16-1_1.lffs;2:IRR:00002356_V_1000_roll_08.irr,
00002356/00002356_4C_X_053_IN_D800_1000PPI_8BPC_1CH_LP16-1_1.comp,COMP,0502,4,2,VALUE,3327,3810,0,0,0,0,0,,,0,0,0,0,0,0,100,101,1:157,1:LFFS:00002356_4C_X_053_IN_D800_1000PPI_8BPC_1CH_LP16-1_1.lffs;2:IRR:00002356_V_1000_roll_08.irr,
00002359/00002359_1G_L_L01_BP_S23_1000PPI_8BPC_1CH_LP01-1_1.comp,COMP,0502,3,1,LIMITED,2715,2867,0,0,8,141,133,20,UNC,6000,5563,7190,0,0,0,3,4,,1:LFFS:00002359_1G_L_L01_BP_S23_1000PPI_8BPC_1CH_LP01-1_1.lffs;2:IRR:00002359_V_1000_roll_06.irr,
00002359/00002359_1G_L_L01_BP_S23_1000PPI_8BPC_1CH_LP01-1_1.comp,COMP,0502,4,2,VALUE,4064,3810,0,0,0,0,0,,,0,0,0,0,0,0,163,165,,1:LFFS:00002359_1G_L_L01_BP_S23_1000PPI_8BPC_1CH_LP01-1_1.lffs;2:IRR:00002359_V_1000_roll_06.irr,
00002360/00002360_1D_R_L01_BP_S06_1000PPI_8BPC_1CH_LP03-1_1.comp,COMP,0502,3,1,VALUE,1998,2626,0,0,9,129,98,20,UNC,7662,1331,1995,1196,189,269,47,49,,1:LFFS:00002360_1D_R_L01_BP_S06_1000PPI_8BPC_1CH_LP03-1_1.lffs;2:IRR:00002360_V_1000_roll_04.irr,
00002360/00002360_1D_R_L01_BP_S06_1000PPI_8BPC_1CH_LP03-1_1.comp,COMP,0502,4,2,VALUE,3117,3810,0,0,0,0,0,,,0,0,0,0,0,0,162,165,,1:LFFS:00002360_1D_R_L01_BP_S06_1000PPI_8BPC_1CH_LP03-1_1.lffs;2:IRR:00002360_V_1000_roll_04.irr,
00002360/00002360_1G_L_L01_BP_S06_1000PPI_8BPC_1CH_LP01-1_1.comp,COMP,0502,3,1,VALUE,2580,2113,0,0,4,103,126,20,UNC,6744,1723,1819,1700,422,570,31,33,2:89,1:LFFS:00002360_1G_L_L01_BP_S06_1000PPI_8BPC_1CH_LP01-1_1.lffs;2:IRR:00002360_V_1000_roll_10.irr,
00002360/00002360_1G_L_L01_BP_S06_1000PPI_8BPC_1CH_LP01-1_1.comp,COMP,0502,4,2,VALUE,2601,3810,0,0,0,0,0,,,0,0,0,0,0,0,106,108,1:-89,1:LFFS:00002360_1G_L_L01_BP_S06_1000PPI_8BPC_1CH_LP01-1_1.lffs;2:IRR:00002360_V_1000_roll_10.irr,
00002364/00002364_6E_X_066_BT_D800_1000PPI_8BPC_1CH_LP07-1_1.comp,COMP,0502,3,1,LIMITED,866,1386,0,0,6,68,42,20,UNC,1456,194,730,260,73,143,6,6,,1:LFFS:00002364_6E_X_066_BT_D800_1000PPI_8BPC_1CH_LP07-1_1.lffs;2:IRR:00002364_V_1000_roll_10.irr,
00002364/00002364_6E_X_066_BT_D800_1000PPI_8BPC_1CH_LP07-1_1.comp,COMP,0502,4,2,VALUE,4064,3810,0,0,0,0,0,,,0,0,0,0,0,0,60,64,,1:LFFS:00002364_6E_X_066_BT_D800_1000PPI_8BPC_1CH_LP07-1_1.lffs;2:IRR:00002364_V_1000_roll_10.irr,
00002367/00002367_6A_X_310_BT_D800_1000PPI_8BPC_1CH_LP01-1_1.comp,COMP,0502,3,1,VALUE,1592,1343,0,0,10,66,78,20,UNC,1868,302,1672,805,293,208,17,17,2:-23,1:LFFS:00002367_6A_X_310_BT_D800_1000PPI_8BPC_1CH_LP01-1_1.lffs;2:IRR:00002367_V_1000_roll_03.irr,
00002367/00002367_6A_X_310_BT_D800_1000PPI_8BPC_1CH_LP01-1_1.comp,COMP,0502,4,2,VALUE,2791,3810,0,0,0,0,0,,,0,0,0,0,0,0,97,101,1:23,1:LFFS:00002367_6A_X_310_BT_D800_1000PPI_8BPC_1CH_LP01-1_1.lffs;2:IRR:00002367_V_1000_roll_03.irr,
00002368/00002368_1G_L_L01_BP_S05_1000PPI_8BPC_1CH_LP02-1_1.comp,COMP,0502,3,1,VALUE,1861,1826,0,0,8,89,91,20,UNC,3970,201,396,720,2812,0,48,51,,1:LFFS:00002368_1G_L_L01_BP_S05_1000PPI_8BPC_1CH_LP02-1_1.lffs;2:IRR:00002368_V_1000_roll_07.irr,
00002368/00002368_1G_L_L01_BP_S05_1000PPI_8BPC_1CH_LP02-1_1.comp,COMP,0502,4,2,VALUE,4064,3810,0,0,0,0,0,,,0,0,0,0,0,0,94,98,,1:LFFS:00002368_1G_L_L01_BP_S05_1000PPI_8BPC_1CH_LP02-1_1.lffs;2:IRR:00002368_V_1000_roll_07.irr,
00002369/00002369_1D_L_L01_BP_S23_1000PPI_8BPC_1CH_LP04-1_1.comp,COMP,0502,3,1,NOVALUE,1732,2390,0,0,6,117,85,20,UNC,4509,3543,1163,647,0,83,7,7,,1:LFFS:00002369_1D_L_L01_BP_S23_1000PPI_8BPC_1CH_LP04-1_1.lffs;2:IRR:00002369_R_1000_slap_07.irr,
00002369/00002369_1D_L_L01_BP_S23_1000PPI_8BPC_1CH_LP04-1_1.comp,COMP,0502,4,2,VALUE,1300,2461,0,0,0,0,0,,,0,0,0,0,0,0,68,70,,1:LFFS:00002369_1D_L_L01_BP_S23_1000PPI_8BPC_1CH_LP04-1_1.lffs;2:IRR:00002369_R_1000_slap_07.irr,
00002369/00002369_1H_L_L01_BP_S23_1000PPI_8BPC_1CH_LP07-2_1.comp,COMP,0502,3,1,VALUE,1816,2811,0,0,11,106,80,20,UNC,1817,2671,3430,562,0,0,13,14,,1:LFFS:00002369_1H_L_L01_BP_S23_1000PPI_8BPC_1CH_LP07-2_1.lffs;2:IRR:00002369_V_1000_roll_08.irr,
00002369/00002369_1H_L_L01_BP_S23_1000PPI_8BPC_1CH_LP07-2_1.comp,COMP,0502,4,2,VALUE,4064,3810,0,0,0,0,0,,,0,0,0,0,0,0,111,113,,1:LFFS:00002369_1H_L_L01_BP_S23_1000PPI_8BPC_1CH_LP07-2_1.lffs;2:IRR:00002369_V_1000_roll_08.irr,
00002370/00002370_1H_L_L01_BP_S04_1000PPI_8BPC_1CH_LP12-1_1.comp,COMP,0502,3,1,VALUE,1574,1668,0,0,6,82,77,20,UNC,3961,817,1269,236,0,31,8,8,,1:LFFS:00002370_1H_L_L01_BP_S04_1000PPI_8BPC_1CH_LP12-1_1.lffs;2:IRR:00002370_V_1000_roll_10.irr,
00002370/00002370_1H_L_L01_BP_S04_1000PPI_8BPC_1CH_LP12-1_1.comp,COMP,0502,4,2,VALUE,4064,3810,0,0,0,0,0,,,0,0,0,0,0,0,102,104,,1:LFFS:00002370_1H_L_L01_BP_S04_1000PPI_8BPC_1CH_LP12-1_1.lffs;2:IRR:00002370_V_1000_roll_10.irr,
00002370/00002370_1H_R_L01_BP_S04_1000PPI_8BPC_1CH_LP06-1_1.comp,COMP,0502,3,1,VALUE,1605,2153,0,0,6,105,78,20,UNC,3533,827,1292,2044,170,324,51,53,,1:LFFS:00002370_1H_R_L01_BP_S04_1000PPI_8BPC_1CH_LP06-1_1.lffs;2:IRR:00002370_V_1000_roll_03.irr,
00002370/00002370_1H_R_L01_BP_S04_1000PPI_8BPC_1CH_LP06-1_1.comp,COMP,0502,4,2,VALUE,4064,3810,0,0,0,0,0,,,0,0,0,0,0,0,185,188,,1:LFFS:00002370_1H_R_L01_BP_S04_1000PPI_8BPC_1CH_LP06-1_1.lffs;2:IRR:00002370_V_1000_roll_03.irr,
00002370/00002370_6E_X_034_BT_D800_1000PPI_8BPC_1CH_LP14-1_1.comp,COMP,0502,3,1,VALUE,1275,1635,0,0,7,80,62,20,UNC,1301,447,1020,1701,121,370,71,74,,1:LFFS:00002370_6E_X_034_BT_D800_1000PPI_8BPC_1CH_LP14-1_1.lffs;2:IRR:00002370_V_1000_roll_07.irr,
00002370/00002370_6E_X_034_BT_D800_1000PPI_8BPC_1CH_LP14-1_1.comp,COMP,0502,4,2,VALUE,4064,3810,0,0,0,0,0,,,0,0,0,0,0,0,148,152,,1:LFFS:00002370_6E_X_034_BT_D800_1000PPI_8BPC_1CH_LP14-1_1.lffs;2:IRR:00002370_V_1000_roll_07.irr,
00002371/00002371_6D_X_060_WT_D800_1000PPI_8BPC_1CH_LP01-1_1.comp,COMP,0502,3,1,VALUE,1795,1882,0,0,12,92,88,20,UNC,2446,1486,3486,580,45,53,25,26,,1:LFFS:00002371_6D_X_060_WT_D800_1000PPI_8BPC_1CH_LP01-1_1.lffs;2:IRR:00002371_V_1000_roll_02.irr,
00002371/00002371_6D_X_060_WT_D800_1000PPI_8BPC_1CH_LP01-1_1.comp,COMP,0502,4,2,VALUE,4064,3810,0,0,0,0,0,,,0,0,0,0,0,0,136,138,,1:LFFS:00002371_6D_X_060_WT_D800_1000PPI_8BPC_1CH_LP01-1_1.lffs;2:IRR:00002371_V_1000_roll_02.irr,
00002372/00002372_1C_R_L01_BP_S12_1000PPI_8BPC_1CH_LP01-1_1.comp,COMP,0502,3,1,VALUE,1704,2420,0,0,6,119,83,20,UNC,4241,1342,1492,2490,312,0,42,44,,1:LFFS:00002372_1C_R_L01_BP_S12_1000PPI_8BPC_1CH_LP01-1_1.lffs;2:IRR:00002372_V_1000_roll_02.irr,
00002372/00002372_1C_R_L01_BP_S12_1000PPI_8BPC_1CH_LP01-1_1.comp,COMP,0502,4,2,VALUE,4064,3810,0,0,0,0,0,,,0,0,0,0,0,0,149,152,,1:LFFS:00002372_1C_R_L01_BP_S12_1000PPI_8BPC_1CH_LP01-1_1.lffs;2:IRR:00002372_V_1000_roll_02.irr,
00002373/00002373_6E_X_040_BT_D800_1000PPI_8BPC_1CH_LP07-1_1.comp,COMP,0502,3,1,VALUE,1813,1287,0,0,10,63,89,20,UNC,2508,695,363,577,1195,269,17,17,,1:LFFS:00002373_6E_X_040_BT_D800_1000PPI_8BPC_1CH_LP07-1_1.lffs;2:IRR:00002373_C_500_roll_08.irr,
00002373/00002373_6E_X_040_BT_D800_1000PPI_8BPC_1CH_LP07-1_1.comp,COMP,0502,4,2,VALUE,4064,3810,0,0,0,0,0,,,0,0,0,0,0,0,151,153,,1:LFFS:00002373_6E_X_040_BT_D800_1000PPI_8BPC_1CH_LP07-1_1.lffs;2:IRR:00002373_C_500_roll_08.irr,
00002374/00002374_4G_X_218_IN_D800_1000PPI_8BPC_1CH_LP03-1_1.comp,COMP,0502,3,1,VALUE,1524,1061,0,0,9,52,74,20,UNC,888,487,1683,757,33,0,11,11,,1:LFFS:00002374_4G_X_218_IN_D800_1000PPI_8BPC_1CH_LP03-1_1.lffs;2:IRR:00002374_C_500_roll_03.irr,
00002374/00002374_4G_X_218_IN_D800_1000PPI_8BPC_1CH_LP03-1_1.comp,COMP,0502,4,2,VALUE,4064,3810,0,0,0,0,0,,,0,0,0,0,0,0,139,142,,1:LFFS:00002374_4G_X_218_IN_D800_1000PPI_8BPC_1CH_LP03-1_1.lffs;2:IRR:00002374_C_500_roll_03.irr,
00002374/00002374_6C_X_197_BT_D800_1000PPI_8BPC_1CH_LP08-1_1.comp,COMP,0502,3,1,VALUE,1889,2555,0,0,11,125,92,20,UNC,2702,1265,1280,2392,2744,1117,80,83,,1:LFFS:00002374_6C_X_197_BT_D800_1000PPI_8BPC_1CH_LP08-1_1.lffs;2:IRR:00002374_V_1000_roll_03.irr,
00002374/00002374_6C_X_197_BT_D800_1000PPI_8BPC_1CH_LP08-1_1.comp,COMP,0502,4,2,VALUE,4064,3810,0,0,0,0,0,,,0,0,0,0,0,0,118,121,,1:LFFS:00002374_6C_X_197_BT_D800_1000PPI_8BPC_1CH_LP08-1_1.lffs;2:IRR:00002374_V_1000_roll_03.irr,
00002375/00002375_1C_R_L01_BP_S25_1000PPI_8BPC_1CH_LP03-1_1.comp,COMP,0502,3,1,VALUE,1757,2306,0,0,6,113,86,20,UNC,4332,729,1503,2062,800,292,36,37,,1:LFFS:00002375_1C_R_L01_BP_S25_1000PPI_8BPC_1CH_LP03-1_1.lffs;2:IRR:00002375_V_1000_roll_05.irr,
00002375/00002375_1C_R_L01_BP_S25_1000PPI_8BPC_1CH_LP03-1_1.comp,COMP,0502,4,2,VALUE,4064,3810,0,0,0,0,0,,,0,0,0,0,0,0,101,103,,1:LFFS:00002375_1C_R_L01_BP_S25_1000PPI_8BPC_1CH_LP03-1_1.lffs;2:IRR:00002375_V_1000_roll_05.irr,
00002375/00002375_1F_L_L01_BP_S25_1000PPI_8BPC_1CH_LP03-1_1.comp,COMP,0502,3,1,VALUE,1818,2616,0,0,7,128,89,20,UNC,5372,832,2493,1736,442,517,31,32,,1:LFFS:00002375_1F_L_L01_BP_S25_1000PPI_8BPC_1CH_LP03-1_1.lffs;2:IRR:00002375_V_1000_roll_10.irr,
00002375/00002375_1F_L_L01_BP_S25_1000PPI_8BPC_1CH_LP03-1_1.comp,COMP,0502,4,2,VALUE,4064,3810,0,0,0,0,0,,,0,0,0,0,0,0,94,96,,1:LFFS:00002375_1F_L_L01_BP_S25_1000PPI_8BPC_1CH_LP03-1_1.lffs;2:IRR:00002375_V_1000_roll_10.irr,
00002375/00002375_6C_X_223_BT_D800_1000PPI_8BPC_1CH_LP23-1_1.comp,COMP,0502,3,1,VALUE,1313,1447,0,0,6,71,64,20,UNC,1785,724,1215,820,0,0,18,18,,1:LFFS:00002375_6C_X_223_BT_D800_1000PPI_8BPC_1CH_LP23-1_1.lffs;2:IRR:00002375_V_1000_roll_07.irr,
00002375/00002375_6C_X_223_BT_D800_1000PPI_8BPC_1CH_LP23-1_1.comp,COMP,0502,4,2,VALUE,4064,3810,0,0,0,0,0,,,0,0,0,0,0,0,144,148,,1:LFFS:00002375_6C_X_223_BT_D800_1000PPI_8BPC_1CH_LP23-1_1.lffs;2:IRR:00002375_V_1000_roll_07.irr,
00002376/00002376_4A_X_500_IN_D800_1000PPI_8BPC_1CH_LP04-1_1.comp,COMP,0502,3,1,VALUE,2712,1503,0,0,6,73,133,20,UNC,3390,2768,3103,448,0,0,9,9,,1:LFFS:00002376_4A_X_500_IN_D800_1000PPI_8BPC_1CH_LP04-1_1.lffs;2:IRR:00002376_V_1000_roll_01.irr,
00002376/00002376_4A_X_500_IN_D800_1000PPI_8BPC_1CH_LP04-1_1.comp,COMP,0502,4,2,VALUE,4064,3810,0,0,0,0,0,,,0,0,0,0,0,0,174,178,,1:LFFS:00002376_4A_X_500_IN_D800_1000PPI_8BPC_1CH_LP04-1_1.lffs;2:IRR:00002376_V_1000_roll_01.irr,
00002383/00002383_1G_L_L01_BP_S25_1000PPI_8BPC_1CH_LP01-1_1.comp,COMP,0502,3,1,VALUE,1739,2547,0,0,5,125,85,20,UNC,3499,2438,2309,1817,562,0,13,14,,1:LFFS:00002383_1G_L_L01_BP_S25_1000PPI_8BPC_1CH_LP01-1_1.lffs;2:IRR:00002383_V_1000_roll_06.irr,
00002383/00002383_1G_L_L01_BP_S25_1000PPI_8BPC_1CH_LP01-1_1.comp,COMP,0502,4,2,VALUE,4064,3810,0,0,0,0,0,,,0,0,0,0,0,0,160,162,,1:LFFS:00002383_1G_L_L01_BP_S25_1000PPI_8BPC_1CH_LP01-1_1.lffs;2:IRR:00002383_V_1000_roll_06.irr,
00002383/00002383_1G_L_L01_BP_S25_1000PPI_8BPC_1CH_LP02-1_1.comp,COMP,0502,3,1,VALUE,2387,2740,0,0,7,134,117,20,UNC,8164,781,3640,2253,840,0,20,21,,1:LFFS:00002383_1G_L_L01_BP_S25_1000PPI_8BPC_1CH_LP02-1_1.lffs;2:IRR:00002383_V_1000_roll_07.irr,
00002383/00002383_1G_L_L01_BP_S25_1000PPI_8BPC_1CH_LP02-1_1.comp,COMP,0502,4,2,VALUE,4064,3810,0,0,0,0,0,,,0,0,0,0,0,0,115,117,,1:LFFS:00002383_1G_L_L01_BP_S25_1000PPI_8BPC_1CH_LP02-1_1.lffs;2:IRR:00002383_V_1000_roll_07.irr,
00002392/00002392_1D_L_L01_BP_S23_1000PPI_8BPC_1CH_LP01-1_1.comp,COMP,0502,3,1,VALUE,3581,3840,0,0,13,188,176,20,UNC,23816,2086,2637,3810,739,0,47,48,,1:LFFS:00002392_1D_L_L01_BP_S23_1000PPI_8BPC_1CH_LP01-1_1.lffs;2:IRR:00002392_V_1000_roll_10.irr,
00002392/00002392_1D_L_L01_BP_S23_1000PPI_8BPC_1CH_LP01-1_1.comp,COMP,0502,4,2,VALUE,4064,3810,0,0,0,0,0,,,0,0,0,0,0,0,168,170,,1:LFFS:00002392_1D_L_L01_BP_S23_1000PPI_8BPC_1CH_LP01-1_1.lffs;2:IRR:00002392_V_1000_roll_10.irr,
00002392/00002392_4F_X_038_IN_D800_1000PPI_8BPC_1CH_LP06-1_1.comp,COMP,0502,3,1,VALUE,1864,2278,0,0,7,112,91,20,UNC,6352,1240,2138,337,0,125,11,13,,1:LFFS:00002392_4F_X_038_IN_D800_1000PPI_8BPC_1CH_LP06-1_1.lffs;2:IRR:00002392_V_1000_roll_09.irr,
00002392/00002392_4F_X_038_IN_D800_1000PPI_8BPC_1CH_LP06-1_1.comp,COMP,0502,4,2,VALUE,4064,3810,0,0,0,0,0,,,0,0,0,0,0,0,183,187,,1:LFFS:00002392_4F_X_038_IN_D800_1000PPI_8BPC_1CH_LP06-1_1.lffs;2:IRR:00002392_V_1000_roll_09.irr,
00002396/00002396_7C_X_450_CA_D800_1000PPI_8BPC_1CH_LP02-1_1.comp,COMP,0502,3,1,LIMITED,2065,2065,0,0,10,101,101,20,UNC,3898,3927,2233,143,0,0,8,9,,1:LFFS:00002396_7C_X_450_CA_D800_1000PPI_8BPC_1CH_LP02-1_1.lffs;2:IRR:00002396_V_1000_roll_03.irr,
00002396/00002396_7C_X_450_CA_D800_1000PPI_8BPC_1CH_LP02-1_1.comp,COMP,0502,4,2,VALUE,4064,3810,0,0,0,0,0,,,0,0,0,0,0,0,79,81,,1:LFFS:00002396_7C_X_450_CA_D800_1000PPI_8BPC_1CH_LP02-1_1.lffs;2:IRR:00002396_V_1000_roll_03.irr,
00002399/00002399_1G_R_L01_BP_S12_1000PPI_8BPC_1CH_LP02-1_1.comp,COMP,0502,3,1,VALUE,2362,1709,0,0,9,84,116,20,UNC,1893,2012,4891,948,0,0,10,12,,1:LFFS:00002399_1G_R_L01_BP_S12_1000PPI_8BPC_1CH_LP02-1_1.lffs;2:IRR:00002399_V_1000_roll_03.irr,
00002399/00002399_1G_R_L01_BP_S12_1000PPI_8BPC_1CH_LP02-1_1.comp,COMP,0502,4,2,VALUE,4064,3810,0,0,0,0,0,,,0,0,0,0,0,0,108,110,,1:LFFS:00002399_1G_R_L01_BP_S12_1000PPI_8BPC_1CH_LP02-1_1.lffs;2:IRR:00002399_V_1000_roll_03.irr,
00002402/00002402_1F_L_L01_BP_S10_1000PPI_8BPC_1CH_LP04-1_1.comp,COMP,0502,3,1,LIMITED,2286,2824,0,0,5,138,112,20,UNC,7929,3550,3801,176,0,0,6,8,,1:LFFS:00002402_1F_L_L01_BP_S10_1000PPI_8BPC_1CH_LP04-1_1.lffs;2:IRR:00002402_V_1000_roll_09.irr,
00002402/00002402_1F_L_L01_BP_S10_1000PPI_8BPC_1CH_LP04-1_1.comp,COMP,0502,4,2,NOVALUE,4064,3810,0,0,0,0,0,,,0,0,0,0,0,0,104,106,,1:LFFS:00002402_1F_L_L01_BP_S10_1000PPI_8BPC_1CH_LP04-1_1.lffs;2:IRR:00002402_V_1000_roll_09.irr,
00002403/00002403_1H_R_L01_BP_S06_1000PPI_8BPC_1CH_LP04-1_1.comp,COMP,0502,3,1,VALUE,2156,2336,0,0,13,114,106,20,UNC,4045,1076,4043,2920,0,0,46,49,,1:LFFS:00002403_1H_R_L01_BP_S06_1000PPI_8BPC_1CH_LP04-1_1.lffs;2:IRR:00002403_V_1000_roll_02.irr,
00002403/00002403_1H_R_L01_BP_S06_1000PPI_8BPC_1CH_LP04-1_1.comp,COMP,0502,4,2,VALUE,4064,3810,0,0,0,0,0,,,0,0,0,0,0,0,88,91,,1:LFFS:00002403_1H_R_L01_BP_S06_1000PPI_8BPC_1CH_LP04-1_1.lffs;2:IRR:00002403_V_1000_roll_02.irr,
00002406/00002406_1D_L_L01_BP_S21_1000PPI_8BPC_1CH_LP02-1_1.comp,COMP,0502,3,1,VALUE,2738,3522,0,0,9,173,134,20,UNC,15251,3702,4002,0,0,227,11,11,,1:LFFS:00002406_1D_L_L01_BP_S21_1000PPI_8BPC_1CH_LP02-1_1.lffs;2:IRR:00002406_V_1000_roll_09.irr,
00002406/00002406_1D_L_L01_BP_S21_1000PPI_8BPC_1CH_LP02-1_1.comp,COMP,0502,4,2,VALUE,4064,3810,0,0,0,0,0,,,0,0,0,0,0,0,93,97,,1:LFFS:00002406_1D_L_L01_BP_S21_1000PPI_8BPC_1CH_LP02-1_1.lffs;2:IRR:00002406_V_1000_roll_09.irr,
00002406/00002406_1D_R_L01_BP_S21_1000PPI_8BPC_1CH_LP04-1_1.comp,COMP,0502,3,1,VALUE,2936,3553,0,0,10,174,144,20,UNC,16464,4268,3404,501,0,419,15,16,,1:LFFS:00002406_1D_R_L01_BP_S21_1000PPI_8BPC_1CH_LP04-1_1.lffs;2:IRR:00002406_V_1000_roll_04.irr,
00002406/00002406_1D_R_L01_BP_S21_1000PPI_8BPC_1CH_LP04-1_1.comp,COMP,0502,4,2,VALUE,4064,3810,0,0,0,0,0,,,0,0,0,0,0,0,66,70,,1:LFFS:00002406_1D_R_L01_BP_S21_1000PPI_8BPC_1CH_LP04-1_1.lffs;2:IRR:00002406_V_1000_roll_04.irr,
00002408/00002408_1D_R_L01_BP_S25_1000PPI_8BPC_1CH_LP01-1_1.comp,COMP,0502,3,1,VALUE,2651,2900,0,0,5,142,130,20,UNC,12642,3293,2525,0,0,0,10,11,,1:LFFS:00002408_1D_R_L01_BP_S25_1000PPI_8BPC_1CH_LP01-1_1.lffs;2:IRR:00002408_V_1000_roll_01.irr,
00002408/00002408_1D_R_L01_BP_S25_1000PPI_8BPC_1CH_LP01-1_1.comp,COMP,0502,4,2,VALUE,4064,3810,0,0,0,0,0,,,0,0,0,0,0,0,161,163,,1:LFFS:00002408_1D_R_L01_BP_S25_1000PPI_8BPC_1CH_LP01-1_1.lffs;2:IRR:00002408_V_1000_roll_01.irr,
00002408/00002408_6C_X_073_BT_D800_1000PPI_8BPC_1CH_LP05-1_1.comp,COMP,0502,3,1,VALUE,1643,967,0,0,6,47,80,20,UNC,1472,259,679,928,251,171,9,9,,1:LFFS:00002408_6C_X_073_BT_D800_1000PPI_8BPC_1CH_LP05-1_1.lffs;2:IRR:00002408_V_1000_roll_02.irr,
00002408/00002408_6C_X_073_BT_D800_1000PPI_8BPC_1CH_LP05-1_1.comp,COMP,0502,4,2,VALUE,4064,3810,0,0,0,0,0,,,0,0,0,0,0,0,101,105,,1:LFFS:00002408_6C_X_073_BT_D800_1000PPI_8BPC_1CH_LP05-1_1.lffs;2:IRR:00002408_V_1000_roll_02.irr,
00002409/00002409_1D_R_L01_BP_S24_1000PPI_8BPC_1CH_LP04-1_1.comp,COMP,0502,3,1,VALUE,1483,2443,0,0,11,120,72,20,UNC,1812,2778,3443,394,0,213,18,21,,1:LFFS:00002409_1D_R_L01_BP_S24_1000PPI_8BPC_1CH_LP04-1_1.lffs;2:IRR:00002409_V_1000_roll_04.irr,
00002409/00002409_1D_R_L01_BP_S24_1000PPI_8BPC_1CH_LP04-1_1.comp,COMP,0502,4,2,VALUE,4064,3810,0,0,0,0,0,,,0,0,0,0,0,0,96,100,,1:LFFS:00002409_1D_R_L01_BP_S24_1000PPI_8BPC_1CH_LP04-1_1.lffs;2:IRR:00002409_V_1000_roll_04.irr,
00002412/00002412_7C_X_569_CA_D800_1000PPI_8BPC_1CH_LP03-1_1.comp,COMP,0502,3,1,VALUE,2794,2082,0,0,4,102,137,20,UNC,5826,2933,3185,1729,0,301,24,25,,1:LFFS:00002412_7C_X_569_CA_D800_1000PPI_8BPC_1CH_LP03-1_1.lffs;2:IRR:00002412_V_1000_roll_06.irr,
00002412/00002412_7C_X_569_CA_D800_1000PPI_8BPC_1CH_LP03-1_1.comp,COMP,0502,4,2,VALUE,4064,3810,0,0,0,0,0,,,0,0,0,0,0,0,241,243,,1:LFFS:00002412_7C_X_569_CA_D800_1000PPI_8BPC_1CH_LP03-1_1.lffs;2:IRR:00002412_V_1000_roll_06.irr,
00002415/00002415_1C_R_L01_BP_S05_1000PPI_8BPC_1CH_LP04-1_1.comp,COMP,0502,3,1,VALUE,1569,2468,0,0,8,121,77,20,UNC,3384,1931,2173,1829,0,0,16,18,,1:LFFS:00002415_1C_R_L01_BP_S05_1000PPI_8BPC_1CH_LP04-1_1.lffs;2:IRR:00002415_V_1000_roll_04.irr,
00002415/00002415_1C_R_L01_BP_S05_1000PPI_8BPC_1CH_LP04-1_1.comp,COMP,0502,4,2,VALUE,4064,3810,0,0,0,0,0,,,0,0,0,0,0,0,71,73,,1:LFFS:00002415_1C_R_L01_BP_S05_1000PPI_8BPC_1CH_LP04-1_1.lffs;2:IRR:00002415_V_1000_roll_04.irr,
00002415/00002415_1F_L_L01_BP_S05_1000PPI_8BPC_1CH_LP01-1_1.comp,COMP,0502,3,1,VALUE,2329,2946,0,0,9,144,114,20,UNC,8149,2891,4629,585,0,162,13,14,,1:LFFS:00002415_1F_L_L01_BP_S05_1000PPI_8BPC_1CH_LP01-1_1.lffs;2:IRR:00002415_V_1000_roll_06.irr,
00002415/00002415_1F_L_L01_BP_S05_1000PPI_8BPC_1CH_LP01-1_1.comp,COMP,0502,4,2,VALUE,4064,3810,0,0,0,0,0,,,0,0,0,0,0,0,117,119,,1:LFFS:00002415_1F_L_L01_BP_S05_1000PPI_8BPC_1CH_LP01-1_1.lffs;2:IRR:00002415_V_1000_roll_06.irr,
00002415/00002415_7C_X_433_CA_D800_1000PPI_8BPC_1CH_LP02-1_1.comp,COMP,0502,3,1,LIMITED,1729,1391,0,0,11,68,85,20,UNC,1335,3185,765,345,49,101,8,9,,1:LFFS:00002415_7C_X_433_CA_D800_1000PPI_8BPC_1CH_LP02-1_1.lffs;2:IRR:00002415_V_1000_roll_07.irr,
00002415/00002415_7C_X_433_CA_D800_1000PPI_8BPC_1CH_LP02-1_1.comp,COMP,0502,4,2,VALUE,4064,3810,0,0,0,0,0,,,0,0,0,0,0,0,98,100,,1:LFFS:00002415_7C_X_433_CA_D800_1000PPI_8BPC_1CH_LP02-1_1.lffs;2:IRR:00002415_V_1000_roll_07.irr,
00002420/00002420_1H_L_L01_BP_S22_1000PPI_8BPC_1CH_LP15-1_1.comp,COMP,0502,3,1,VALUE,2103,2176,0,0,7,107,103,20,UNC,5205,530,2627,2079,224,356,37,39,,1:LFFS:00002420_1H_L_L01_BP_S22_1000PPI_8BPC_1CH_LP15-1_1.lffs;2:IRR:00002420_V_1000_roll_08.irr,
00002420/00002420_1H_L_L01_BP_S22_1000PPI_8BPC_1CH_LP15-1_1.comp,COMP,0502,4,2,VALUE,4064,3810,0,0,0,0,0,,,0,0,0,0,0,0,94,96,,1:LFFS:00002420_1H_L_L01_BP_S22_1000PPI_8BPC_1CH_LP15-1_1.lffs;2:IRR:00002420_V_1000_roll_08.irr,
00002423/00002423_1H_R_L01_BP_S04_1000PPI_8BPC_1CH_LP05-1_1.comp,COMP,0502,3,1,VALUE,1729,2606,0,0,8,128,85,20,UNC,5170,1187,830,2222,617,854,44,46,,1:LFFS:00002423_1H_R_L01_BP_S04_1000PPI_8BPC_1CH_LP05-1_1.lffs;2:IRR:00002423_V_1000_roll_05.irr,
00002423/00002423_1H_R_L01_BP_S04_1000PPI_8BPC_1CH_LP05-1_1.comp,COMP,0502,4,2,VALUE,4064,3810,0,0,0,0,0,,,0,0,0,0,0,0,69,71,,1:LFFS:00002423_1H_R_L01_BP_S04_1000PPI_8BPC_1CH_LP05-1_1.lffs;2:IRR:00002423_V_1000_roll_05.irr,
00002426/00002426_1C_R_L01_BP_S04_1000PPI_8BPC_1CH_LP04-1_1.comp,COMP,0502,3,1,VALUE,1623,1214,0,0,5,59,79,20,UNC,2028,338,519,1190,402,184,10,10,2:19,1:LFFS:00002426_1C_R_L01_BP_S04_1000PPI_8BPC_1CH_LP04-1_1.lffs;2:IRR:00002426_V_1000_roll_03.irr,
00002426/00002426_1C_R_L01_BP_S04_1000PPI_8BPC_1CH_LP04-1_1.comp,COMP,0502,4,2,VALUE,3012,3810,0,0,0,0,0,,,0,0,0,0,0,0,96,96,1:-19,1:LFFS:00002426_1C_R_L01_BP_S04_1000PPI_8BPC_1CH_LP04-1_1.lffs;2:IRR:00002426_V_1000_roll_03.irr,
00002426/00002426_1C_X_L01_BP_S04_1000PPI_8BPC_1CH_LP06-1_1.comp,COMP,0502,3,1,VALUE,1005,1592,0,0,6,78,49,20,UNC,1877,341,785,697,0,122,7,7,2:-104,1:LFFS:00002426_1C_X_L01_BP_S04_1000PPI_8BPC_1CH_LP06-1_1.lffs;2:IRR:00002426_V_1000_roll_07.irr,
00002426/00002426_1C_X_L01_BP_S04_1000PPI_8BPC_1CH_LP06-1_1.comp,COMP,0502,4,2,VALUE,2741,3810,0,0,0,0,0,,,0,0,0,0,0,0,63,65,1:104,1:LFFS:00002426_1C_X_L01_BP_S04_1000PPI_8BPC_1CH_LP06-1_1.lffs;2:IRR:00002426_V_1000_roll_07.irr,
00002426/00002426_1E_L_L01_BP_S04_1000PPI_8BPC_1CH_LP02-1_1.comp,COMP,0502,3,1,VALUE,1610,2080,0,0,11,102,79,20,UNC,2674,1243,2607,1367,167,0,14,14,,1:LFFS:00002426_1E_L_L01_BP_S04_1000PPI_8BPC_1CH_LP02-1_1.lffs;2:IRR:00002426_V_1000_roll_09.irr,
00002426/00002426_1E_L_L01_BP_S04_1000PPI_8BPC_1CH_LP02-1_1.comp,COMP,0502,4,2,VALUE,2718,3810,0,0,0,0,0,,,0,0,0,0,0,0,83,85,,1:LFFS:00002426_1E_L_L01_BP_S04_1000PPI_8BPC_1CH_LP02-1_1.lffs;2:IRR:00002426_V_1000_roll_09.irr,
00002428/00002428_1D_R_L01_BP_S05_1000PPI_8BPC_1CH_LP10-1_1.comp,COMP,0502,3,1,VALUE,2418,2875,0,0,15,141,118,20,UNC,9953,1261,4521,903,0,0,23,24,,1:LFFS:00002428_1D_R_L01_BP_S05_1000PPI_8BPC_1CH_LP10-1_1.lffs;2:IRR:00002428_U_1000_roll_01.irr,
00002428/00002428_1D_R_L01_BP_S05_1000PPI_8BPC_1CH_LP10-1_1.comp,COMP,0502,4,2,VALUE,4064,3810,0,0,0,0,0,,,0,0,0,0,0,0,209,213,,1:LFFS:00002428_1D_R_L01_BP_S05_1000PPI_8BPC_1CH_LP10-1_1.lffs;2:IRR:00002428_U_1000_roll_01.irr,
00002434/00002434_4B_X_8317_IN_D800_1000PPI_8BPC_1CH_LP07-1_1.comp,COMP,0502,3,1,VALUE,1666,2011,0,0,5,98,81,20,UNC,3892,2457,1070,519,0,0,13,14,,1:LFFS:00002434_4B_X_8317_IN_D800_1000PPI_8BPC_1CH_LP07-1_1.lffs;2:IRR:00002434_V_1000_roll_02.irr,
00002434/00002434_4B_X_8317_IN_D800_1000PPI_8BPC_1CH_LP07-1_1.comp,COMP,0502,4,2,VALUE,4064,3810,0,0,0,0,0,,,0,0,0,0,0,0,141,145,,1:LFFS:00002434_4B_X_8317_IN_D800_1000PPI_8BPC_1CH_LP07-1_1.lffs;2:IRR:00002434_V_1000_roll_02.irr,
00002435/00002435_6E_X_061_BT_D800_1000PPI_8BPC_1CH_LP03-1_1.comp,COMP,0502,3,1,LIMITED,1399,1143,0,0,5,56,68,20,UNC,2483,312,402,525,0,86,6,6,,1:LFFS:00002435_6E_X_061_BT_D800_1000PPI_8BPC_1CH_LP03-1_1.lffs;2:IRR:00002435_V_1000_roll_09.irr,
00002435/00002435_6E_X_061_BT_D800_1000PPI_8BPC_1CH_LP03-1_1.comp,COMP,0502,4,2,VALUE,4064,3810,0,0,0,0,0,,,0,0,0,0,0,0,123,125,,1:LFFS:00002435_6E_X_061_BT_D800_1000PPI_8BPC_1CH_LP03-1_1.lffs;2:IRR:00002435_V_1000_roll_09.irr,
00002435/00002435_6E_X_061_BT_D800_1000PPI_8BPC_1CH_LP23-1_1.comp,COMP,0502,3,1,VALUE,1488,1351,0,0,8,66,73,20,UNC,1199,1128,2028,415,0,48,7,7,,1:LFFS:00002435_6E_X_061_BT_D800_1000PPI_8BPC_1CH_LP23-1_1.lffs;2:IRR:00002435_V_1000_roll_03.irr,
00002435/00002435_6E_X_061_BT_D800_1000PPI_8BPC_1CH_LP23-1_1.comp,COMP,0502,4,2,VALUE,4064,3810,0,0,0,0,0,,,0,0,0,0,0,0,97,99,,1:LFFS:00002435_6E_X_061_BT_D800_1000PPI_8BPC_1CH_LP23-1_1.lffs;2:IRR:00002435_V_1000_roll_03.irr,
00002439/00002439_1H_R_L01_BP_S06_1000PPI_8BPC_1CH_LP03-1_1.comp,COMP,0502,3,1,VALUE,1358,2186,0,0,18,107,66,20,UNC,2836,2509,1617,100,0,0,11,12,,1:LFFS:00002439_1H_R_L01_BP_S06_1000PPI_8BPC_1CH_LP03-1_1.lffs;2:IRR:00002439_V_1000_roll_05.irr,
00002439/00002439_1H_R_L01_BP_S06_1000PPI_8BPC_1CH_LP03-1_1.comp,COMP,0502,4,2,VALUE,4064,3810,0,0,0,0,0,,,0,0,0,0,0,0,104,106,,1:LFFS:00002439_1H_R_L01_BP_S06_1000PPI_8BPC_1CH_LP03-1_1.lffs;2:IRR:00002439_V_1000_roll_05.irr,
00002439/00002439_4A_X_126_IN_D800_1000PPI_8BPC_1CH_LP02-1_1.comp,COMP,0502,3,1,LIMITED,1711,1574,0,0,5,77,84,20,UNC,2937,1539,1760,127,14,91,11,11,,1:LFFS:00002439_4A_X_126_IN_D800_1000PPI_8BPC_1CH_LP02-1_1.lffs;2:IRR:00002439_V_1000_roll_07.irr,
00002439/00002439_4A_X_126_IN_D800_1000PPI_8BPC_1CH_LP02-1_1.comp,COMP,0502,4,2,VALUE,4064,3810,0,0,0,0,0,,,0,0,0,0,0,0,141,145,,1:LFFS:00002439_4A_X_126_IN_D800_1000PPI_8BPC_1CH_LP02-1_1.lffs;2:IRR:00002439_V_1000_roll_07.irr,
00002440/00002440_1C_L_L01_BP_S25_1000PPI_8BPC_1CH_LP12-1_1.comp,COMP,0502,3,1,VALUE,1529,1417,0,0,5,69,75,20,UNC,2527,1039,861,600,0,148,13,13,,1:LFFS:00002440_1C_L_L01_BP_S25_1000PPI_8BPC_1CH_LP12-1_1.lffs;2:IRR:00002440_V_1000_roll_10.irr,
00002440/00002440_1C_L_L01_BP_S25_1000PPI_8BPC_1CH_LP12-1_1.comp,COMP,0502,4,2,VALUE,4064,3810,0,0,0,0,0,,,0,0,0,0,0,0,104,106,,1:LFFS:00002440_1C_L_L01_BP_S25_1000PPI_8BPC_1CH_LP12-1_1.lffs;2:IRR:00002440_V_1000_roll_10.irr,
00002440/00002440_7D_X_116_CA_D800_1000PPI_8BPC_1CH_LP04-1_1.comp,COMP,0502,3,1,VALUE,3713,3002,0,0,6,147,182,20,UNC,8317,7620,9865,952,0,0,13,15,,1:LFFS:00002440_7D_X_116_CA_D800_1000PPI_8BPC_1CH_LP04-1_1.lffs;2:IRR:00002440_V_1000_roll_09.irr,
00002440/00002440_7D_X_116_CA_D800_1000PPI_8BPC_1CH_LP04-1_1.comp,COMP,0502,4,2,VALUE,4064,3810,0,0,0,0,0,,,0,0,0,0,0,0,132,134,,1:LFFS:00002440_7D_X_116_CA_D800_1000PPI_8BPC_1CH_LP04-1_1.lffs;2:IRR:00002440_V_1000_roll_09.irr,
00002445/00002445_1F_R_L01_BP_S11_1000PPI_8BPC_1CH_LP05-1_1.comp,COMP,0502,3,1,VALUE,2611,2788,0,0,13,137,128,20,UNC,11100,2810,3316,213,41,56,6,7,,1:LFFS:00002445_1F_R_L01_BP_S11_1000PPI_8BPC_1CH_LP05-1_1.lffs;2:IRR:00002445_V_1000_roll_05.irr,
00002445/00002445_1F_R_L01_BP_S11_1000PPI_8BPC_1CH_LP05-1_1.comp,COMP,0502,4,2,VALUE,2802,3810,0,0,0,0,0,,,0,0,0,0,0,0,94,96,,1:LFFS:00002445_1F_R_L01_BP_S11_1000PPI_8BPC_1CH_LP05-1_1.lffs;2:IRR:00002445_V_1000_roll_05.irr,
00002445/00002445_1H_L_L01_BP_S11_1000PPI_8BPC_1CH_LP16-1_1.comp,COMP,0502,3,1,VALUE,1788,1889,0,0,12,92,87,20,UNC,4307,633,1096,1108,532,328,20,20,,1:LFFS:00002445_1H_L_L01_BP_S11_1000PPI_8BPC_1CH_LP16-1_1.lffs;2:IRR:00002445_V_1000_roll_07.irr,
00002445/00002445_1H_L_L01_BP_S11_1000PPI_8BPC_1CH_LP16-1_1.comp,COMP,0502,4,2,VALUE,2962,3810,0,0,0,0,0,,,0,0,0,0,0,0,90,92,,1:LFFS:00002445_1H_L_L01_BP_S11_1000PPI_8BPC_1CH_LP16-1_1.lffs;2:IRR:00002445_V_1000_roll_07.irr,
00002446/00002446_6E_X_052_BT_D800_1000PPI_8BPC_1CH_LP19-1_1.comp,COMP,0502,3,1,VALUE,1645,1940,0,0,10,95,80,20,UNC,2411,614,834,965,2501,275,50,52,,1:LFFS:00002446_6E_X_052_BT_D800_1000PPI_8BPC_1CH_LP19-1_1.lffs;2:IRR:00002446_V_1000_roll_07.irr,
00002446/00002446_6E_X_052_BT_D800_1000PPI_8BPC_1CH_LP19-1_1.comp,COMP,0502,4,2,VALUE,4064,3810,0,0,0,0,0,,,0,0,0,0,0,0,125,129,,1:LFFS:00002446_6E_X_052_BT_D800_1000PPI_8BPC_1CH_LP19-1_1.lffs;2:IRR:00002446_V_1000_roll_07.irr,
00002447/00002447_1H_L_L01_BP_S12_1000PPI_8BPC_1CH_LP01-1_1.comp,COMP,0502,3,1,LIMITED,777,1760,0,0,12,86,38,20,UNC,807,700,1629,132,0,0,5,6,,1:LFFS:00002447_1H_L_L01_BP_S12_1000PPI_8BPC_1CH_LP01-1_1.lffs;2:IRR:00002447_V_1000_roll_10.irr,
00002447/00002447_1H_L_L01_BP_S12_1000PPI_8BPC_1CH_LP01-1_1.comp,COMP,0502,4,2,VALUE,4064,3810,0,0,0,0,0,,,0,0,0,0,0,0,70,72,,1:LFFS:00002447_1H_L_L01_BP_S12_1000PPI_8BPC_1CH_LP01-1_1.lffs;2:IRR:00002447_V_1000_roll_10.irr,
00002448/00002448_4A_X_093_IN_D800_1000PPI_8BPC_1CH_LP05-1_1.comp,COMP,0502,3,1,VALUE,1549,1681,0,0,6,82,76,20,UNC,2318,923,1862,1129,0,0,25,25,,1:LFFS:00002448_4A_X_093_IN_D800_1000PPI_8BPC_1CH_LP05-1_1.lffs;2:IRR:00002448_V_1000_roll_02.irr,
00002448/00002448_4A_X_093_IN_D800_1000PPI_8BPC_1CH_LP05-1_1.comp,COMP,0502,4,2,VALUE,4064,3810,0,0,0,0,0,,,0,0,0,0,0,0,152,154,,1:LFFS:00002448_4A_X_093_IN_D800_1000PPI_8BPC_1CH_LP05-1_1.lffs;2:IRR:00002448_V_1000_roll_02.irr,
00002449/00002449_7D_X_167_CA_D800_1000PPI_8BPC_1CH_LP34-1_1.comp,COMP,0502,3,1,NOVALUE,1165,1158,0,0,5,56,57,20,UNC,1404,1114,567,76,31,0,3,3,,1:LFFS:00002449_7D_X_167_CA_D800_1000PPI_8BPC_1CH_LP34-1_1.lffs;2:IRR:00002449_V_1000_roll_03.irr,
00002449/00002449_7D_X_167_CA_D800_1000PPI_8BPC_1CH_LP34-1_1.comp,COMP,0502,4,2,VALUE,4064,3810,0,0,0,0,0,,,0,0,0,0,0,0,175,177,,1:LFFS:00002449_7D_X_167_CA_D800_1000PPI_8BPC_1CH_LP34-1_1.lffs;2:IRR:00002449_V_1000_roll_03.irr,
00002449/00002449_7D_X_168_CA_D800_1000PPI_8BPC_1CH_LP05-1_1.comp,COMP,0502,3,1,VALUE,1318,2006,0,0,4,98,64,20,UNC,1484,2407,1985,326,0,70,11,12,,1:LFFS:00002449_7D_X_168_CA_D800_1000PPI_8BPC_1CH_LP05-1_1.lffs;2:IRR:00002449_V_1000_roll_07.irr,
00002449/00002449_7D_X_168_CA_D800_1000PPI_8BPC_1CH_LP05-1_1.comp,COMP,0502,4,2,VALUE,4064,3810,0,0,0,0,0,,,0,0,0,0,0,0,145,147,,1:LFFS:00002449_7D_X_168_CA_D800_1000PPI_8BPC_1CH_LP05-1_1.lffs;2:IRR:00002449_V_1000_roll_07.irr,
00002456/00002456_7B_X_0009_CA_FSIS_1000PPI_8BPC_1CH_LP05-1_1.comp,COMP,0502,3,1,VALUE,3014,1836,0,0,6,90,148,20,UNC,7672,921,2447,2021,259,0,29,30,2:-122,1:LFFS:00002456_7B_X_0009_CA_FSIS_1000PPI_8BPC_1CH_LP05-1_1.lffs;2:IRR:00002456_V_1000_roll_02.irr,
00002456/00002456_7B_X_0009_CA_FSIS_1000PPI_8BPC_1CH_LP05-1_1.comp,COMP,0502,4,2,VALUE,2576,3810,0,0,0,0,0,,,0,0,0,0,0,0,128,130,1:122,1:LFFS:00002456_7B_X_0009_CA_FSIS_1000PPI_8BPC_1CH_LP05-1_1.lffs;2:IRR:00002456_V_1000_roll_02.irr,
00002457/00002457_1E_L_L01_BP_S23_1000PPI_8BPC_1CH_LP01-1_1.comp,COMP,0502,3,1,VALUE,2181,2362,0,0,11,116,107,20,UNC,8669,1597,1230,530,147,239,10,10,2:-42,1:LFFS:00002457_1E_L_L01_BP_S23_1000PPI_8BPC_1CH_LP01-1_1.lffs;2:IRR:00002457_V_1000_roll_06.irr,
00002457/00002457_1E_L_L01_BP_S23_1000PPI_8BPC_1CH_LP01-1_1.comp,COMP,0502,4,2,VALUE,3442,3810,0,0,0,0,0,,,0,0,0,0,0,0,187,189,1:42,1:LFFS:00002457_1E_L_L01_BP_S23_1000PPI_8BPC_1CH_LP01-1_1.lffs;2:IRR:00002457_V_1000_roll_06.irr,
00002457/00002457_1H_L_L01_BP_S23_1000PPI_8BPC_1CH_LP07-1_1.comp,COMP,0502,3,1,VALUE,1498,1803,0,0,7,88,73,20,UNC,3051,801,507,1120,346,599,24,24,2:-16,1:LFFS:00002457_1H_L_L01_BP_S23_1000PPI_8BPC_1CH_LP07-1_1.lffs;2:IRR:00002457_V_1000_roll_08.irr,
00002457/00002457_1H_L_L01_BP_S23_1000PPI_8BPC_1CH_LP07-1_1.comp,COMP,0502,4,2,VALUE,2842,3810,0,0,0,0,0,,,0,0,0,0,0,0,93,93,1:16,1:LFFS:00002457_1H_L_L01_BP_S23_1000PPI_8BPC_1CH_LP07-1_1.lffs;2:IRR:00002457_V_1000_roll_08.irr,
00002462/00002462_6E_X_093_BT_D800_1000PPI_8BPC_1CH_LP17-1_1.comp,COMP,0502,3,1,VALUE,1615,2174,0,0,4,106,79,20,UNC,5546,610,511,193,1038,476,20,20,,1:LFFS:00002462_6E_X_093_BT_D800_1000PPI_8BPC_1CH_LP17-1_1.lffs;2:IRR:00002462_V_1000_roll_09.irr,
00002462/00002462_6E_X_093_BT_D800_1000PPI_8BPC_1CH_LP17-1_1.comp,COMP,0502,4,2,VALUE,4064,3810,0,0,0,0,0,,,0,0,0,0,0,0,120,122,,1:LFFS:00002462_6E_X_093_BT_D800_1000PPI_8BPC_1CH_LP17-1_1.lffs;2:IRR:00002462_V_1000_roll_09.irr,
00002463/00002463_1G_R_L01_BP_S25_1000PPI_8BPC_1CH_LP03-1_1.comp,COMP,0502,3,1,VALUE,2717,2583,0,0,9,127,133,20,UNC,6906,2875,5414,1308,388,0,25,26,,1:LFFS:00002463_1G_R_L01_BP_S25_1000PPI_8BPC_1CH_LP03-1_1.lffs;2:IRR:00002463_V_1000_roll_01.irr,
00002463/00002463_1G_R_L01_BP_S25_1000PPI_8BPC_1CH_LP03-1_1.comp,COMP,0502,4,2,VALUE,4064,3810,0,0,0,0,0,,,0,0,0,0,0,0,109,111,,1:LFFS:00002463_1G_R_L01_BP_S25_1000PPI_8BPC_1CH_LP03-1_1.lffs;2:IRR:00002463_V_1000_roll_01.irr,
00002463/00002463_6E_X_095_BT_D800_1000PPI_8BPC_1CH_LP19-1_1.comp,COMP,0502,3,1,LIMITED,1244,1780,0,0,7,87,61,20,UNC,1482,1850,1256,341,245,133,6,6,,1:LFFS:00002463_6E_X_095_BT_D800_1000PPI_8BPC_1CH_LP19-1_1.lffs;2:IRR:00002463_U_1000_roll_07.irr,
00002463/00002463_6E_X_095_BT_D800_1000PPI_8BPC_1CH_LP19-1_1.comp,COMP,0502,4,2,VALUE,4064,3810,0,0,0,0,0,,,0,0,0,0,0,0,110,110,,1:LFFS:00002463_6E_X_095_BT_D800_1000PPI_8BPC_1CH_LP19-1_1.lffs;2:IRR:00002463_U_1000_roll_07.irr,
00002466/00002466_2A_X_L01_BP_S24_1000PPI_8BPC_1CH_LP12-1_1.comp,COMP,0502,3,1,VALUE,1861,2169,0,0,20,106,91,20,UNC,5268,1476,1871,905,0,126,16,17,,1:LFFS:00002466_2A_X_L01_BP_S24_1000PPI_8BPC_1CH_LP12-1_1.lffs;2:IRR:00002466_V_1000_roll_06.irr,
00002466/00002466_2A_X_L01_BP_S24_1000PPI_8BPC_1CH_LP12-1_1.comp,COMP,0502,4,2,VALUE,4064,3810,0,0,0,0,0,,,0,0,0,0,0,0,303,306,,1:LFFS:00002466_2A_X_L01_BP_S24_1000PPI_8BPC_1CH_LP12-1_1.lffs;2:IRR:00002466_V_1000_roll_06.irr,
00002472/00002472_4B_X_8258_IN_D800_1000PPI_8BPC_1CH_LP01-1_1.comp,COMP,0502,3,1,VALUE,2042,1518,0,0,10,74,100,20,UNC,1606,1004,1320,3470,0,0,41,43,,1:LFFS:00002472_4B_X_8258_IN_D800_1000PPI_8BPC_1CH_LP01-1_1.lffs;2:IRR:00002472_V_1000_roll_02.irr,
00002472/00002472_4B_X_8258_IN_D800_1000PPI_8BPC_1CH_LP01-1_1.comp,COMP,0502,4,2,VALUE,4064,3810,0,0,0,0,0,,,0,0,0,0,0,0,105,107,,1:LFFS:00002472_4B_X_8258_IN_D800_1000PPI_8BPC_1CH_LP01-1_1.lffs;2:IRR:00002472_V_1000_roll_02.irr,
00002472/00002472_4B_X_8260_IN_D800_1000PPI_8BPC_1CH_LP09-1_1.comp,COMP,0502,3,1,VALUE,1564,2791,0,0,9,137,76,20,UNC,3332,2078,4148,523,187,144,21,22,,1:LFFS:00002472_4B_X_8260_IN_D800_1000PPI_8BPC_1CH_LP09-1_1.lffs;2:IRR:00002472_V_1000_roll_04.irr,
00002472/00002472_4B_X_8260_IN_D800_1000PPI_8BPC_1CH_LP09-1_1.comp,COMP,0502,4,2,VALUE,4064,3810,0,0,0,0,0,,,0,0,0,0,0,0,98,100,,1:LFFS:00002472_4B_X_8260_IN_D800_1000PPI_8BPC_1CH_LP09-1_1.lffs;2:IRR:00002472_V_1000_roll_04.irr,
00002472/00002472_6D_X_070_WT_D800_1000PPI_8BPC_1CH_LP18-1_1.comp,COMP,0502,3,1,VALUE,1600,1541,0,0,12,75,78,20,UNC,1876,1094,1278,1493,0,109,23,24,,1:LFFS:00002472_6D_X_070_WT_D800_1000PPI_8BPC_1CH_LP18-1_1.lffs;2:IRR:00002472_V_1000_roll_08.irr,
00002472/00002472_6D_X_070_WT_D800_1000PPI_8BPC_1CH_LP18-1_1.comp,COMP,0502,4,2,VALUE,4064,3810,0,0,0,0,0,,,0,0,0,0,0,0,133,135,,1:LFFS:00002472_6D_X_070_WT_D800_1000PPI_8BPC_1CH_LP18-1_1.lffs;2:IRR:00002472_V_1000_roll_08.irr,
00002475/00002475_1E_L_L01_BP_S22_1000PPI_8BPC_1CH_LP02-1_1.comp,COMP,0502,3,1,LIMITED,1254,1874,0,0,9,92,61,20,UNC,1848,2525,1239,0,0,0,2,2,,1:LFFS:00002475_1E_L_L01_BP_S22_1000PPI_8BPC_1CH_LP02-1_1.lffs;2:IRR:00002475_C_500_roll_08.irr,
00002475/00002475_1E_L_L01_BP_S22_1000PPI_8BPC_1CH_LP02-1_1.comp,COMP,0502,4,2,VALUE,4064,3810,0,0,0,0,0,,,0,0,0,0,0,0,72,72,,1:LFFS:00002475_1E_L_L01_BP_S22_1000PPI_8BPC_1CH_LP02-1_1.lffs;2:IRR:00002475_C_500_roll_08.irr,
00002475/00002475_1G_L_L01_BP_S22_1000PPI_8BPC_1CH_LP03-1_1.comp,COMP,0502,3,1,VALUE,2120,1732,0,0,15,85,104,20,UNC,2418,1947,4067,408,0,0,12,12,,1:LFFS:00002475_1G_L_L01_BP_S22_1000PPI_8BPC_1CH_LP03-1_1.lffs;2:IRR:00002475_C_500_roll_09.irr,
00002475/00002475_1G_L_L01_BP_S22_1000PPI_8BPC_1CH_LP03-1_1.comp,COMP,0502,4,2,VALUE,4064,3810,0,0,0,0,0,,,0,0,0,0,0,0,93,93,,1:LFFS:00002475_1G_L_L01_BP_S22_1000PPI_8BPC_1CH_LP03-1_1.lffs;2:IRR:00002475_C_500_roll_09.irr,
00002475/00002475_1G_R_L01_BP_S22_1000PPI_8BPC_1CH_LP04-1_1.comp,COMP,0502,3,1,NOVALUE,1790,1457,0,0,8,71,88,20,UNC,1649,3520,1079,0,0,0,3,3,,1:LFFS:00002475_1G_R_L01_BP_S22_1000PPI_8BPC_1CH_LP04-1_1.lffs;2:IRR:00002475_V_1000_roll_05.irr,
00002475/00002475_1G_R_L01_BP_S22_1000PPI_8BPC_1CH_LP04-1_1.comp,COMP,0502,4,2,VALUE,4064,3810,0,0,0,0,0,,,0,0,0,0,0,0,35,37,,1:LFFS:00002475_1G_R_L01_BP_S22_1000PPI_8BPC_1CH_LP04-1_1.lffs;2:IRR:00002475_V_1000_roll_05.irr,
00002480/00002480_6E_X_050_BT_D800_1000PPI_8BPC_1CH_LP12-1_1.comp,COMP,0502,3,1,VALUE,2067,1572,0,0,10,77,101,20,UNC,4932,793,755,460,714,123,17,18,2:-73,1:LFFS:00002480_6E_X_050_BT_D800_1000PPI_8BPC_1CH_LP12-1_1.lffs;2:IRR:00002480_V_1000_roll_07.irr,
00002480/00002480_6E_X_050_BT_D800_1000PPI_8BPC_1CH_LP12-1_1.comp,COMP,0502,4,2,VALUE,3172,3810,0,0,0,0,0,,,0,0,0,0,0,0,92,94,1:73,1:LFFS:00002480_6E_X_050_BT_D800_1000PPI_8BPC_1CH_LP12-1_1.lffs;2:IRR:00002480_V_1000_roll_07.irr,
00002481/00002481_1F_L_L01_BP_S10_1000PPI_8BPC_1CH_LP04-1_1.comp,COMP,0502,3,1,VALUE,3599,4665,0,0,7,229,177,20,UNC,28504,4516,5598,1915,0,0,51,53,,1:LFFS:00002481_1F_L_L01_BP_S10_1000PPI_8BPC_1CH_LP04-1_1.lffs;2:IRR:00002481_V_1000_roll_07.irr,
00002481/00002481_1F_L_L01_BP_S10_1000PPI_8BPC_1CH_LP04-1_1.comp,COMP,0502,4,2,VALUE,4064,3810,0,0,0,0,0,,,0,0,0,0,0,0,91,93,,1:LFFS:00002481_1F_L_L01_BP_S10_1000PPI_8BPC_1CH_LP04-1_1.lffs;2:IRR:00002481_V_1000_roll_07.irr,
00002481/00002481_1F_L_L02_BP_S10_1000PPI_8BPC_1CH_LP01-1_1.comp,COMP,0502,3,1,LIMITED,1170,2463,0,0,6,121,57,20,UNC,2714,2905,1221,0,0,57,5,6,,1:LFFS:00002481_1F_L_L02_BP_S10_1000PPI_8BPC_1CH_LP01-1_1.lffs;2:IRR:00002481_V_1000_roll_10.irr,
00002481/00002481_1F_L_L02_BP_S10_1000PPI_8BPC_1CH_LP01-1_1.comp,COMP,0502,4,2,NOVALUE,4064,3810,0,0,0,0,0,,,0,0,0,0,0,0,87,89,,1:LFFS:00002481_1F_L_L02_BP_S10_1000PPI_8BPC_1CH_LP01-1_1.lffs;2:IRR:00002481_V_1000_roll_10.irr,
00002484/00002484_6C_X_216_BT_D800_1000PPI_8BPC_1CH_LP10-1_1.comp,COMP,0502,3,1,LIMITED,1061,1272,0,0,10,62,52,20,UNC,816,1105,949,187,0,167,7,7,,1:LFFS:00002484_6C_X_216_BT_D800_1000PPI_8BPC_1CH_LP10-1_1.lffs;2:IRR:00002484_V_1000_roll_09.irr,
00002484/00002484_6C_X_216_BT_D800_1000PPI_8BPC_1CH_LP10-1_1.comp,COMP,0502,4,2,VALUE,4064,3810,0,0,0,0,0,,,0,0,0,0,0,0,135,137,,1:LFFS:00002484_6C_X_216_BT_D800_1000PPI_8BPC_1CH_LP10-1_1.lffs;2:IRR:00002484_V_1000_roll_09.irr,
00002488/00002488_2B_X_L01_BP_S06_1000PPI_8BPC_1CH_LP01-1_1.comp,COMP,0502,3,1,VALUE,2265,2631,0,0,8,129,111,20,UNC,7435,3373,2184,896,276,155,7,7,2:98,1:LFFS:00002488_2B_X_L01_BP_S06_1000PPI_8BPC_1CH_LP01-1_1.lffs;2:IRR:00002488_V_1000_roll_07.irr,
00002488/00002488_2B_X_L01_BP_S06_1000PPI_8BPC_1CH_LP01-1_1.comp,COMP,0502,4,2,VALUE,2921,3810,0,0,0,0,0,,,0,0,0,0,0,0,115,117,1:-98,1:LFFS:00002488_2B_X_L01_BP_S06_1000PPI_8BPC_1CH_LP01-1_1.lffs;2:IRR:00002488_V_1000_roll_07.irr,
00002488/00002488_4G_X_109_IN_D800_1000PPI_8BPC_1CH_LP01-1_1.comp,COMP,0502,3,1,VALUE,1615,2476,0,0,4,121,79,20,UNC,2415,4266,1929,837,26,86,18,18,,1:LFFS:00002488_4G_X_109_IN_D800_1000PPI_8BPC_1CH_LP01-1_1.lffs;2:IRR:00002488_V_1000_roll_01.irr,
00002488/00002488_4G_X_109_IN_D800_1000PPI_8BPC_1CH_LP01-1_1.comp,COMP,0502,4,2,VALUE,3162,3810,0,0,0,0,0,,,0,0,0,0,0,0,155,157,,1:LFFS:00002488_4G_X_109_IN_D800_1000PPI_8BPC_1CH_LP01-1_1.lffs;2:IRR:00002488_V_1000_roll_01.irr,
00002488/00002488_6E_X_184_BT_D800_1000PPI_8BPC_1CH_LP01-1_1.comp,COMP,0502,3,1,VALUE,1709,2263,0,0,5,111,84,20,UNC,2766,2218,1182,1669,1335,154,30,30,2:-122,1:LFFS:00002488_6E_X_184_BT_D800_1000PPI_8BPC_1CH_LP01-1_1.lffs;2:IRR:00002488_V_1000_roll_08.irr,
00002488/00002488_6E_X_184_BT_D800_1000PPI_8BPC_1CH_LP01-1_1.comp,COMP,0502,4,2,VALUE,3096,3810,0,0,0,0,0,,,0,0,0,0,0,0,111,113,1:122,1:LFFS:00002488_6E_X_184_BT_D800_1000PPI_8BPC_1CH_LP01-1_1.lffs;2:IRR:00002488_V_1000_roll_08.irr,
00002494/00002494_4A_X_533_IN_D800_1000PPI_8BPC_1CH_LP03-1_1.comp,COMP,0502,3,1,VALUE,2128,2250,0,0,6,110,104,20,UNC,4465,1508,1796,2436,965,270,47,49,,1:LFFS:00002494_4A_X_533_IN_D800_1000PPI_8BPC_1CH_LP03-1_1.lffs;2:IRR:00002494_V_1000_roll_08.irr,
00002494/00002494_4A_X_533_IN_D800_1000PPI_8BPC_1CH_LP03-1_1.comp,COMP,0502,4,2,VALUE,4064,3810,0,0,0,0,0,,,0,0,0,0,0,0,131,133,,1:LFFS:00002494_4A_X_533_IN_D800_1000PPI_8BPC_1CH_LP03-1_1.lffs;2:IRR:00002494_V_1000_roll_08.irr,
00002494/00002494_7D_X_290_CA_D800_1000PPI_8BPC_1CH_LP24-1_1.comp,COMP,0502,3,1,VALUE,1348,2044,0,0,12,100,66,20,UNC,1599,2235,2005,506,113,142,17,19,,1:LFFS:00002494_7D_X_290_CA_D800_1000PPI_8BPC_1CH_LP24-1_1.lffs;2:IRR:00002494_V_1000_roll_09.irr,
00002494/00002494_7D_X_290_CA_D800_1000PPI_8BPC_1CH_LP24-1_1.comp,COMP,0502,4,2,VALUE,4064,3810,0,0,0,0,0,,,0,0,0,0,0,0,99,101,,1:LFFS:00002494_7D_X_290_CA_D800_1000PPI_8BPC_1CH_LP24-1_1.lffs;2:IRR:00002494_V_1000_roll_09.irr,
00002501/00002501_1D_R_L02_BP_S24_1000PPI_8BPC_1CH_LP04-3_1.comp,COMP,0502,3,1,VALUE,2252,2501,0,0,12,90,64,20,UNC,1507,2729,838,433,126,127,10,10,,1:LFFS:00002501_1D_R_L02_BP_S24_1000PPI_8BPC_1CH_LP04-3_1.lffs;2:IRR:00002501_V_1000_roll_04.irr,
00002501/00002501_1D_R_L02_BP_S24_1000PPI_8BPC_1CH_LP04-3_1.comp,COMP,0502,4,2,VALUE,4064,3810,0,0,0,0,0,,,0,0,0,0,0,0,130,132,,1:LFFS:00002501_1D_R_L02_BP_S24_1000PPI_8BPC_1CH_LP04-3_1.lffs;2:IRR:00002501_V_1000_roll_04.irr,
00002501/00002501_1D_R_L02_BP_S24_1000PPI_8BPC_1CH_LP08-1_1.comp,COMP,0502,3,1,VALUE,1117,1884,0,0,5,92,54,20,UNC,3030,807,489,421,62,159,9,9,,1:LFFS:00002501_1D_R_L02_BP_S24_1000PPI_8BPC_1CH_LP08-1_1.lffs;2:IRR:00002501_V_1000_roll_01.irr,
00002501/00002501_1D_R_L02_BP_S24_1000PPI_8BPC_1CH_LP08-1_1.comp,COMP,0502,4,2,VALUE,4064,3810,0,0,0,0,0,,,0,0,0,0,0,0,196,199,,1:LFFS:00002501_1D_R_L02_BP_S24_1000PPI_8BPC_1CH_LP08-1_1.lffs;2:IRR:00002501_V_1000_roll_01.irr,
00002502/00002502_1C_L_L01_BP_S05_1000PPI_8BPC_1CH_LP08-1_1.comp,COMP,0502,3,1,VALUE,1224,1993,0,0,10,98,60,20,UNC,2082,1147,1393,948,91,219,15,15,,1:LFFS:00002502_1C_L_L01_BP_S05_1000PPI_8BPC_1CH_LP08-1_1.lffs;2:IRR:00002502_V_1000_roll_07.irr,
00002502/00002502_1C_L_L01_BP_S05_1000PPI_8BPC_1CH_LP08-1_1.comp,COMP,0502,4,2,VALUE,4064,3810,0,0,0,0,0,,,0,0,0,0,0,0,98,98,,1:LFFS:00002502_1C_L_L01_BP_S05_1000PPI_8BPC_1CH_LP08-1_1.lffs;2:IRR:00002502_V_1000_roll_07.irr,
00002504/00002504_6E_X_068_BT_D800_1000PPI_8BPC_1CH_LP34-1_1.comp,COMP,0502,3,1,VALUE,1031,1938,0,0,9,95,50,20,UNC,1067,1703,685,664,264,367,21,23,,1:LFFS:00002504_6E_X_068_BT_D800_1000PPI_8BPC_1CH_LP34-1_1.lffs;2:IRR:00002504_U_1000_roll_03.irr,
00002504/00002504_6E_X_068_BT_D800_1000PPI_8BPC_1CH_LP34-1_1.comp,COMP,0502,4,2,VALUE,4064,3810,0,0,0,0,0,,,0,0,0,0,0,0,154,158,,1:LFFS:00002504_6E_X_068_BT_D800_1000PPI_8BPC_1CH_LP34-1_1.lffs;2:IRR:00002504_U_1000_roll_03.irr,
00002510/00002510_1C_L_L01_BP_S24_1000PPI_8BPC_1CH_LP04-1_1.comp,COMP,0502,3,1,VALUE,2151,2405,0,0,7,118,105,20,UNC,7758,1665,1535,840,0,592,23,23,2:-21,1:LFFS:00002510_1C_L_L01_BP_S24_1000PPI_8BPC_1CH_LP04-1_1.lffs;2:IRR:00002510_V_1000_roll_07.irr,
00002510/00002510_1C_L_L01_BP_S24_1000PPI_8BPC_1CH_LP04-1_1.comp,COMP,0502,4,2,VALUE,2736,3810,0,0,0,0,0,,,0,0,0,0,0,0,121,126,1:21,1:LFFS:00002510_1C_L_L01_BP_S24_1000PPI_8BPC_1CH_LP04-1_1.lffs;2:IRR:00002510_V_1000_roll_07.irr,
00002510/00002510_1D_L_L01_BP_S24_1000PPI_8BPC_1CH_LP08-1_1.comp,COMP,0502,3,1,VALUE,2105,2120,0,0,18,104,103,20,UNC,6034,1671,866,879,513,749,38,40,,1:LFFS:00002510_1D_L_L01_BP_S24_1000PPI_8BPC_1CH_LP08-1_1.lffs;2:IRR:00002510_V_1000_roll_10.irr,
00002510/00002510_1D_L_L01_BP_S24_1000PPI_8BPC_1CH_LP08-1_1.comp,COMP,0502,4,2,VALUE,2367,3810,0,0,0,0,0,,,0,0,0,0,0,0,67,69,,1:LFFS:00002510_1D_L_L01_BP_S24_1000PPI_8BPC_1CH_LP08-1_1.lffs;2:IRR:00002510_V_1000_roll_10.irr,
00002510/00002510_1G_R_L01_BP_S24_1000PPI_8BPC_1CH_LP01-1_1.comp,COMP,0502,3,1,VALUE,2806,2773,0,0,12,136,138,20,UNC,9485,2481,885,1341,4576,0,50,51,2:93,1:LFFS:00002510_1G_R_L01_BP_S24_1000PPI_8BPC_1CH_LP01-1_1.lffs;2:IRR:00002510_V_1000_roll_01.irr,
00002510/00002510_1G_R_L01_BP_S24_1000PPI_8BPC_1CH_LP01-1_1.comp,COMP,0502,4,2,VALUE,3320,3810,0,0,0,0,0,,,0,0,0,0,0,0,142,144,1:-93,1:LFFS:00002510_1G_R_L01_BP_S24_1000PPI_8BPC_1CH_LP01-1_1.lffs;2:IRR:00002510_V_1000_roll_01.irr,
00002514/00002514_4B_X_8738_IN_D800_1000PPI_8BPC_1CH_LP02-1_1.comp,COMP,0502,3,1,NOVALUE,1813,1031,0,0,4,50,89,20,UNC,1817,1648,212,180,312,281,3,3,,1:LFFS:00002514_4B_X_8738_IN_D800_1000PPI_8BPC_1CH_LP02-1_1.lffs;2:IRR:00002514_V_1000_roll_08.irr,
00002514/00002514_4B_X_8738_IN_D800_1000PPI_8BPC_1CH_LP02-1_1.comp,COMP,0502,4,2,VALUE,4064,3810,0,0,0,0,0,,,0,0,0,0,0,0,65,67,,1:LFFS:00002514_4B_X_8738_IN_D800_1000PPI_8BPC_1CH_LP02-1_1.lffs;2:IRR:00002514_V_1000_roll_08.irr,
00002514/00002514_5B_X_0972_IN_D800_1000PPI_8BPC_1CH_LP09-1_1.comp,COMP,0502,3,1,LIMITED,1958,2247,0,0,7,110,96,20,UNC,4941,4499,1120,0,0,0,4,4,,1:LFFS:00002514_5B_X_0972_IN_D800_1000PPI_8BPC_1CH_LP09-1_1.lffs;2:IRR:00002514_V_1000_roll_07.irr,
00002514/00002514_5B_X_0972_IN_D800_1000PPI_8BPC_1CH_LP09-1_1.comp,COMP,0502,4,2,VALUE,4064,3810,0,0,0,0,0,,,0,0,0,0,0,0,77,77,,1:LFFS:00002514_5B_X_0972_IN_D800_1000PPI_8BPC_1CH_LP09-1_1.lffs;2:IRR:00002514_V_1000_roll_07.irr,
00002515/00002515_4A_X_859_IN_D800_1000PPI_8BPC_1CH_LP01-1_1.comp,COMP,0502,3,1,LIMITED,3324,1049,0,0,6,51,163,20,UNC,2859,3509,1479,354,0,112,5,6,,1:LFFS:00002515_4A_X_859_IN_D800_1000PPI_8BPC_1CH_LP01-1_1.lffs;2:IRR:00002515_V_1000_roll_06.irr,
00002515/00002515_4A_X_859_IN_D800_1000PPI_8BPC_1CH_LP01-1_1.comp,COMP,0502,4,2,VALUE,4064,3810,0,0,0,0,0,,,0,0,0,0,0,0,134,136,,1:LFFS:00002515_4A_X_859_IN_D800_1000PPI_8BPC_1CH_LP01-1_1.lffs;2:IRR:00002515_V_1000_roll_06.irr,
00002516/00002516_1D_R_L01_BP_S03_1000PPI_8BPC_1CH_LP03-1_1.comp,COMP,0502,3,1,VALUE,1681,2588,0,0,10,127,82,20,UNC,3683,3110,2279,1342,0,0,14,15,,1:LFFS:00002516_1D_R_L01_BP_S03_1000PPI_8BPC_1CH_LP03-1_1.lffs;2:IRR:00002516_V_1000_roll_03.irr,
00002516/00002516_1D_R_L01_BP_S03_1000PPI_8BPC_1CH_LP03-1_1.comp,COMP,0502,4,2,VALUE,4064,3810,0,0,0,0,0,,,0,0,0,0,0,0,93,95,,1:LFFS:00002516_1D_R_L01_BP_S03_1000PPI_8BPC_1CH_LP03-1_1.lffs;2:IRR:00002516_V_1000_roll_03.irr,
00002516/00002516_1D_R_L01_BP_S03_1000PPI_8BPC_1CH_LP05-1_1.comp,COMP,0502,3,1,NOVALUE,1440,2496,0,0,12,122,70,20,UNC,2626,4749,1165,0,0,0,2,3,,1:LFFS:00002516_1D_R_L01_BP_S03_1000PPI_8BPC_1CH_LP05-1_1.lffs;2:IRR:00002516_V_1000_roll_05.irr,
00002516/00002516_1D_R_L01_BP_S03_1000PPI_8BPC_1CH_LP05-1_1.comp,COMP,0502,4,2,VALUE,4064,3810,0,0,0,0,0,,,0,0,0,0,0,0,72,74,,1:LFFS:00002516_1D_R_L01_BP_S03_1000PPI_8BPC_1CH_LP05-1_1.lffs;2:IRR:00002516_V_1000_roll_05.irr,
00002516/00002516_6E_X_096_BT_D800_1000PPI_8BPC_1CH_LP15-1_1.comp,COMP,0502,3,1,VALUE,2072,2288,0,0,11,87,56,20,UNC,396,3302,891,155,97,31,5,6,,1:LFFS:00002516_6E_X_096_BT_D800_1000PPI_8BPC_1CH_LP15-1_1.lffs;2:IRR:00002516_V_1000_roll_09.irr,
00002516/00002516_6E_X_096_BT_D800_1000PPI_8BPC_1CH_LP15-1_1.comp,COMP,0502,4,2,VALUE,4064,3810,0,0,0,0,0,,,0,0,0,0,0,0,83,85,,1:LFFS:00002516_6E_X_096_BT_D800_1000PPI_8BPC_1CH_LP15-1_1.lffs;2:IRR:00002516_V_1000_roll_09.irr,
00002516/00002516_6E_X_097_BT_D800_1000PPI_8BPC_1CH_LP04-1_1.comp,COMP,0502,3,1,VALUE,1407,2433,0,0,10,119,69,20,UNC,4268,1883,1240,703,117,0,11,12,,1:LFFS:00002516_6E_X_097_BT_D800_1000PPI_8BPC_1CH_LP04-1_1.lffs;2:IRR:00002516_V_1000_roll_04.irr,
00002516/00002516_6E_X_097_BT_D800_1000PPI_8BPC_1CH_LP04-1_1.comp,COMP,0502,4,2,VALUE,4064,3810,0,0,0,0,0,,,0,0,0,0,0,0,87,89,,1:LFFS:00002516_6E_X_097_BT_D800_1000PPI_8BPC_1CH_LP04-1_1.lffs;2:IRR:00002516_V_1000_roll_04.irr,
00002516/00002516_6E_X_097_BT_D800_1000PPI_8BPC_1CH_LP29-2_1.comp,COMP,0502,3,1,VALUE,1971,1501,0,0,12,54,67,20,UNC,688,1867,568,377,118,0,8,8,,1:LFFS:00002516_6E_X_097_BT_D800_1000PPI_8BPC_1CH_LP29-2_1.lffs;2:IRR:00002516_V_1000_roll_07.irr,
00002516/00002516_6E_X_097_BT_D800_1000PPI_8BPC_1CH_LP29-2_1.comp,COMP,0502,4,2,VALUE,4064,3810,0,0,0,0,0,,,0,0,0,0,0,0,87,89,,1:LFFS:00002516_6E_X_097_BT_D800_1000PPI_8BPC_1CH_LP29-2_1.lffs;2:IRR:00002516_V_1000_roll_07.irr,
00002523/00002523_4F_X_187_IN_D800_1000PPI_8BPC_1CH_LP03-1_1.comp,COMP,0502,3,1,VALUE,2509,1902,0,0,5,93,123,20,UNC,4426,5247,1766,0,0,0,12,15,,1:LFFS:00002523_4F_X_187_IN_D800_1000PPI_8BPC_1CH_LP03-1_1.lffs;2:IRR:00002523_V_1000_roll_04.irr,
00002523/00002523_4F_X_187_IN_D800_1000PPI_8BPC_1CH_LP03-1_1.comp,COMP,0502,4,2,VALUE,4064,3810,0,0,0,0,0,,,0,0,0,0,0,0,107,111,,1:LFFS:00002523_4F_X_187_IN_D800_1000PPI_8BPC_1CH_LP03-1_1.lffs;2:IRR:00002523_V_1000_roll_04.irr,
00002523/00002523_4F_X_197_IN_D800_1000PPI_8BPC_1CH_LP04-1_1.comp,COMP,0502,3,1,NOVALUE,3017,1290,0,0,5,63,148,20,UNC,4877,3322,1125,0,0,0,2,2,,1:LFFS:00002523_4F_X_197_IN_D800_1000PPI_8BPC_1CH_LP04-1_1.lffs;2:IRR:00002523_V_1000_roll_07.irr,
00002523/00002523_4F_X_197_IN_D800_1000PPI_8BPC_1CH_LP04-1_1.comp,COMP,0502,4,2,VALUE,4064,3810,0,0,0,0,0,,,0,0,0,0,0,0,85,88,,1:LFFS:00002523_4F_X_197_IN_D800_1000PPI_8BPC_1CH_LP04-1_1.lffs;2:IRR:00002523_V_1000_roll_07.irr,
00002528/00002528_1H_R_L01_BP_S04_1000PPI_8BPC_1CH_LP11-1_1.comp,COMP,0502,3,1,VALUE,2382,3444,0,0,20,169,117,20,UNC,10177,3810,3811,1909,66,0,25,27,,1:LFFS:00002528_1H_R_L01_BP_S04_1000PPI_8BPC_1CH_LP11-1_1.lffs;2:IRR:00002528_V_1000_roll_04.irr,
00002528/00002528_1H_R_L01_BP_S04_1000PPI_8BPC_1CH_LP11-1_1.comp,COMP,0502,4,2,VALUE,4064,3810,0,0,0,0,0,,,0,0,0,0,0,0,114,116,,1:LFFS:00002528_1H_R_L01_BP_S04_1000PPI_8BPC_1CH_LP11-1_1.lffs;2:IRR:00002528_V_1000_roll_04.irr,
00002528/00002528_4B_X_8416_IN_D800_1000PPI_8BPC_1CH_LP12-1_1.comp,COMP,0502,3,1,LIMITED,3012,2600,0,0,4,127,148,20,UNC,11794,5185,1219,516,82,0,7,7,,1:LFFS:00002528_4B_X_8416_IN_D800_1000PPI_8BPC_1CH_LP12-1_1.lffs;2:IRR:00002528_V_1000_roll_07.irr,
00002528/00002528_4B_X_8416_IN_D800_1000PPI_8BPC_1CH_LP12-1_1.comp,COMP,0502,4,2,VALUE,4064,3810,0,0,0,0,0,,,0,0,0,0,0,0,127,127,,1:LFFS:00002528_4B_X_8416_IN_D800_1000PPI_8BPC_1CH_LP12-1_1.lffs;2:IRR:00002528_V_1000_roll_07.irr,
00002528/00002528_4B_X_8417_IN_D800_1000PPI_8BPC_1CH_LP05-1_1.comp,COMP,0502,3,1,LIMITED,911,1742,0,0,5,85,44,20,UNC,1889,910,708,161,0,72,5,5,,1:LFFS:00002528_4B_X_8417_IN_D800_1000PPI_8BPC_1CH_LP05-1_1.lffs;2:IRR:00002528_V_1000_roll_07.irr,
00002528/00002528_4B_X_8417_IN_D800_1000PPI_8BPC_1CH_LP05-1_1.comp,COMP,0502,4,2,VALUE,4064,3810,0,0,0,0,0,,,0,0,0,0,0,0,127,127,,1:LFFS:00002528_4B_X_8417_IN_D800_1000PPI_8BPC_1CH_LP05-1_1.lffs;2:IRR:00002528_V_1000_roll_07.irr,
00002528/00002528_4B_X_8422_IN_D800_1000PPI_8BPC_1CH_LP05-1_1.comp,COMP,0502,3,1,VALUE,2557,2085,0,0,7,102,125,20,UNC,3373,5725,2415,1169,68,0,16,17,,1:LFFS:00002528_4B_X_8422_IN_D800_1000PPI_8BPC_1CH_LP05-1_1.lffs;2:IRR:00002528_V_1000_roll_03.irr,
00002528/00002528_4B_X_8422_IN_D800_1000PPI_8BPC_1CH_LP05-1_1.comp,COMP,0502,4,2,VALUE,4064,3810,0,0,0,0,0,,,0,0,0,0,0,0,112,114,,1:LFFS:00002528_4B_X_8422_IN_D800_1000PPI_8BPC_1CH_LP05-1_1.lffs;2:IRR:00002528_V_1000_roll_03.irr,
00002528/00002528_4B_X_8429_IN_D800_1000PPI_8BPC_1CH_LP04-1_1.comp,COMP,0502,3,1,VALUE,2037,2230,0,0,5,109,100,20,UNC,4508,1767,1027,2355,1243,0,19,19,,1:LFFS:00002528_4B_X_8429_IN_D800_1000PPI_8BPC_1CH_LP04-1_1.lffs;2:IRR:00002528_V_1000_roll_06.irr,
00002528/00002528_4B_X_8429_IN_D800_1000PPI_8BPC_1CH_LP04-1_1.comp,COMP,0502,4,2,VALUE,4064,3810,0,0,0,0,0,,,0,0,0,0,0,0,165,165,,1:LFFS:00002528_4B_X_8429_IN_D800_1000PPI_8BPC_1CH_LP04-1_1.lffs;2:IRR:00002528_V_1000_roll_06.irr,
00002533/00002533_1D_L_L01_BP_S24_1000PPI_8BPC_1CH_LP02-1_1.comp,COMP,0502,3,1,VALUE,1587,2755,0,0,12,135,78,20,UNC,4202,2283,2588,947,0,510,26,27,,1:LFFS:00002533_1D_L_L01_BP_S24_1000PPI_8BPC_1CH_LP02-1_1.lffs;2:IRR:00002533_V_1000_roll_09.irr,
00002533/00002533_1D_L_L01_BP_S24_1000PPI_8BPC_1CH_LP02-1_1.comp,COMP,0502,4,2,VALUE,4064,3810,0,0,0,0,0,,,0,0,0,0,0,0,105,107,,1:LFFS:00002533_1D_L_L01_BP_S24_1000PPI_8BPC_1CH_LP02-1_1.lffs;2:IRR:00002533_V_1000_roll_09.irr,
00002537/00002537_1C_R_L01_BP_S03_1000PPI_8BPC_1CH_LP01-1_1.comp,COMP,0502,3,1,NOVALUE,2227,2194,0,0,13,107,109,20,UNC,7692,2700,590,681,0,0,2,2,,1:LFFS:00002537_1C_R_L01_BP_S03_1000PPI_8BPC_1CH_LP01-1_1.lffs;2:IRR:00002537_U_1000_roll_02.irr,
00002537/00002537_1C_R_L01_BP_S03_1000PPI_8BPC_1CH_LP01-1_1.comp,COMP,0502,4,2,VALUE,4064,3810,0,0,0,0,0,,,0,0,0,0,0,0,102,104,,1:LFFS:00002537_1C_R_L01_BP_S03_1000PPI_8BPC_1CH_LP01-1_1.lffs;2:IRR:00002537_U_1000_roll_02.irr,
00002537/00002537_2B_X_L02_BP_S03_1000PPI_8BPC_1CH_LP01-1_1.comp,COMP,0502,3,1,VALUE,2311,1722,0,0,6,84,113,20,UNC,3050,2340,884,2635,452,131,33,35,,1:LFFS:00002537_2B_X_L02_BP_S03_1000PPI_8BPC_1CH_LP01-1_1.lffs;2:IRR:00002537_V_1000_roll_02.irr,
00002537/00002537_2B_X_L02_BP_S03_1000PPI_8BPC_1CH_LP01-1_1.comp,COMP,0502,4,2,VALUE,4064,3810,0,0,0,0,0,,,0,0,0,0,0,0,88,90,,1:LFFS:00002537_2B_X_L02_BP_S03_1000PPI_8BPC_1CH_LP01-1_1.lffs;2:IRR:00002537_V_1000_roll_02.irr,
00002537/00002537_2B_X_L02_BP_S03_1000PPI_8BPC_1CH_LP18-1_1.comp,COMP,0502,3,1,LIMITED,1699,1457,0,0,4,71,83,20,UNC,2636,2157,1100,0,0,0,6,8,,1:LFFS:00002537_2B_X_L02_BP_S03_1000PPI_8BPC_1CH_LP18-1_1.lffs;2:IRR:00002537_V_1000_roll_08.irr,
00002537/00002537_2B_X_L02_BP_S03_1000PPI_8BPC_1CH_LP18-1_1.comp,COMP,0502,4,2,VALUE,4064,3810,0,0,0,0,0,,,0,0,0,0,0,0,118,120,,1:LFFS:00002537_2B_X_L02_BP_S03_1000PPI_8BPC_1CH_LP18-1_1.lffs;2:IRR:00002537_V_1000_roll_08.irr,
00002538/00002538_1D_L_L01_BP_S12_1000PPI_8BPC_1CH_LP01-1_1.comp,COMP,0502,3,1,VALUE,1645,2420,0,0,11,119,80,20,UNC,3650,1544,1594,1955,777,0,34,35,,1:LFFS:00002538_1D_L_L01_BP_S12_1000PPI_8BPC_1CH_LP01-1_1.lffs;2:IRR:00002538_V_1000_roll_10.irr,
00002538/00002538_1D_L_L01_BP_S12_1000PPI_8BPC_1CH_LP01-1_1.comp,COMP,0502,4,2,VALUE,2870,3810,0,0,0,0,0,,,0,0,0,0,0,0,103,105,,1:LFFS:00002538_1D_L_L01_BP_S12_1000PPI_8BPC_1CH_LP01-1_1.lffs;2:IRR:00002538_V_1000_roll_10.irr,
00002538/00002538_1F_R_L01_BP_S12_1000PPI_8BPC_1CH_LP03-1_1.comp,COMP,0502,3,1,VALUE,1470,2481,0,0,10,122,72,20,UNC,2981,1148,1179,2616,860,0,30,31,,1:LFFS:00002538_1F_R_L01_BP_S12_1000PPI_8BPC_1CH_LP03-1_1.lffs;2:IRR:00002538_V_1000_roll_05.irr,
00002538/00002538_1F_R_L01_BP_S12_1000PPI_8BPC_1CH_LP03-1_1.comp,COMP,0502,4,2,VALUE,2718,3810,0,0,0,0,0,,,0,0,0,0,0,0,110,112,,1:LFFS:00002538_1F_R_L01_BP_S12_1000PPI_8BPC_1CH_LP03-1_1.lffs;2:IRR:00002538_V_1000_roll_05.irr,
00002538/00002538_6E_X_032_BT_D800_1000PPI_8BPC_1CH_LP19-1_1.comp,COMP,0502,3,1,VALUE,1130,1516,0,0,9,74,55,20,UNC,877,2198,532,410,53,0,9,9,2:63,1:LFFS:00002538_6E_X_032_BT_D800_1000PPI_8BPC_1CH_LP19-1_1.lffs;2:IRR:00002538_V_1000_roll_02.irr,
00002538/00002538_6E_X_032_BT_D800_1000PPI_8BPC_1CH_LP19-1_1.comp,COMP,0502,4,2,VALUE,3198,3810,0,0,0,0,0,,,0,0,0,0,0,0,145,148,1:-63,1:LFFS:00002538_6E_X_032_BT_D800_1000PPI_8BPC_1CH_LP19-1_1.lffs;2:IRR:00002538_V_1000_roll_02.irr,
00002541/00002541_7D_X_046_CA_D800_1000PPI_8BPC_1CH_LP03-1_1.comp,COMP,0502,3,1,VALUE,3319,2664,0,0,13,131,163,20,UNC,8016,7768,3773,1677,5,114,18,20,2:41,1:LFFS:00002541_7D_X_046_CA_D800_1000PPI_8BPC_1CH_LP03-1_1.lffs;2:IRR:00002541_V_1000_roll_01.irr,
00002541/00002541_7D_X_046_CA_D800_1000PPI_8BPC_1CH_LP03-1_1.comp,COMP,0502,4,2,VALUE,3327,3810,0,0,0,0,0,,,0,0,0,0,0,0,121,125,1:-41,1:LFFS:00002541_7D_X_046_CA_D800_1000PPI_8BPC_1CH_LP03-1_1.lffs;2:IRR:00002541_V_1000_roll_01.irr,
00002541/00002541_7D_X_047_CA_D800_1000PPI_8BPC_1CH_LP01-1_1.comp,COMP,0502,3,1,LIMITED,2786,2019,0,0,9,99,137,20,UNC,2665,9409,970,423,57,39,11,11,2:23,1:LFFS:00002541_7D_X_047_CA_D800_1000PPI_8BPC_1CH_LP01-1_1.lffs;2:IRR:00002541_V_1000_roll_01.irr,
00002541/00002541_7D_X_047_CA_D800_1000PPI_8BPC_1CH_LP01-1_1.comp,COMP,0502,4,2,VALUE,3327,3810,0,0,0,0,0,,,0,0,0,0,0,0,121,125,1:-23,1:LFFS:00002541_7D_X_047_CA_D800_1000PPI_8BPC_1CH_LP01-1_1.lffs;2:IRR:00002541_V_1000_roll_01.irr,
00002542/00002542_1G_L_L01_BP_S23_1000PPI_8BPC_1CH_LP05-1_1.comp,COMP,0502,3,1,LIMITED,2542,2329,0,0,10,114,125,20,UNC,7115,5415,1720,0,0,0,4,6,,1:LFFS:00002542_1G_L_L01_BP_S23_1000PPI_8BPC_1CH_LP05-1_1.lffs;2:IRR:00002542_V_1000_roll_08.irr,
00002542/00002542_1G_L_L01_BP_S23_1000PPI_8BPC_1CH_LP05-1_1.comp,COMP,0502,4,2,VALUE,4064,3810,0,0,0,0,0,,,0,0,0,0,0,0,87,89,,1:LFFS:00002542_1G_L_L01_BP_S23_1000PPI_8BPC_1CH_LP05-1_1.lffs;2:IRR:00002542_V_1000_roll_08.irr,
00002546/00002546_1H_R_L01_BP_S21_1000PPI_8BPC_1CH_LP13-1_1.comp,COMP,0502,3,1,VALUE,1554,1440,0,0,5,70,76,20,UNC,2851,675,434,834,188,338,28,28,,1:LFFS:00002546_1H_R_L01_BP_S21_1000PPI_8BPC_1CH_LP13-1_1.lffs;2:IRR:00002546_V_1000_roll_04.irr,
00002546/00002546_1H_R_L01_BP_S21_1000PPI_8BPC_1CH_LP13-1_1.comp,COMP,0502,4,2,VALUE,2525,3810,0,0,0,0,0,,,0,0,0,0,0,0,69,71,,1:LFFS:00002546_1H_R_L01_BP_S21_1000PPI_8BPC_1CH_LP13-1_1.lffs;2:IRR:00002546_V_1000_roll_04.irr,
00002546/00002546_1H_R_L01_BP_S21_1000PPI_8BPC_1CH_LP23-1_1.comp,COMP,0502,3,1,VALUE,1633,2580,0,0,7,126,80,20,UNC,4098,1343,959,2316,430,934,37,37,,1:LFFS:00002546_1H_R_L01_BP_S21_1000PPI_8BPC_1CH_LP23-1_1.lffs;2:IRR:00002546_V_1000_roll_02.irr,
00002546/00002546_1H_R_L01_BP_S21_1000PPI_8BPC_1CH_LP23-1_1.comp,COMP,0502,4,2,VALUE,2352,3810,0,0,0,0,0,,,0,0,0,0,0,0,89,91,,1:LFFS:00002546_1H_R_L01_BP_S21_1000PPI_8BPC_1CH_LP23-1_1.lffs;2:IRR:00002546_V_1000_roll_02.irr,
00002547/00002547_1E_L_L01_BP_S21_1000PPI_8BPC_1CH_LP01-1_1.comp,COMP,0502,3,1,NOVALUE,1706,2499,0,0,11,122,83,20,UNC,6195,3350,581,0,0,0,3,3,,1:LFFS:00002547_1E_L_L01_BP_S21_1000PPI_8BPC_1CH_LP01-1_1.lffs;2:IRR:00002547_V_1000_roll_10.irr,
00002547/00002547_1E_L_L01_BP_S21_1000PPI_8BPC_1CH_LP01-1_1.comp,COMP,0502,4,2,VALUE,4064,3810,0,0,0,0,0,,,0,0,0,0,0,0,83,85,,1:LFFS:00002547_1E_L_L01_BP_S21_1000PPI_8BPC_1CH_LP01-1_1.lffs;2:IRR:00002547_V_1000_roll_10.irr,
00002550/00002550_2B_X_L02_BP_S12_1000PPI_8BPC_1CH_LP01-1_1.comp,COMP,0502,3,1,VALUE,3472,2890,0,0,7,142,170,20,UNC,14463,4368,3280,1904,125,0,14,14,,1:LFFS:00002550_2B_X_L02_BP_S12_1000PPI_8BPC_1CH_LP01-1_1.lffs;2:IRR:00002550_V_1000_roll_07.irr,
00002550/00002550_2B_X_L02_BP_S12_1000PPI_8BPC_1CH_LP01-1_1.comp,COMP,0502,4,2,VALUE,4064,3810,0,0,0,0,0,,,0,0,0,0,0,0,178,180,,1:LFFS:00002550_2B_X_L02_BP_S12_1000PPI_8BPC_1CH_LP01-1_1.lffs;2:IRR:00002550_V_1000_roll_07.irr,
00002551/00002551_1F_L_L01_BP_S10_1000PPI_8BPC_1CH_LP02-1_1.comp,COMP,0502,3,1,VALUE,1955,2938,0,0,8,144,96,20,UNC,5388,1688,1408,3804,1022,514,72,74,2:7,1:LFFS:00002551_1F_L_L01_BP_S10_1000PPI_8BPC_1CH_LP02-1_1.lffs;2:IRR:00002551_V_1000_roll_07.irr,
00002551/00002551_1F_L_L01_BP_S10_1000PPI_8BPC_1CH_LP02-1_1.comp,COMP,0502,4,2,VALUE,2362,3810,0,0,0,0,0,,,0,0,0,0,0,0,93,95,1:-7,1:LFFS:00002551_1F_L_L01_BP_S10_1000PPI_8BPC_1CH_LP02-1_1.lffs;2:IRR:00002551_V_1000_roll_07.irr,
00002555/00002555_6C_X_111_BT_D800_1000PPI_8BPC_1CH_LP02-1_1.comp,COMP,0502,3,1,VALUE,1457,1640,0,0,9,80,71,20,UNC,1602,1163,488,708,1249,470,38,38,,1:LFFS:00002555_6C_X_111_BT_D800_1000PPI_8BPC_1CH_LP02-1_1.lffs;2:IRR:00002555_V_1000_roll_03.irr,
00002555/00002555_6C_X_111_BT_D800_1000PPI_8BPC_1CH_LP02-1_1.comp,COMP,0502,4,2,VALUE,4064,3810,0,0,0,0,0,,,0,0,0,0,0,0,101,103,,1:LFFS:00002555_6C_X_111_BT_D800_1000PPI_8BPC_1CH_LP02-1_1.lffs;2:IRR:00002555_V_1000_roll_03.irr,
00002557/00002557_1E_R_L01_BP_S21_1000PPI_8BPC_1CH_LP04-1_1.comp,COMP,0502,3,1,VALUE,2016,2913,0,0,11,143,99,20,UNC,9646,2396,1907,208,0,0,10,11,,1:LFFS:00002557_1E_R_L01_BP_S21_1000PPI_8BPC_1CH_LP04-1_1.lffs;2:IRR:00002557_V_1000_roll_05.irr,
00002557/00002557_1E_R_L01_BP_S21_1000PPI_8BPC_1CH_LP04-1_1.comp,COMP,0502,4,2,VALUE,4064,3810,0,0,0,0,0,,,0,0,0,0,0,0,50,52,,1:LFFS:00002557_1E_R_L01_BP_S21_1000PPI_8BPC_1CH_LP04-1_1.lffs;2:IRR:00002557_V_1000_roll_05.irr,
00002557/00002557_6D_X_129_WT_D800_1000PPI_8BPC_1CH_LP02-1_1.comp,COMP,0502,3,1,LIMITED,1140,848,0,0,12,41,56,20,UNC,1011,390,738,157,0,0,6,6,,1:LFFS:00002557_6D_X_129_WT_D800_1000PPI_8BPC_1CH_LP02-1_1.lffs;2:IRR:00002557_V_1000_roll_08.irr,
00002557/00002557_6D_X_129_WT_D800_1000PPI_8BPC_1CH_LP02-1_1.comp,COMP,0502,4,2,VALUE,4064,3810,0,0,0,0,0,,,0,0,0,0,0,0,141,144,,1:LFFS:00002557_6D_X_129_WT_D800_1000PPI_8BPC_1CH_LP02-1_1.lffs;2:IRR:00002557_V_1000_roll_08.irr,
00002558/00002558_1A_R_L01_BP_S22_1000PPI_8BPC_1CH_LP03-1_1.comp,COMP,0502,3,1,VALUE,2651,2418,0,0,18,118,130,20,UNC,8974,2959,2417,901,0,89,22,24,,1:LFFS:00002558_1A_R_L01_BP_S22_1000PPI_8BPC_1CH_LP03-1_1.lffs;2:IRR:00002558_V_1000_roll_04.irr,
00002558/00002558_1A_R_L01_BP_S22_1000PPI_8BPC_1CH_LP03-1_1.comp,COMP,0502,4,2,VALUE,4064,3810,0,0,0,0,0,,,0,0,0,0,0,0,84,88,,1:LFFS:00002558_1A_R_L01_BP_S22_1000PPI_8BPC_1CH_LP03-1_1.lffs;2:IRR:00002558_V_1000_roll_04.irr,
00002558/00002558_2A_X_L01_BP_S22_1000PPI_8BPC_1CH_LP02-1_1.comp,COMP,0502,3,1,VALUE,2278,2415,0,0,11,118,112,20,UNC,7726,2905,2585,0,0,0,9,11,,1:LFFS:00002558_2A_X_L01_BP_S22_1000PPI_8BPC_1CH_LP02-1_1.lffs;2:IRR:00002558_V_1000_roll_02.irr,
00002558/00002558_2A_X_L01_BP_S22_1000PPI_8BPC_1CH_LP02-1_1.comp,COMP,0502,4,2,VALUE,4064,3810,0,0,0,0,0,,,0,0,0,0,0,0,124,127,,1:LFFS:00002558_2A_X_L01_BP_S22_1000PPI_8BPC_1CH_LP02-1_1.lffs;2:IRR:00002558_V_1000_roll_02.irr,
00002558/00002558_6C_X_033_BT_D800_1000PPI_8BPC_1CH_LP01-1_1.comp,COMP,0502,3,1,VALUE,1752,2476,0,0,4,121,86,20,UNC,3279,3101,2464,1359,0,203,23,25,,1:LFFS:00002558_6C_X_033_BT_D800_1000PPI_8BPC_1CH_LP01-1_1.lffs;2:IRR:00002558_V_1000_roll_09.irr,
00002558/00002558_6C_X_033_BT_D800_1000PPI_8BPC_1CH_LP01-1_1.comp,COMP,0502,4,2,VALUE,4064,3810,0,0,0,0,0,,,0,0,0,0,0,0,91,94,,1:LFFS:00002558_6C_X_033_BT_D800_1000PPI_8BPC_1CH_LP01-1_1.lffs;2:IRR:00002558_V_1000_roll_09.irr,
00002560/00002560_6E_X_172_BT_D800_1000PPI_8BPC_1CH_LP10-1_1.comp,COMP,0502,3,1,VALUE,1785,1851,0,0,7,91,87,20,UNC,3811,827,524,749,2006,0,13,13,,1:LFFS:00002560_6E_X_172_BT_D800_1000PPI_8BPC_1CH_LP10-1_1.lffs;2:IRR:00002560_V_1000_roll_08.irr,
00002560/00002560_6E_X_172_BT_D800_1000PPI_8BPC_1CH_LP10-1_1.comp,COMP,0502,4,2,VALUE,4064,3810,0,0,0,0,0,,,0,0,0,0,0,0,98,100,,1:LFFS:00002560_6E_X_172_BT_D800_1000PPI_8BPC_1CH_LP10-1_1.lffs;2:IRR:00002560_V_1000_roll_08.irr,
00002568/00002568_4A_X_665_IN_D800_1000PPI_8BPC_1CH_LP01-1_1.comp,COMP,0502,3,1,VALUE,1826,2410,0,0,5,118,89,20,UNC,4797,4029,1676,0,0,0,14,14,,1:LFFS:00002568_4A_X_665_IN_D800_1000PPI_8BPC_1CH_LP01-1_1.lffs;2:IRR:00002568_V_1000_roll_01.irr,
00002568/00002568_4A_X_665_IN_D800_1000PPI_8BPC_1CH_LP01-1_1.comp,COMP,0502,4,2,VALUE,4064,3810,0,0,0,0,0,,,0,0,0,0,0,0,188,190,,1:LFFS:00002568_4A_X_665_IN_D800_1000PPI_8BPC_1CH_LP01-1_1.lffs;2:IRR:00002568_V_1000_roll_01.irr,
00002573/00002573_1G_R_L01_BP_S12_1000PPI_8BPC_1CH_LP01-1_1.comp,COMP,0502,3,1,VALUE,2832,2138,0,0,12,105,139,20,UNC,3370,5644,4046,1087,323,125,13,15,,1:LFFS:00002573_1G_R_L01_BP_S12_1000PPI_8BPC_1CH_LP01-1_1.lffs;2:IRR:00002573_V_1000_roll_03.irr,
00002573/00002573_1G_R_L01_BP_S12_1000PPI_8BPC_1CH_LP01-1_1.comp,COMP,0502,4,2,VALUE,4064,3810,0,0,0,0,0,,,0,0,0,0,0,0,99,101,,1:LFFS:00002573_1G_R_L01_BP_S12_1000PPI_8BPC_1CH_LP01-1_1.lffs;2:IRR:00002573_V_1000_roll_03.irr,
00002574/00002574_1H_R_L01_BP_S05_1000PPI_8BPC_1CH_LP01-1_1.comp,COMP,0502,3,1,VALUE,2171,2494,0,0,16,122,106,20,UNC,7983,1136,762,2681,370,0,29,30,,1:LFFS:00002574_1H_R_L01_BP_S05_1000PPI_8BPC_1CH_LP01-1_1.lffs;2:IRR:00002574_V_1000_roll_04.irr,
00002574/00002574_1H_R_L01_BP_S05_1000PPI_8BPC_1CH_LP01-1_1.comp,COMP,0502,4,2,VALUE,2751,3810,0,0,0,0,0,,,0,0,0,0,0,0,106,108,,1:LFFS:00002574_1H_R_L01_BP_S05_1000PPI_8BPC_1CH_LP01-1_1.lffs;2:IRR:00002574_V_1000_roll_04.irr,
00002575/00002575_1H_L_L01_BP_S22_1000PPI_8BPC_1CH_LP09-1_1.comp,COMP,0502,3,1,VALUE,2123,2019,0,0,11,99,104,20,UNC,6538,565,856,2058,279,0,30,30,,1:LFFS:00002575_1H_L_L01_BP_S22_1000PPI_8BPC_1CH_LP09-1_1.lffs;2:IRR:00002575_V_1000_roll_08.irr,
00002575/00002575_1H_L_L01_BP_S22_1000PPI_8BPC_1CH_LP09-1_1.comp,COMP,0502,4,2,VALUE,3099,3810,0,0,0,0,0,,,0,0,0,0,0,0,170,172,,1:LFFS:00002575_1H_L_L01_BP_S22_1000PPI_8BPC_1CH_LP09-1_1.lffs;2:IRR:00002575_V_1000_roll_08.irr,
00002575/00002575_2A_X_L02_BP_S22_1000PPI_8BPC_1CH_LP08-1_1.comp,COMP,0502,3,1,VALUE,2575,2631,0,0,6,129,126,20,UNC,9273,1685,1569,3078,317,332,26,27,2:-31,1:LFFS:00002575_2A_X_L02_BP_S22_1000PPI_8BPC_1CH_LP08-1_1.lffs;2:IRR:00002575_V_1000_roll_01.irr,
00002575/00002575_2A_X_L02_BP_S22_1000PPI_8BPC_1CH_LP08-1_1.comp,COMP,0502,4,2,VALUE,3454,3810,0,0,0,0,0,,,0,0,0,0,0,0,261,263,1:31,1:LFFS:00002575_2A_X_L02_BP_S22_1000PPI_8BPC_1CH_LP08-1_1.lffs;2:IRR:00002575_V_1000_roll_01.irr,
00002578/00002578_2A_X_L01_BP_S22_1000PPI_8BPC_1CH_LP20-2_1.comp,COMP,0502,3,1,LIMITED,1983,2324,0,0,19,81,57,20,UNC,2730,689,1198,0,0,0,7,7,,1:LFFS:00002578_2A_X_L01_BP_S22_1000PPI_8BPC_1CH_LP20-2_1.lffs;2:IRR:00002578_V_1000_roll_01.irr,
00002578/00002578_2A_X_L01_BP_S22_1000PPI_8BPC_1CH_LP20-2_1.comp,COMP,0502,4,2,VALUE,4064,3810,0,0,0,0,0,,,0,0,0,0,0,0,157,161,,1:LFFS:00002578_2A_X_L01_BP_S22_1000PPI_8BPC_1CH_LP20-2_1.lffs;2:IRR:00002578_V_1000_roll_01.irr,
00002578/00002578_4E_X_218_IN_D800_1000PPI_8BPC_1CH_LP04-1_1.comp,COMP,0502,3,1,VALUE,2867,2964,0,0,8,145,141,20,UNC,8937,5957,5211,340,0,0,38,39,,1:LFFS:00002578_4E_X_218_IN_D800_1000PPI_8BPC_1CH_LP04-1_1.lffs;2:IRR:00002578_V_1000_roll_01.irr,
00002578/00002578_4E_X_218_IN_D800_1000PPI_8BPC_1CH_LP04-1_1.comp,COMP,0502,4,2,VALUE,4064,3810,0,0,0,0,0,,,0,0,0,0,0,0,157,161,,1:LFFS:00002578_4E_X_218_IN_D800_1000PPI_8BPC_1CH_LP04-1_1.lffs;2:IRR:00002578_V_1000_roll_01.irr,
00002578/00002578_6E_X_076_BT_D800_1000PPI_8BPC_1CH_LP11-2_1.comp,COMP,0502,3,1,VALUE,2245,1976,0,0,14,71,51,20,UNC,978,1914,729,0,0,0,9,9,,1:LFFS:00002578_6E_X_076_BT_D800_1000PPI_8BPC_1CH_LP11-2_1.lffs;2:IRR:00002578_V_1000_roll_07.irr,
00002578/00002578_6E_X_076_BT_D800_1000PPI_8BPC_1CH_LP11-2_1.comp,COMP,0502,4,2,VALUE,4064,3810,0,0,0,0,0,,,0,0,0,0,0,0,91,93,,1:LFFS:00002578_6E_X_076_BT_D800_1000PPI_8BPC_1CH_LP11-2_1.lffs;2:IRR:00002578_V_1000_roll_07.irr,
00002579/00002579_1C_L_L02_BP_S24_1000PPI_8BPC_1CH_LP05-1_1.comp,COMP,0502,3,1,VALUE,1770,2621,0,0,8,128,87,20,UNC,7356,1454,2192,134,0,0,18,20,2:13,1:LFFS:00002579_1C_L_L02_BP_S24_1000PPI_8BPC_1CH_LP05-1_1.lffs;2:IRR:00002579_V_1000_roll_10.irr,
00002579/00002579_1C_L_L02_BP_S24_1000PPI_8BPC_1CH_LP05-1_1.comp,COMP,0502,4,2,VALUE,2380,3810,0,0,0,0,0,,,0,0,0,0,0,0,69,71,1:-13,1:LFFS:00002579_1C_L_L02_BP_S24_1000PPI_8BPC_1CH_LP05-1_1.lffs;2:IRR:00002579_V_1000_roll_10.irr,
00002579/00002579_7D_X_234_CA_D800_1000PPI_8BPC_1CH_LP01-1_1.comp,COMP,0502,3,1,VALUE,2621,2684,0,0,6,132,128,20,UNC,3160,6813,3632,3291,0,0,22,23,2:28,1:LFFS:00002579_7D_X_234_CA_D800_1000PPI_8BPC_1CH_LP01-1_1.lffs;2:IRR:00002579_V_1000_roll_01.irr,
00002579/00002579_7D_X_234_CA_D800_1000PPI_8BPC_1CH_LP01-1_1.comp,COMP,0502,4,2,VALUE,3708,3810,0,0,0,0,0,,,0,0,0,0,0,0,150,152,1:-28,1:LFFS:00002579_7D_X_234_CA_D800_1000PPI_8BPC_1CH_LP01-1_1.lffs;2:IRR:00002579_V_1000_roll_01.irr,
00002581/00002581_1D_R_L01_BP_S23_1000PPI_8BPC_1CH_LP02-1_1.comp,COMP,0502,3,1,NOVALUE,1635,3004,0,0,6,147,80,20,UNC,4301,6254,1205,0,0,0,2,2,,1:LFFS:00002581_1D_R_L01_BP_S23_1000PPI_8BPC_1CH_LP02-1_1.lffs;2:IRR:00002581_V_1000_roll_02.irr,
00002581/00002581_1D_R_L01_BP_S23_1000PPI_8BPC_1CH_LP02-1_1.comp,COMP,0502,4,2,VALUE,4064,3810,0,0,0,0,0,,,0,0,0,0,0,0,139,141,,1:LFFS:00002581_1D_R_L01_BP_S23_1000PPI_8BPC_1CH_LP02-1_1.lffs;2:IRR:00002581_V_1000_roll_02.irr,
00002581/00002581_4F_X_276_IN_D800_1000PPI_8BPC_1CH_LP01-1_1.comp,COMP,0502,3,1,LIMITED,2029,2550,0,0,7,125,99,20,UNC,3975,6176,2046,178,0,0,5,6,,1:LFFS:00002581_4F_X_276_IN_D800_1000PPI_8BPC_1CH_LP01-1_1.lffs;2:IRR:00002581_V_1000_roll_01.irr,
00002581/00002581_4F_X_276_IN_D800_1000PPI_8BPC_1CH_LP01-1_1.comp,COMP,0502,4,2,VALUE,4064,3810,0,0,0,0,0,,,0,0,0,0,0,0,155,157,,1:LFFS:00002581_4F_X_276_IN_D800_1000PPI_8BPC_1CH_LP01-1_1.lffs;2:IRR:00002581_V_1000_roll_01.irr,
00002581/00002581_6E_X_140_BT_D800_1000PPI_8BPC_1CH_LP07-1_1.comp,COMP,0502,3,1,VALUE,2326,2433,0,0,10,119,114,20,UNC,5417,1824,1223,761,4033,308,49,51,,1:LFFS:00002581_6E_X_140_BT_D800_1000PPI_8BPC_1CH_LP07-1_1.lffs;2:IRR:00002581_V_1000_roll_02.irr,
00002581/00002581_6E_X_140_BT_D800_1000PPI_8BPC_1CH_LP07-1_1.comp,COMP,0502,4,2,VALUE,4064,3810,0,0,0,0,0,,,0,0,0,0,0,0,139,141,,1:LFFS:00002581_6E_X_140_BT_D800_1000PPI_8BPC_1CH_LP07-1_1.lffs;2:IRR:00002581_V_1000_roll_02.irr,
00002582/00002582_1C_L_L01_BP_S25_1000PPI_8BPC_1CH_LP12-1_1.comp,COMP,0502,3,1,LIMITED,1663,2204,0,0,13,108,81,20,UNC,4481,3410,857,0,0,0,4,4,,1:LFFS:00002582_1C_L_L01_BP_S25_1000PPI_8BPC_1CH_LP12-1_1.lffs;2:IRR:00002582_V_1000_roll_10.irr,
00002582/00002582_1C_L_L01_BP_S25_1000PPI_8BPC_1CH_LP12-1_1.comp,COMP,0502,4,2,VALUE,4064,3810,0,0,0,0,0,,,0,0,0,0,0,0,63,65,,1:LFFS:00002582_1C_L_L01_BP_S25_1000PPI_8BPC_1CH_LP12-1_1.lffs;2:IRR:00002582_V_1000_roll_10.irr,
00002582/00002582_1D_R_L01_BP_S25_1000PPI_8BPC_1CH_LP04-1_1.comp,COMP,0502,3,1,VALUE,1684,2331,0,0,8,114,82,20,UNC,4044,2733,1909,459,203,0,20,22,,1:LFFS:00002582_1D_R_L01_BP_S25_1000PPI_8BPC_1CH_LP04-1_1.lffs;2:IRR:00002582_V_1000_roll_05.irr,
00002582/00002582_1D_R_L01_BP_S25_1000PPI_8BPC_1CH_LP04-1_1.comp,COMP,0502,4,2,VALUE,4064,3810,0,0,0,0,0,,,0,0,0,0,0,0,86,88,,1:LFFS:00002582_1D_R_L01_BP_S25_1000PPI_8BPC_1CH_LP04-1_1.lffs;2:IRR:00002582_V_1000_roll_05.irr,
00002582/00002582_2A_X_L02_BP_S25_1000PPI_8BPC_1CH_LP03-1_1.comp,COMP,0502,3,1,NOVALUE,2326,1036,0,0,8,50,114,20,UNC,2086,2998,574,0,0,42,2,3,,1:LFFS:00002582_2A_X_L02_BP_S25_1000PPI_8BPC_1CH_LP03-1_1.lffs;2:IRR:00002582_V_1000_roll_03.irr,
00002582/00002582_2A_X_L02_BP_S25_1000PPI_8BPC_1CH_LP03-1_1.comp,COMP,0502,4,2,VALUE,4064,3810,0,0,0,0,0,,,0,0,0,0,0,0,120,122,,1:LFFS:00002582_2A_X_L02_BP_S25_1000PPI_8BPC_1CH_LP03-1_1.lffs;2:IRR:00002582_V_1000_roll_03.irr,
00002582/00002582_7C_X_159_CA_D800_1000PPI_8BPC_1CH_LP02-1_1.comp,COMP,0502,3,1,VALUE,1960,2509,0,0,4,123,96,20,UNC,2748,5664,2352,827,146,71,20,22,,1:LFFS:00002582_7C_X_159_CA_D800_1000PPI_8BPC_1CH_LP02-1_1.lffs;2:IRR:00002582_V_1000_roll_06.irr,
00002582/00002582_7C_X_159_CA_D800_1000PPI_8BPC_1CH_LP02-1_1.comp,COMP,0502,4,2,VALUE,4064,3810,0,0,0,0,0,,,0,0,0,0,0,0,162,166,,1:LFFS:00002582_7C_X_159_CA_D800_1000PPI_8BPC_1CH_LP02-1_1.lffs;2:IRR:00002582_V_1000_roll_06.irr,
00002583/00002583_1C_R_L01_BP_S21_1000PPI_8BPC_1CH_LP09-1_1.comp,COMP,0502,3,1,NOVALUE,1714,2247,0,0,14,110,84,20,UNC,3582,4430,1031,197,0,0,3,3,,1:LFFS:00002583_1C_R_L01_BP_S21_1000PPI_8BPC_1CH_LP09-1_1.lffs;2:IRR:00002583_V_1000_roll_02.irr,
00002583/00002583_1C_R_L01_BP_S21_1000PPI_8BPC_1CH_LP09-1_1.comp,COMP,0502,4,2,VALUE,4064,3810,0,0,0,0,0,,,0,0,0,0,0,0,105,107,,1:LFFS:00002583_1C_R_L01_BP_S21_1000PPI_8BPC_1CH_LP09-1_1.lffs;2:IRR:00002583_V_1000_roll_02.irr,
00002584/00002584_6C_X_030_BT_D800_1000PPI_8BPC_1CH_LP06-1_1.comp,COMP,0502,3,1,LIMITED,1158,1353,0,0,6,66,56,20,UNC,1381,1202,602,372,74,65,6,6,,1:LFFS:00002584_6C_X_030_BT_D800_1000PPI_8BPC_1CH_LP06-1_1.lffs;2:IRR:00002584_V_1000_roll_04.irr,
00002584/00002584_6C_X_030_BT_D800_1000PPI_8BPC_1CH_LP06-1_1.comp,COMP,0502,4,2,VALUE,4064,3810,0,0,0,0,0,,,0,0,0,0,0,0,72,74,,1:LFFS:00002584_6C_X_030_BT_D800_1000PPI_8BPC_1CH_LP06-1_1.lffs;2:IRR:00002584_V_1000_roll_04.irr,
00002586/00002586_4A_X_931_IN_D800_1000PPI_8BPC_1CH_LP01-1_1.comp,COMP,0502,3,1,VALUE,3870,2827,0,0,4,139,190,20,UNC,11846,8200,5767,597,0,0,9,9,,1:LFFS:00002586_4A_X_931_IN_D800_1000PPI_8BPC_1CH_LP01-1_1.lffs;2:IRR:00002586_V_1000_roll_01.irr,
00002586/00002586_4A_X_931_IN_D800_1000PPI_8BPC_1CH_LP01-1_1.comp,COMP,0502,4,2,VALUE,4064,3810,0,0,0,0,0,,,0,0,0,0,0,0,164,168,,1:LFFS:00002586_4A_X_931_IN_D800_1000PPI_8BPC_1CH_LP01-1_1.lffs;2:IRR:00002586_V_1000_roll_01.irr,
00002588/00002588_5B_X_0835_IN_D800_1000PPI_8BPC_1CH_LP01-1_1.comp,COMP,0502,3,1,VALUE,2197,2087,0,0,10,102,108,20,UNC,5498,3612,1716,190,0,0,10,10,,1:LFFS:00002588_5B_X_0835_IN_D800_1000PPI_8BPC_1CH_LP01-1_1.lffs;2:IRR:00002588_V_1000_roll_07.irr,
00002588/00002588_5B_X_0835_IN_D800_1000PPI_8BPC_1CH_LP01-1_1.comp,COMP,0502,4,2,VALUE,4064,3810,0,0,0,0,0,,,0,0,0,0,0,0,108,110,,1:LFFS:00002588_5B_X_0835_IN_D800_1000PPI_8BPC_1CH_LP01-1_1.lffs;2:IRR:00002588_V_1000_roll_07.irr,
00002588/00002588_6E_X_190_BT_D800_1000PPI_8BPC_1CH_LP23-1_1.comp,COMP,0502,3,1,VALUE,1457,1513,0,0,6,74,71,20,UNC,1883,1767,843,502,259,0,11,11,,1:LFFS:00002588_6E_X_190_BT_D800_1000PPI_8BPC_1CH_LP23-1_1.lffs;2:IRR:00002588_V_1000_roll_10.irr,
00002588/00002588_6E_X_190_BT_D800_1000PPI_8BPC_1CH_LP23-1_1.comp,COMP,0502,4,2,VALUE,4064,3810,0,0,0,0,0,,,0,0,0,0,0,0,66,68,,1:LFFS:00002588_6E_X_190_BT_D800_1000PPI_8BPC_1CH_LP23-1_1.lffs;2:IRR:00002588_V_1000_roll_10.irr,
00002596/00002596_7D_X_255_CA_D800_1000PPI_8BPC_1CH_LP01-1_1.comp,COMP,0502,3,1,VALUE,1526,1747,0,0,5,85,75,20,UNC,596,2766,2428,539,0,46,8,9,2:89,1:LFFS:00002596_7D_X_255_CA_D800_1000PPI_8BPC_1CH_LP01-1_1.lffs;2:IRR:00002596_V_1000_roll_02.irr,
00002596/00002596_7D_X_255_CA_D800_1000PPI_8BPC_1CH_LP01-1_1.comp,COMP,0502,4,2,VALUE,2964,3810,0,0,0,0,0,,,0,0,0,0,0,0,109,113,1:-89,1:LFFS:00002596_7D_X_255_CA_D800_1000PPI_8BPC_1CH_LP01-1_1.lffs;2:IRR:00002596_V_1000_roll_02.irr,
00002604/00002604_1E_R_L01_BP_S25_1000PPI_8BPC_1CH_LP01-1_1.comp,COMP,0502,3,1,VALUE,2352,1846,0,0,10,90,115,20,UNC,7080,1222,1093,784,171,0,8,8,,1:LFFS:00002604_1E_R_L01_BP_S25_1000PPI_8BPC_1CH_LP01-1_1.lffs;2:IRR:00002604_V_1000_roll_01.irr,
00002604/00002604_1E_R_L01_BP_S25_1000PPI_8BPC_1CH_LP01-1_1.comp,COMP,0502,4,2,VALUE,4064,3810,0,0,0,0,0,,,0,0,0,0,0,0,178,181,,1:LFFS:00002604_1E_R_L01_BP_S25_1000PPI_8BPC_1CH_LP01-1_1.lffs;2:IRR:00002604_V_1000_roll_01.irr,
00002604/00002604_4A_X_741_IN_D800_1000PPI_8BPC_1CH_LP02-1_1.comp,COMP,0502,3,1,LIMITED,3116,1948,0,0,5,95,153,20,UNC,4759,4630,3686,1460,0,0,8,10,,1:LFFS:00002604_4A_X_741_IN_D800_1000PPI_8BPC_1CH_LP02-1_1.lffs;2:IRR:00002604_V_1000_roll_07.irr,
00002604/00002604_4A_X_741_IN_D800_1000PPI_8BPC_1CH_LP02-1_1.comp,COMP,0502,4,2,VALUE,4064,3810,0,0,0,0,0,,,0,0,0,0,0,0,100,102,,1:LFFS:00002604_4A_X_741_IN_D800_1000PPI_8BPC_1CH_LP02-1_1.lffs;2:IRR:00002604_V_1000_roll_07.irr,
00002611/00002611_4D_X_109_IN_D800_1000PPI_8BPC_1CH_LP08-1_1.comp,COMP,0502,3,1,LIMITED,3068,1965,0,0,8,96,150,20,UNC,5714,6124,2210,302,50,0,7,7,,1:LFFS:00002611_4D_X_109_IN_D800_1000PPI_8BPC_1CH_LP08-1_1.lffs;2:IRR:00002611_V_1000_roll_03.irr,
00002611/00002611_4D_X_109_IN_D800_1000PPI_8BPC_1CH_LP08-1_1.comp,COMP,0502,4,2,VALUE,4064,3810,0,0,0,0,0,,,0,0,0,0,0,0,115,119,,1:LFFS:00002611_4D_X_109_IN_D800_1000PPI_8BPC_1CH_LP08-1_1.lffs;2:IRR:00002611_V_1000_roll_03.irr,
00002615/00002615_4F_X_755_IN_D800_1000PPI_8BPC_1CH_LP03-1_1.comp,COMP,0502,3,1,VALUE,2341,1775,0,0,8,87,115,20,UNC,7340,879,1786,0,0,0,10,10,,1:LFFS:00002615_4F_X_755_IN_D800_1000PPI_8BPC_1CH_LP03-1_1.lffs;2:IRR:00002615_V_1000_roll_04.irr,
00002615/00002615_4F_X_755_IN_D800_1000PPI_8BPC_1CH_LP03-1_1.comp,COMP,0502,4,2,VALUE,4064,3810,0,0,0,0,0,,,0,0,0,0,0,0,134,136,,1:LFFS:00002615_4F_X_755_IN_D800_1000PPI_8BPC_1CH_LP03-1_1.lffs;2:IRR:00002615_V_1000_roll_04.irr,
00002616/00002616_1H_L_L01_BP_S24_1000PPI_8BPC_1CH_LP10-1_1.comp,COMP,0502,3,1,LIMITED,1783,2181,0,0,4,107,87,20,UNC,3083,5691,535,0,0,0,5,6,,1:LFFS:00002616_1H_L_L01_BP_S24_1000PPI_8BPC_1CH_LP10-1_1.lffs;2:IRR:00002616_V_1000_roll_07.irr,
00002616/00002616_1H_L_L01_BP_S24_1000PPI_8BPC_1CH_LP10-1_1.comp,COMP,0502,4,2,VALUE,4064,3810,0,0,0,0,0,,,0,0,0,0,0,0,112,114,,1:LFFS:00002616_1H_L_L01_BP_S24_1000PPI_8BPC_1CH_LP10-1_1.lffs;2:IRR:00002616_V_1000_roll_07.irr,
00002630/00002630_1H_L_L01_BP_S25_1000PPI_8BPC_1CH_LP20-1_1.comp,COMP,0502,3,1,VALUE,1917,2481,0,0,8,122,94,20,UNC,4096,2989,2868,1139,155,221,13,14,,1:LFFS:00002630_1H_L_L01_BP_S25_1000PPI_8BPC_1CH_LP20-1_1.lffs;2:IRR:00002630_V_1000_roll_10.irr,
00002630/00002630_1H_L_L01_BP_S25_1000PPI_8BPC_1CH_LP20-1_1.comp,COMP,0502,4,2,VALUE,4064,3810,0,0,0,0,0,,,0,0,0,0,0,0,48,50,,1:LFFS:00002630_1H_L_L01_BP_S25_1000PPI_8BPC_1CH_LP20-1_1.lffs;2:IRR:00002630_V_1000_roll_10.irr,
00002633/00002633_1C_R_L01_BP_S25_1000PPI_8BPC_1CH_LP09-1_1.comp,COMP,0502,3,1,LIMITED,1574,2057,0,0,7,101,77,20,UNC,2736,3911,816,314,0,0,5,5,,1:LFFS:00002633_1C_R_L01_BP_S25_1000PPI_8BPC_1CH_LP09-1_1.lffs;2:IRR:00002633_V_1000_roll_04.irr,
00002633/00002633_1C_R_L01_BP_S25_1000PPI_8BPC_1CH_LP09-1_1.comp,COMP,0502,4,2,VALUE,4064,3810,0,0,0,0,0,,,0,0,0,0,0,0,126,128,,1:LFFS:00002633_1C_R_L01_BP_S25_1000PPI_8BPC_1CH_LP09-1_1.lffs;2:IRR:00002633_V_1000_roll_04.irr,
00002633/00002633_1H_L_L01_BP_S25_1000PPI_8BPC_1CH_LP01-1_1.comp,COMP,0502,3,1,NOVALUE,1732,2565,0,0,7,126,85,20,UNC,6123,3830,642,115,0,0,2,3,,1:LFFS:00002633_1H_L_L01_BP_S25_1000PPI_8BPC_1CH_LP01-1_1.lffs;2:IRR:00002633_V_1000_roll_10.irr,
00002633/00002633_1H_L_L01_BP_S25_1000PPI_8BPC_1CH_LP01-1_1.comp,COMP,0502,4,2,VALUE,4064,3810,0,0,0,0,0,,,0,0,0,0,0,0,99,101,,1:LFFS:00002633_1H_L_L01_BP_S25_1000PPI_8BPC_1CH_LP01-1_1.lffs;2:IRR:00002633_V_1000_roll_10.irr,
00002633/00002633_6E_X_180_BT_D800_1000PPI_8BPC_1CH_LP19-1_1.comp,COMP,0502,3,1,VALUE,1518,2075,0,0,6,102,74,20,UNC,1301,3315,1367,976,505,84,36,38,,1:LFFS:00002633_6E_X_180_BT_D800_1000PPI_8BPC_1CH_LP19-1_1.lffs;2:IRR:00002633_V_1000_roll_07.irr,
00002633/00002633_6E_X_180_BT_D800_1000PPI_8BPC_1CH_LP19-1_1.comp,COMP,0502,4,2,VALUE,4064,3810,0,0,0,0,0,,,0,0,0,0,0,0,115,117,,1:LFFS:00002633_6E_X_180_BT_D800_1000PPI_8BPC_1CH_LP19-1_1.lffs;2:IRR:00002633_V_1000_roll_07.irr,
00002634/00002634_2B_X_L01_BP_S21_1000PPI_8BPC_1CH_LP08-1_1.comp,COMP,0502,3,1,VALUE,1562,2407,0,0,10,118,76,20,UNC,3345,1819,1088,2343,0,373,32,34,,1:LFFS:00002634_2B_X_L01_BP_S21_1000PPI_8BPC_1CH_LP08-1_1.lffs;2:IRR:00002634_V_1000_roll_02.irr,
00002634/00002634_2B_X_L01_BP_S21_1000PPI_8BPC_1CH_LP08-1_1.comp,COMP,0502,4,2,VALUE,4064,3810,0,0,0,0,0,,,0,0,0,0,0,0,116,120,,1:LFFS:00002634_2B_X_L01_BP_S21_1000PPI_8BPC_1CH_LP08-1_1.lffs;2:IRR:00002634_V_1000_roll_02.irr,
00002634/00002634_4F_X_772_IN_D800_1000PPI_8BPC_1CH_LP09-1_1.comp,COMP,0502,3,1,VALUE,2578,2473,0,0,8,121,126,20,UNC,5063,7741,2442,0,0,0,10,10,,1:LFFS:00002634_4F_X_772_IN_D800_1000PPI_8BPC_1CH_LP09-1_1.lffs;2:IRR:00002634_V_1000_roll_06.irr,
00002634/00002634_4F_X_772_IN_D800_1000PPI_8BPC_1CH_LP09-1_1.comp,COMP,0502,4,2,VALUE,4064,3810,0,0,0,0,0,,,0,0,0,0,0,0,213,217,,1:LFFS:00002634_4F_X_772_IN_D800_1000PPI_8BPC_1CH_LP09-1_1.lffs;2:IRR:00002634_V_1000_roll_06.irr,
00002636/00002636_5A_X_012_IN_D800_1000PPI_8BPC_1CH_LP05-1_1.comp,COMP,0502,3,1,NOVALUE,1808,1620,0,0,5,79,88,20,UNC,3768,1906,1278,0,0,0,3,3,,1:LFFS:00002636_5A_X_012_IN_D800_1000PPI_8BPC_1CH_LP05-1_1.lffs;2:IRR:00002636_V_1000_roll_06.irr,
00002636/00002636_5A_X_012_IN_D800_1000PPI_8BPC_1CH_LP05-1_1.comp,COMP,0502,4,2,VALUE,4064,3810,0,0,0,0,0,,,0,0,0,0,0,0,195,197,,1:LFFS:00002636_5A_X_012_IN_D800_1000PPI_8BPC_1CH_LP05-1_1.lffs;2:IRR:00002636_V_1000_roll_06.irr,
00002636/00002636_6E_X_006_BT_D800_1000PPI_8BPC_1CH_LP17-1_1.comp,COMP,0502,3,1,VALUE,1485,1341,0,0,7,65,73,20,UNC,1529,1042,325,759,898,192,12,12,,1:LFFS:00002636_6E_X_006_BT_D800_1000PPI_8BPC_1CH_LP17-1_1.lffs;2:IRR:00002636_V_1000_roll_08.irr,
00002636/00002636_6E_X_006_BT_D800_1000PPI_8BPC_1CH_LP17-1_1.comp,COMP,0502,4,2,VALUE,4064,3810,0,0,0,0,0,,,0,0,0,0,0,0,114,116,,1:LFFS:00002636_6E_X_006_BT_D800_1000PPI_8BPC_1CH_LP17-1_1.lffs;2:IRR:00002636_V_1000_roll_08.irr,
00002636/00002636_6E_X_006_BT_D800_1000PPI_8BPC_1CH_LP36-1_1.comp,COMP,0502,3,1,LIMITED,1861,1475,0,0,4,72,91,20,UNC,1946,2398,1546,407,168,87,4,4,,1:LFFS:00002636_6E_X_006_BT_D800_1000PPI_8BPC_1CH_LP36-1_1.lffs;2:IRR:00002636_V_1000_roll_02.irr,
00002636/00002636_6E_X_006_BT_D800_1000PPI_8BPC_1CH_LP36-1_1.comp,COMP,0502,4,2,NOVALUE,4064,3810,0,0,0,0,0,,,0,0,0,0,0,0,103,103,,1:LFFS:00002636_6E_X_006_BT_D800_1000PPI_8BPC_1CH_LP36-1_1.lffs;2:IRR:00002636_V_1000_roll_02.irr,
00002640/00002640_1G_L_L01_BP_S24_1000PPI_8BPC_1CH_LP04-1_1.comp,COMP,0502,3,1,VALUE,2730,2311,0,0,9,113,134,20,UNC,6954,2560,2595,2225,808,0,44,44,,1:LFFS:00002640_1G_L_L01_BP_S24_1000PPI_8BPC_1CH_LP04-1_1.lffs;2:IRR:00002640_V_1000_roll_08.irr,
00002640/00002640_1G_L_L01_BP_S24_1000PPI_8BPC_1CH_LP04-1_1.comp,COMP,0502,4,2,VALUE,4064,3810,0,0,0,0,0,,,0,0,0,0,0,0,95,95,,1:LFFS:00002640_1G_L_L01_BP_S24_1000PPI_8BPC_1CH_LP04-1_1.lffs;2:IRR:00002640_V_1000_roll_08.irr,
00002640/00002640_2B_X_L02_BP_S24_1000PPI_8BPC_1CH_LP11-1_1.comp,COMP,0502,3,1,LIMITED,2026,1445,0,0,7,71,99,20,UNC,2174,3978,877,0,0,0,5,5,,1:LFFS:00002640_2B_X_L02_BP_S24_1000PPI_8BPC_1CH_LP11-1_1.lffs;2:IRR:00002640_C_500_roll_02.irr,
00002640/00002640_2B_X_L02_BP_S24_1000PPI_8BPC_1CH_LP11-1_1.comp,COMP,0502,4,2,VALUE,4064,3810,0,0,0,0,0,,,0,0,0,0,0,0,135,139,,1:LFFS:00002640_2B_X_L02_BP_S24_1000PPI_8BPC_1CH_LP11-1_1.lffs;2:IRR:00002640_C_500_roll_02.irr,
00002640/00002640_6D_X_021_WT_D800_1000PPI_8BPC_1CH_LP26-1_1.comp,COMP,0502,3,1,LIMITED,1135,1318,0,0,14,64,55,20,UNC,969,1411,948,79,0,113,7,7,,1:LFFS:00002640_6D_X_021_WT_D800_1000PPI_8BPC_1CH_LP26-1_1.lffs;2:IRR:00002640_V_1000_roll_08.irr,
00002640/00002640_6D_X_021_WT_D800_1000PPI_8BPC_1CH_LP26-1_1.comp,COMP,0502,4,2,VALUE,4064,3810,0,0,0,0,0,,,0,0,0,0,0,0,95,95,,1:LFFS:00002640_6D_X_021_WT_D800_1000PPI_8BPC_1CH_LP26-1_1.lffs;2:IRR:00002640_V_1000_roll_08.irr,
00002644/00002644_1H_R_L01_BP_S21_1000PPI_8BPC_1CH_LP12-1_1.comp,COMP,0502,3,1,NOVALUE,1562,1717,0,0,8,84,76,20,UNC,3835,2154,395,0,0,0,2,2,,1:LFFS:00002644_1H_R_L01_BP_S21_1000PPI_8BPC_1CH_LP12-1_1.lffs;2:IRR:00002644_V_1000_roll_02.irr,
00002644/00002644_1H_R_L01_BP_S21_1000PPI_8BPC_1CH_LP12-1_1.comp,COMP,0502,4,2,VALUE,4064,3810,0,0,0,0,0,,,0,0,0,0,0,0,100,102,,1:LFFS:00002644_1H_R_L01_BP_S21_1000PPI_8BPC_1CH_LP12-1_1.lffs;2:IRR:00002644_V_1000_roll_02.irr,
00002644/00002644_4F_X_375_IN_D800_1000PPI_8BPC_1CH_LP04-1_1.comp,COMP,0502,3,1,VALUE,1610,1823,0,0,7,89,79,20,UNC,3536,956,1007,1321,0,211,11,11,,1:LFFS:00002644_4F_X_375_IN_D800_1000PPI_8BPC_1CH_LP04-1_1.lffs;2:IRR:00002644_C_500_roll_07.irr,
00002644/00002644_4F_X_375_IN_D800_1000PPI_8BPC_1CH_LP04-1_1.comp,COMP,0502,4,2,VALUE,4064,3810,0,0,0,0,0,,,0,0,0,0,0,0,90,92,,1:LFFS:00002644_4F_X_375_IN_D800_1000PPI_8BPC_1CH_LP04-1_1.lffs;2:IRR:00002644_C_500_roll_07.irr,
00002644/00002644_5B_X_0945_IN_D800_1000PPI_8BPC_1CH_LP01-1_1.comp,COMP,0502,3,1,LIMITED,2303,2291,0,0,6,112,113,20,UNC,6348,5281,1027,0,0,0,4,4,,1:LFFS:00002644_5B_X_0945_IN_D800_1000PPI_8BPC_1CH_LP01-1_1.lffs;2:IRR:00002644_V_1000_roll_08.irr,
00002644/00002644_5B_X_0945_IN_D800_1000PPI_8BPC_1CH_LP01-1_1.comp,COMP,0502,4,2,VALUE,4064,3810,0,0,0,0,0,,,0,0,0,0,0,0,51,53,,1:LFFS:00002644_5B_X_0945_IN_D800_1000PPI_8BPC_1CH_LP01-1_1.lffs;2:IRR:00002644_V_1000_roll_08.irr,
00002645/00002645_6C_X_013_BT_D800_1000PPI_8BPC_1CH_LP18-1_1.comp,COMP,0502,3,1,VALUE,1452,1925,0,0,7,94,71,20,UNC,2858,2191,625,390,517,93,20,21,,1:LFFS:00002645_6C_X_013_BT_D800_1000PPI_8BPC_1CH_LP18-1_1.lffs;2:IRR:00002645_V_1000_roll_03.irr,
00002645/00002645_6C_X_013_BT_D800_1000PPI_8BPC_1CH_LP18-1_1.comp,COMP,0502,4,2,VALUE,4064,3810,0,0,0,0,0,,,0,0,0,0,0,0,106,109,,1:LFFS:00002645_6C_X_013_BT_D800_1000PPI_8BPC_1CH_LP18-1_1.lffs;2:IRR:00002645_V_1000_roll_03.irr,
00002646/00002646_1E_R_L01_BP_S23_1000PPI_8BPC_1CH_LP03-1_1.comp,COMP,0502,3,1,LIMITED,1811,2819,0,0,9,138,89,20,UNC,6429,4051,1802,0,0,0,5,5,,1:LFFS:00002646_1E_R_L01_BP_S23_1000PPI_8BPC_1CH_LP03-1_1.lffs;2:IRR:00002646_V_1000_roll_05.irr,
00002646/00002646_1E_R_L01_BP_S23_1000PPI_8BPC_1CH_LP03-1_1.comp,COMP,0502,4,2,VALUE,4064,3810,0,0,0,0,0,,,0,0,0,0,0,0,96,98,,1:LFFS:00002646_1E_R_L01_BP_S23_1000PPI_8BPC_1CH_LP03-1_1.lffs;2:IRR:00002646_V_1000_roll_05.irr,
00002649/00002649_1G_R_L01_BP_S25_1000PPI_8BPC_1CH_LP02-1_1.comp,COMP,0502,3,1,VALUE,2156,2070,0,0,10,0,0,,,0,0,0,0,0,0,21,24,,1:LFFS:00002649_1G_R_L01_BP_S25_1000PPI_8BPC_1CH_LP02-1_1.lffs;2:IRR:00002649_V_1000_roll_02.irr,
00002649/00002649_1G_R_L01_BP_S25_1000PPI_8BPC_1CH_LP02-1_1.comp,COMP,0502,4,2,VALUE,4064,3810,0,0,0,0,0,,,0,0,0,0,0,0,159,163,,1:LFFS:00002649_1G_R_L01_BP_S25_1000PPI_8BPC_1CH_LP02-1_1.lffs;2:IRR:00002649_V_1000_roll_02.irr,
00002651/00002651_1D_L_L01_BP_S23_1000PPI_8BPC_1CH_LP03-1_1.comp,COMP,0502,3,1,VALUE,1938,2786,0,0,7,137,95,20,UNC,5370,2352,4388,905,0,0,30,33,,1:LFFS:00002651_1D_L_L01_BP_S23_1000PPI_8BPC_1CH_LP03-1_1.lffs;2:IRR:00002651_V_1000_roll_08.irr,
00002651/00002651_1D_L_L01_BP_S23_1000PPI_8BPC_1CH_LP03-1_1.comp,COMP,0502,4,2,VALUE,4064,3810,0,0,0,0,0,,,0,0,0,0,0,0,140,144,,1:LFFS:00002651_1D_L_L01_BP_S23_1000PPI_8BPC_1CH_LP03-1_1.lffs;2:IRR:00002651_V_1000_roll_08.irr,
