sample_id,subject_id,single_heldout_q1_mse,single_heldout_q1_mae,single_heldout_q1_psnr,single_heldout_q1_ssim_map_mean,single_heldout_q1_pixels,single_heldout_q1_max_absolute_error,single_background_darkness,mean_k5_heldout_q1_mse,mean_k5_heldout_q1_mae,mean_k5_heldout_q1_psnr,mean_k5_heldout_q1_ssim_map_mean,mean_k5_heldout_q1_pixels,mean_k5_heldout_q1_max_absolute_error,best_k5_heldout_q1_mae,diversity_k5_heldout_q1_mae,uncertainty_error_spearman_k5,coverage_k5_50,coverage_error_k5_50,interval_width_k5_50,coverage_k5_80,coverage_error_k5_80,interval_width_k5_80,coverage_k5_90,coverage_error_k5_90,interval_width_k5_90,coverage_k5_95,coverage_error_k5_95,interval_width_k5_95,mean_uncertainty_k5_heldout_q1,mean_uncertainty_k5_background,mean_k5_background_darkness,mean_k10_heldout_q1_mse,mean_k10_heldout_q1_mae,mean_k10_heldout_q1_psnr,mean_k10_heldout_q1_ssim_map_mean,mean_k10_heldout_q1_pixels,mean_k10_heldout_q1_max_absolute_error,best_k10_heldout_q1_mae,diversity_k10_heldout_q1_mae,uncertainty_error_spearman_k10,coverage_k10_50,coverage_error_k10_50,interval_width_k10_50,coverage_k10_80,coverage_error_k10_80,interval_width_k10_80,coverage_k10_90,coverage_error_k10_90,interval_width_k10_90,coverage_k10_95,coverage_error_k10_95,interval_width_k10_95,mean_uncertainty_k10_heldout_q1,mean_uncertainty_k10_background,mean_k10_background_darkness,mean_heldout_q1_orientation_error,mean_heldout_q1_ridge_frequency_mae_cpx,mean_heldout_q1_ridge_period_mae_pixels,mean_heldout_q1_ridge_frequency_relative_mae,mean_heldout_q1_ridge_frequency_windows,mean_heldout_q1_mse,mean_heldout_q1_mae,mean_heldout_q1_psnr,mean_heldout_q1_ssim_map_mean,mean_heldout_q1_pixels,mean_heldout_q1_max_absolute_error,pairwise_diversity_mae,uncertainty_error_spearman,predicted_support_iou
nist302-registered:00002304/00002304_1C_R_L01_BP_S22_1000PPI_8BPC_1CH_LP03-1_1,00002304,0.034671234587397196,0.16422690833927295,14.600306935340344,0.18449787255090913,436.0,0.3839327394962311,0.030946917831897736,0.028601002893143383,0.1532211873782884,15.436187380834838,0.1844388743417721,436.0,0.3277544379234314,0.11663846671581268,0.0808126441382487,0.16428989754277856,0.04357798165137615,0.45642201834862384,0.06482710805507975,0.16743119266055045,0.6325688073394495,0.12770167701288102,0.2408256880733945,0.6591743119266056,0.14865986666548142,0.27293577981651373,0.6770642201834862,0.1591389614917816,0.06943250447511673,0.01006491668522358,0.029154252260923386,0.02545805930800556,0.14296959832720801,15.941747061006028,0.20436206837516235,436.0,0.30621641874313354,0.11503040790557861,0.08944610207817241,-0.10073123747155878,0.09174311926605505,0.40825688073394495,0.09423879144388601,0.29128440366972475,0.5087155963302753,0.16791299367579843,0.41284403669724773,0.4871559633027523,0.20475341960309287,0.45871559633027525,0.4912844036697247,0.22317363256674022,0.07907979190349579,0.010913064703345299,0.02985655702650547,0.11256169056018346,nan,nan,nan,0.0,0.02545805930800556,0.14296959832720801,15.941747061006028,0.20436206837516235,436.0,0.30621641874313354,0.08944610207817241,-0.10073123747155878,0.9409020217729394
nist302-registered:00002304/00002304_1F_R_L01_BP_S22_1000PPI_8BPC_1CH_LP03-1_1,00002304,0.0326768054699572,0.1480976722772443,14.857604072982241,0.23288222972616252,1461.0,0.41473791003227234,0.03554806485772133,0.014165246617835154,0.1019419335813085,18.4877585998346,0.35767413622802596,1461.0,0.36912888288497925,0.09954491257667542,0.11424786749561708,-0.16101963842161054,0.22176591375770022,0.2782340862422998,0.08982304823798402,0.48459958932238195,0.3154004106776181,0.18035410606722405,0.5742642026009582,0.3257357973990418,0.21053112534363738,0.6043805612594113,0.34561943874058865,0.22561963498184406,0.0965966135263443,0.013160868547856808,0.030289823189377785,0.014023816761503249,0.10104272503872427,18.531337714713004,0.3919647319476766,1461.0,0.3565879464149475,0.08754517883062363,0.11398020531616425,-0.21910685256274864,0.3381245722108145,0.1618754277891855,0.12492828698373673,0.5872689938398358,0.21273100616016427,0.21514498876187182,0.6988364134154689,0.20116358658453115,0.258267285565168,0.7440109514031485,0.2059890485968514,0.27982843396681617,0.09876688569784164,0.012567410245537758,0.030634954571723938,0.13127411750670273,0.0421875,4.312072045077559,0.37504370133553344,5.0,0.014023816761503249,0.10104272503872427,18.531337714713004,0.3919647319476766,1461.0,0.3565879464149475,0.11398020531616425,-0.21910685256274864,0.9419538740606375
nist302-registered:00002304/00002304_1F_R_L01_BP_S22_1000PPI_8BPC_1CH_LP06-1_1,00002304,0.02746936109921945,0.13794773377411002,15.611514415736229,0.35931384723010956,2664.0,0.48380863666534424,0.0250039454549551,0.018756605653762904,0.10270698288002529,17.2684575226927,0.4495602056990667,2664.0,0.4419611096382141,0.1260257363319397,0.13019260591617576,-0.5026282938137348,0.3997747747747748,0.1002252252252252,0.1320428722859682,0.5908408408408409,0.20915915915915917,0.20849319610286046,0.6407657657657657,0.2592342342342343,0.23397663737515786,0.6647897897897898,0.2852102102102102,0.24671835801130657,0.1104513630270958,0.009392721578478813,0.024590149521827698,0.018860981101841284,0.10398681617311172,17.244357200804686,0.4301718504044421,2664.0,0.4424900412559509,0.1260257363319397,0.1156938404709966,-0.48271900586088695,0.45007507507507505,0.04992492492492495,0.13578004339659536,0.6212462462462462,0.1787537537537538,0.21984956563190297,0.6846846846846847,0.21531531531531534,0.2574318932084081,0.7098348348348348,0.24016516516516517,0.2762230569966607,0.10132931172847748,0.00924673955887556,0.024510644376277924,0.4578495000624343,0.07874177631578948,8.839680460258338,0.5224725918646086,19.0,0.018860981101841284,0.10398681617311172,17.244357200804686,0.4301718504044421,2664.0,0.4424900412559509,0.1156938404709966,-0.48271900586088695,0.9440668365902011
nist302-registered:00002304/00002304_2A_X_L02_BP_S22_1000PPI_8BPC_1CH_LP08-1_1,00002304,0.038080689435684816,0.16587552433850997,14.19295197488112,0.2950392782160167,3190.0,0.46506330370903015,0.030901379883289337,0.0318618166016476,0.15570498012636896,14.967294665267195,0.2987801264664021,3190.0,0.36879533529281616,0.1515800505876541,0.08653432627643537,-0.2421567788264377,0.13166144200626959,0.3683385579937304,0.07357541996296671,0.22664576802507838,0.5733542319749216,0.13715903141094973,0.27586206896551724,0.6241379310344828,0.1583535685602774,0.3084639498432602,0.6415360501567398,0.16895083713494122,0.07357952743768692,0.016170674934983253,0.028952527791261673,0.030306275027801113,0.15112660641206843,15.184674398872701,0.3066878901656383,3190.0,0.36720216274261475,0.1515800505876541,0.08950324360874212,-0.2610847464815551,0.17492163009404388,0.3250783699059561,0.09577205047525209,0.3304075235109718,0.46959247648902824,0.17047403924610918,0.39122257053291537,0.5087774294670846,0.20461044636125847,0.43009404388714734,0.5199059561128526,0.22167864991883318,0.07908370345830917,0.016156461089849472,0.02919550985097885,0.22869402922941637,nan,nan,nan,0.0,0.030306275027801113,0.15112660641206843,15.184674398872701,0.3066878901656383,3190.0,0.36720216274261475,0.08950324360874212,-0.2610847464815551,0.9513970415590515
nist302-registered:00002304/00002304_5A_X_647_IN_D800_1000PPI_8BPC_1CH_LP04-1_1,00002304,0.026757417278223637,0.14509563429611705,15.725558085405162,0.30214389713197837,1741.0,0.4199366569519043,0.012788822874426842,0.02261827459680736,0.1299798190764899,16.455405276893348,0.317612005195026,1741.0,0.42301344871520996,0.13299624621868134,0.07226039722416334,-0.7130562638156579,0.16427340608845492,0.3357265939115451,0.06983733036818003,0.3164847788627226,0.48351522113727746,0.11537432887306302,0.3509477311889719,0.5490522688110282,0.13055332837469066,0.3676048248133257,0.5823951751866743,0.1381428281255045,0.061034779995679855,0.005367433652281761,0.011761010624468327,0.022633498129402928,0.13006441672597377,16.45248318299406,0.3063683201501687,1741.0,0.4221871495246887,0.13299624621868134,0.06399056942889424,-0.6928858291739168,0.18437679494543366,0.3156232050545663,0.06854787258787583,0.31533601378518095,0.4846639862148191,0.122217841029578,0.39919586444572086,0.5008041355542792,0.1461594531422781,0.43136128661688683,0.5186387133831132,0.15813025919862825,0.05656523257493973,0.005214241798967123,0.012056900188326836,0.29932768180935754,nan,nan,nan,0.0,0.022633498129402928,0.13006441672597377,16.45248318299406,0.3063683201501687,1741.0,0.4221871495246887,0.06399056942889424,-0.6928858291739168,0.9158144041339218
nist302-registered:00002304/00002304_5A_X_648_IN_D800_1000PPI_8BPC_1CH_LP04-1_1,00002304,0.034503178209936494,0.16335043417332806,14.621408986813751,0.18319875292739393,954.0,0.48279470205307007,0.02421872690320015,0.0310986711900259,0.15093862179440273,15.072581674737531,0.19437755283740613,954.0,0.4936937093734741,0.14493852853775024,0.05981746432791216,-0.30562270156128246,0.09958071278825996,0.40041928721174,0.05461695999594354,0.20545073375262055,0.5945492662473795,0.09518789249146259,0.22117400419287211,0.6788259958071279,0.1087115366566356,0.23375262054507337,0.7162473794549266,0.11547335873922213,0.05054435133934021,0.008148943074047565,0.0233402568846941,0.030099138844844112,0.14873210198599338,15.214459296647059,0.19721491847613945,954.0,0.4833524823188782,0.14493852853775024,0.06742612081559254,-0.21182782312705872,0.10167714884696016,0.39832285115303984,0.06397557689708734,0.25366876310272535,0.5463312368972747,0.1254535637280476,0.34276729559748426,0.5572327044025158,0.15765823134742438,0.3941299790356394,0.5558700209643606,0.17376056515711286,0.06137603893876076,0.00862946081906557,0.023506170138716698,0.2881992360974846,nan,nan,nan,0.0,0.030099138844844112,0.14873210198599338,15.214459296647059,0.19721491847613945,954.0,0.4833524823188782,0.06742612081559254,-0.21182782312705872,0.9316031359826981
nist302-registered:00002304/00002304_6C_X_222_BT_D800_1000PPI_8BPC_1CH_LP01-1_1,00002304,0.014807395195090022,0.10451899902477711,18.295213325587163,0.15245882661782695,299.0,0.24963334202766418,0.04014121741056442,0.012151275385926781,0.09410279331398648,19.153781365511634,0.17116918024192346,299.0,0.2713805139064789,0.09279008954763412,0.06510155017559345,-0.16290453637404323,0.16722408026755853,0.33277591973244147,0.06923268790229109,0.27424749163879597,0.525752508361204,0.10457559405361928,0.3110367892976589,0.5889632107023411,0.11635656277072867,0.3377926421404682,0.6122073578595317,0.12224704712928337,0.05403407663106918,0.010828734375536442,0.03864333778619766,0.010607244067676797,0.0854357174008985,19.743974381224227,0.18771406654551834,299.0,0.27054086327552795,0.09279008954763412,0.08109782605045393,-0.0401629593050661,0.2608695652173913,0.2391304347826087,0.08702214229166708,0.4882943143812709,0.31170568561872913,0.1460325060779833,0.6153846153846154,0.2846153846153846,0.18424864914205955,0.6655518394648829,0.284448160535117,0.20335672067409777,0.07248592376708984,0.013030384667217731,0.037840910255908966,0.0717734082761052,nan,nan,nan,0.0,0.010607244067676797,0.0854357174008985,19.743974381224227,0.18771406654551834,299.0,0.27054086327552795,0.08109782605045393,-0.0401629593050661,0.9226114960476237
nist302-registered:00002304/00002304_7D_X_065_CA_D800_1000PPI_8BPC_1CH_LP03-1_1,00002304,0.030184492119748767,0.1381966556611132,15.202161271302433,0.6300951674288886,607.0,0.48359519243240356,0.02476099692285061,0.029097839750054897,0.13724055591682233,15.361392522325005,0.6232909642911345,607.0,0.47657808661460876,0.13413162529468536,0.07085311673029251,0.40893850234325435,0.10378912685337727,0.39621087314662273,0.06600028860706474,0.17957166392092258,0.6204283360790774,0.11287970395614524,0.1927512355848435,0.7072487644151565,0.12850617573917206,0.20098846787479407,0.7490115321252059,0.13631941163068548,0.05914090946316719,0.009779615327715874,0.02967730537056923,0.028849357725324598,0.1364907667016276,15.398638511201167,0.6246286963566684,607.0,0.4806564748287201,0.113001249730587,0.07480286048289164,0.3552524267427176,0.10543657331136738,0.39456342668863265,0.08376026939128141,0.22075782537067545,0.5792421746293246,0.14308394245692885,0.2685337726523888,0.6314662273476113,0.16903993657727212,0.2899505766062603,0.6600494233937397,0.18201793363744384,0.06492476910352707,0.010808608494699001,0.02865760773420334,0.030066771103607018,nan,nan,nan,0.0,0.028849357725324598,0.1364907667016276,15.398638511201167,0.6246286963566684,607.0,0.4806564748287201,0.07480286048289164,0.3552524267427176,0.9477224350787569
nist302-registered:00002304/00002304_7D_X_066_CA_D800_1000PPI_8BPC_1CH_LP45-1_1,00002304,0.043902481367888234,0.1683787283480323,13.575109327436046,0.3579565517224358,1915.0,0.4745098948478699,0.012571264989674091,0.03575893132458786,0.15695670536541753,14.466154688126302,0.38813382395230167,1915.0,0.4912647604942322,0.13971441984176636,0.09270599787913789,-0.05247811779559424,0.14673629242819844,0.3532637075718016,0.08827337589961119,0.2595300261096606,0.5404699738903395,0.14788633440866794,0.3013054830287206,0.5986945169712794,0.16775732057835355,0.32114882506527415,0.6288511749347259,0.1776928136631963,0.07795730978250504,0.004044738598167896,0.01290381420403719,0.033048581554405425,0.14966079181852912,14.808471757037351,0.41463194419426425,1915.0,0.4628582000732422,0.12320306897163391,0.08645074743341978,-0.04736418977204143,0.1864229765013055,0.31357702349869454,0.09893718100792434,0.3154046997389034,0.48459530026109665,0.1678993036743866,0.37493472584856397,0.5250652741514361,0.19443754122478218,0.3968668407310705,0.5531331592689295,0.20770665999998,0.07516276091337204,0.004611755255609751,0.012501087039709091,0.26426951581340546,0.025390625,3.5425930641616916,0.19714506172839505,6.0,0.033048581554405425,0.14966079181852912,14.808471757037351,0.41463194419426425,1915.0,0.4628582000732422,0.08645074743341978,-0.04736418977204143,0.945995145631068
nist302-registered:00002325/00002325_1H_R_L01_BP_S21_1000PPI_8BPC_1CH_LP03-1_1,00002325,0.028399788466094256,0.1487297227442514,15.466848947540235,0.19815570786398004,1434.0,0.3968261778354645,0.016139676794409752,0.024236825067433427,0.13848904325955416,16.15524271717079,0.20776464295495214,1434.0,0.3514036238193512,0.13756819069385529,0.0629388368113104,-0.45904878670386523,0.11785216178521618,0.3821478382147838,0.05886835512423282,0.2175732217573222,0.5824267782426779,0.1002950907293889,0.2580195258019526,0.6419804741980475,0.11410400259777424,0.2691771269177127,0.6808228730822873,0.12100845853196693,0.05314304679632187,0.007375286426395178,0.016186131164431572,0.023587124883454352,0.1358513046092402,16.27324993550542,0.2089657871333916,1434.0,0.3731209337711334,0.13756819069385529,0.06227877166369858,-0.40168635511372036,0.13249651324965134,0.36750348675034866,0.0682052411762491,0.27405857740585776,0.5259414225941423,0.11939181280393814,0.3284518828451883,0.5715481171548118,0.1414438273232934,0.3584379358437936,0.5915620641562064,0.1524698345829711,0.0552133284509182,0.007541877683252096,0.0163287241011858,1.0371074266024405,nan,nan,nan,0.0,0.023587124883454352,0.1358513046092402,16.27324993550542,0.2089657871333916,1434.0,0.3731209337711334,0.06227877166369858,-0.40168635511372036,0.8887231503579952
nist302-registered:00002325/00002325_4A_X_606_IN_D800_1000PPI_8BPC_1CH_LP01-1_1,00002325,0.022431597604807466,0.1334591768871104,16.491397943508787,0.29631136870349456,2364.0,0.4895782470703125,0.022868487983942032,0.020234945068589933,0.12609446305913974,16.9389797024156,0.31862558816766573,2364.0,0.48052412271499634,0.133459210395813,0.05571978583856283,-0.6846763990749879,0.13663282571912014,0.36336717428087983,0.05052056457286357,0.24492385786802032,0.5550761421319798,0.08863173521513058,0.27115059221658205,0.6288494077834179,0.10133545876255293,0.28214890016920474,0.6678510998307952,0.1076873205362641,0.04694954678416252,0.007152887061238289,0.02576267160475254,0.01987686293700079,0.1244244783259487,17.016521569938007,0.3267213522549506,2364.0,0.4755878448486328,0.133459210395813,0.05645525692201329,-0.6922614368770489,0.17681895093062605,0.32318104906937395,0.06070362970031256,0.3079526226734349,0.49204737732656517,0.1074892440725704,0.3659052453468697,0.5340947546531303,0.12903283227064885,0.38282571912013535,0.5671742808798645,0.1398046263696881,0.049783386290073395,0.007462510373443365,0.025392374023795128,0.4849140959085672,nan,nan,nan,0.0,0.01987686293700079,0.1244244783259487,17.016521569938007,0.3267213522549506,2364.0,0.4755878448486328,0.05645525692201329,-0.6922614368770489,0.8374855156431055
nist302-registered:00002325/00002325_6E_X_074_BT_D800_1000PPI_8BPC_1CH_LP08-1_1,00002325,0.09908196832606685,0.25987262300548764,10.040053744655054,0.7083426841114849,274.0,0.7477082908153534,0.04254128038883209,0.08137012762082368,0.2536795673905498,10.895350028568377,0.7191717460281442,274.0,0.5433153212070465,0.24201199412345886,0.09318888635530959,0.25489167766540033,0.04744525547445255,0.45255474452554745,0.09901197069752825,0.072992700729927,0.727007299270073,0.1496845266027172,0.09124087591240876,0.8087591240875913,0.1665753785711135,0.09854014598540146,0.8514598540145984,0.17502080455531172,0.07859025150537491,0.012740102596580982,0.0466989204287529,0.0801060259241896,0.25227780362767893,10.96334813164334,0.7251948525630191,274.0,0.5543499886989594,0.24201199412345886,0.08599185573310264,0.2515332842340142,0.04744525547445255,0.45255474452554745,0.09789095590584469,0.08759124087591241,0.7124087591240876,0.16882197999388632,0.11313868613138686,0.7868613138686131,0.19345987612639895,0.11678832116788321,0.8332116788321168,0.20577882419265534,0.07491520792245865,0.012718589045107365,0.04679623991250992,0.04851403200633573,nan,nan,nan,0.0,0.0801060259241896,0.25227780362767893,10.96334813164334,0.7251948525630191,274.0,0.5543499886989594,0.08599185573310264,0.2515332842340142,0.9521503611293499
nist302-registered:00002325/00002325_6E_X_074_BT_D800_1000PPI_8BPC_1CH_LP14-1_1,00002325,0.13748925909041324,0.3183496115208845,8.617312283789367,0.1426991823755933,3558.0,0.7969197183847427,0.035160891711711884,0.11924311411348809,0.3062414930816143,9.23566690601133,0.1427133496322642,3558.0,0.7811750620603561,0.2935763895511627,0.10710700009229682,0.14742083628298,0.05087127599775155,0.44912872400224846,0.10695222650035303,0.0775716694772344,0.7224283305227657,0.17135572278848052,0.09021922428330523,0.8097807757166948,0.192823554884523,0.09471613265879708,0.8552838673412029,0.20355747093254423,0.09092306345701218,0.03349065035581589,0.04312605410814285,0.10754444417108158,0.2931115505311213,9.684120206848482,0.1533332262906036,3558.0,0.7801562398672104,0.2760498523712158,0.09742196716647869,0.05669859956278987,0.05845980888139404,0.441540191118606,0.11103596444701867,0.09359190556492411,0.7064080944350759,0.19103980668312112,0.10652051714446319,0.7934794828555368,0.2190614668312134,0.11242270938729623,0.8375772906127037,0.2330722969052596,0.08623453974723816,0.033211369067430496,0.04527239501476288,0.2882049210072224,0.04296875,1.163636363636364,0.25,1.0,0.10754444417108158,0.2931115505311213,9.684120206848482,0.1533332262906036,3558.0,0.7801562398672104,0.09742196716647869,0.05669859956278987,0.8930365040101942
nist302-registered:00002325/00002325_6E_X_074_BT_D800_1000PPI_8BPC_1CH_LP18-1_1,00002325,0.044627194872957535,0.1764632775516437,13.504004107055723,0.34340969454868003,1571.0,0.5794230699539185,0.06619815528392792,0.04043890014688506,0.16857697256502263,13.932006648177907,0.3711886348295718,1571.0,0.5535253286361694,0.16933971643447876,0.09540039622654663,-0.16346224262093273,0.1273074474856779,0.3726925525143221,0.07459152131836404,0.25397835773392746,0.5460216422660726,0.15055974647165637,0.2788033099936346,0.6211966900063655,0.17588248818942043,0.28898790579248884,0.6610120942075111,0.18854385904830248,0.08368947356939316,0.027133341878652573,0.06336984783411026,0.04066072965448627,0.16894328975510553,13.908248322382207,0.36891457412324674,1571.0,0.5531947612762451,0.16933971643447876,0.08983030727032902,-0.13056816031886842,0.14513049013367282,0.35486950986632715,0.08675753639182189,0.2698917886696372,0.5301082113303628,0.16659420267136363,0.31954169318905157,0.5804583068109485,0.21023271473955749,0.34182049649904517,0.6081795035009547,0.2320519707736546,0.08250373601913452,0.024664878845214844,0.06366520375013351,0.24214840842317065,nan,nan,nan,0.0,0.04066072965448627,0.16894328975510553,13.908248322382207,0.36891457412324674,1571.0,0.5531947612762451,0.08983030727032902,-0.13056816031886842,0.8752285191956124
nist302-registered:00002325/00002325_6E_X_074_BT_D800_1000PPI_8BPC_1CH_LP21-1_1,00002325,0.0827538979346503,0.2418662128303154,10.822115406139975,0.28782285920406864,3240.0,0.7333343923091888,0.025277066975831985,0.07881782071008313,0.23767037326814952,11.033755774210604,0.2832076802843626,3240.0,0.7027461230754852,0.23634636402130127,0.05723912487979288,-0.2626017622026043,0.06358024691358025,0.4364197530864198,0.04869371147619354,0.11728395061728394,0.6827160493827161,0.09072805846730868,0.13240740740740742,0.7675925925925926,0.10473950746434706,0.13950617283950617,0.8104938271604938,0.11174523196286625,0.048576124012470245,0.010722906328737736,0.02494172751903534,0.07878379060176886,0.23799719271008615,11.035631273879185,0.2849299223832554,3240.0,0.7080806791782379,0.23011425137519836,0.06164824050027156,-0.3377023616613737,0.08425925925925926,0.41574074074074074,0.06725542397456773,0.14753086419753086,0.6524691358024692,0.1188541446055895,0.17160493827160495,0.7283950617283951,0.14044253423901984,0.18209876543209877,0.7679012345679012,0.15123672905573507,0.05407639965415001,0.011656957678496838,0.023667149245738983,0.14733688137159937,0.08984375,12.110574915200766,0.6090770068468464,12.0,0.07878379060176886,0.23799719271008615,11.035631273879185,0.2849299223832554,3240.0,0.7080806791782379,0.06164824050027156,-0.3377023616613737,0.8747716326191662
nist302-registered:00002325/00002325_6E_X_074_BT_D800_1000PPI_8BPC_1CH_LP23-1_1,00002325,0.03949702924611652,0.1618564483985095,14.034355684377864,0.4004130717876511,1065.0,0.6947774589061737,0.03603724390268326,0.03370428590666659,0.14586038483140615,14.72314869832995,0.43963301025436247,1065.0,0.6827075183391571,0.15552380681037903,0.08602493399185754,-0.2893398208943599,0.1624413145539906,0.3375586854460094,0.0748945329110947,0.29295774647887324,0.5070422535211268,0.13652685427889577,0.3389671361502347,0.5610328638497653,0.15707096140149612,0.3502347417840376,0.5997652582159624,0.1673430149627963,0.07372640073299408,0.015572159551084042,0.04049943387508392,0.030508375177898426,0.13551042608811822,15.15580921497656,0.47353452945713226,1065.0,0.6751975119113922,0.13605237007141113,0.09164897729719935,-0.24268634419333218,0.22347417840375586,0.27652582159624417,0.0946194479303181,0.4244131455399061,0.37558685446009393,0.18045846775104182,0.4835680751173709,0.41643192488262915,0.21148957825602493,0.507981220657277,0.44201877934272293,0.22700513350851662,0.0813218355178833,0.016290364786982536,0.03911834582686424,0.09075602894837068,nan,nan,nan,0.0,0.030508375177898426,0.13551042608811822,15.15580921497656,0.47353452945713226,1065.0,0.6751975119113922,0.09164897729719935,-0.24268634419333218,0.9120978249974943
nist302-registered:00002325/00002325_6E_X_074_BT_D800_1000PPI_8BPC_1CH_LP26-1_1,00002325,0.037542966990117096,0.16177218715519104,14.254714084190425,0.3727920040243633,2817.0,0.6339990198612213,0.03813908249139786,0.03070929138965799,0.14089721445500702,15.127302046937565,0.43756871367989575,2817.0,0.6098467409610748,0.14217816293239594,0.07561974577714163,-0.4911532277864846,0.18565850195243166,0.31434149804756834,0.0673239790868539,0.3177138800141995,0.48228611998580057,0.12016201657439786,0.35072772452964146,0.5492722754703585,0.13777469573691248,0.3652822151224707,0.5847177848775292,0.1465810353181698,0.06401126831769943,0.015393062494695187,0.0411154143512249,0.030020736498395078,0.1381678394933605,15.225786574203514,0.43696795577087844,2817.0,0.5908194482326508,0.14217816293239594,0.07465444749964487,-0.5381734660807413,0.22932197373091942,0.27067802626908055,0.08254880353644421,0.3539226127085552,0.44607738729144486,0.14096799107532276,0.42137025204117856,0.47862974795882146,0.16949731087087944,0.44550940717074905,0.5044905928292509,0.18376197076865788,0.06609119474887848,0.015089934691786766,0.041976477950811386,0.10951751990456648,0.025390625,1.849594059589519,0.18417385080249762,4.0,0.030020736498395078,0.1381678394933605,15.225786574203514,0.43696795577087844,2817.0,0.5908194482326508,0.07465444749964487,-0.5381734660807413,0.8701713621841417
nist302-registered:00002326/00002326_1C_L_L01_BP_S06_1000PPI_8BPC_1CH_LP03-1_1,00002326,0.0219854079532999,0.12767040180361192,16.578654713577507,0.31128136318310023,2746.0,0.3936901092529297,0.008200767450034618,0.02018774313899336,0.11951026637364892,16.949122296975887,0.3348553130588629,2746.0,0.41718965768814087,0.1276704967021942,0.05576819998455673,-0.4447561492047925,0.16642388929351784,0.3335761107064822,0.05332919067478666,0.25673707210487984,0.5432629278951202,0.08898521904431375,0.2891478514202476,0.6108521485797525,0.10087056183415612,0.3004369992716679,0.6495630007283321,0.1068132332290773,0.04707247391343117,0.0035978839732706547,0.008365009911358356,0.01856971894008812,0.11543366505078652,17.311946694262154,0.3338371377012891,2746.0,0.34524911642074585,0.12247450649738312,0.06187563598242799,-0.38187397650216914,0.2035688273852877,0.2964311726147123,0.06917048641531379,0.3350327749453751,0.46496722505462496,0.12127874883438493,0.3856518572469046,0.5143481427530954,0.140230681248503,0.4129643117261471,0.5370356882738528,0.14970664745556206,0.0546078160405159,0.004223295953124762,0.007876747287809849,0.2633849818063242,nan,nan,nan,0.0,0.01856971894008812,0.11543366505078652,17.311946694262154,0.3338371377012891,2746.0,0.34524911642074585,0.06187563598242799,-0.38187397650216914,0.8663079890366461
nist302-registered:00002326/00002326_1F_R_L01_BP_S06_1000PPI_8BPC_1CH_LP01-1_1,00002326,0.025176182947587278,0.13407244728556994,15.990101141987862,0.32842567400268846,1740.0,0.4654501676559448,0.02628532238304615,0.01946818979340149,0.11585542876487491,17.106744285151766,0.37068193531213195,1740.0,0.37260740995407104,0.12717682123184204,0.07875964581281289,-0.23163182533704788,0.1724137931034483,0.3275862068965517,0.06610531800094692,0.3482758620689655,0.45172413793103455,0.12475000051931402,0.39655172413793105,0.503448275862069,0.14429822802543638,0.4224137931034483,0.5275862068965517,0.15407234177849757,0.06656700372695923,0.010856391862034798,0.024703586474061012,0.01820995508153058,0.11149526872169012,17.396911254773187,0.3857931767689726,1740.0,0.3584747612476349,0.11750762164592743,0.07914143611759061,-0.2021093464400054,0.2293103448275862,0.27068965517241383,0.08401052452538205,0.43275862068965515,0.3672413793103449,0.1517497570881213,0.5086206896551724,0.39137931034482765,0.18097392326713288,0.539080459770115,0.41091954022988497,0.19558600635663875,0.0694551020860672,0.011564535088837147,0.023704227060079575,0.09191546439858063,nan,nan,nan,0.0,0.01820995508153058,0.11149526872169012,17.396911254773187,0.3857931767689726,1740.0,0.3584747612476349,0.07914143611759061,-0.2021093464400054,0.9324984728161271
nist302-registered:00002326/00002326_1F_X_L01_BP_S06_1000PPI_8BPC_1CH_LP03-1_1,00002326,0.023636131579824894,0.13278361509457745,16.264236010145567,0.32735376975752756,1856.0,0.3484192192554474,0.0398394949734211,0.016837559692033103,0.11032269257602506,17.73720851617903,0.3707576422281185,1856.0,0.3334798216819763,0.11765384674072266,0.10296065187210153,-0.29928975943948044,0.18426724137931033,0.31573275862068967,0.0797738444606035,0.4676724137931034,0.3323275862068966,0.16241836225421266,0.5269396551724138,0.3730603448275862,0.18996653485208234,0.546875,0.40312499999999996,0.2037406211510172,0.08902694284915924,0.022239523008465767,0.04472789540886879,0.01738346829505335,0.11478671253305571,17.598635701698026,0.3757979879567866,1856.0,0.3262043595314026,0.11765384674072266,0.09987001004825093,-0.16698119401407335,0.22898706896551724,0.27101293103448276,0.10345686489218396,0.4973060344827586,0.3026939655172414,0.1921206411664727,0.6174568965517241,0.28254310344827593,0.23020930787436014,0.65625,0.29374999999999996,0.24925364122830398,0.08898583799600601,0.02216346003115177,0.043380316346883774,0.1937990642545011,nan,nan,nan,0.0,0.01738346829505335,0.11478671253305571,17.598635701698026,0.3757979879567866,1856.0,0.3262043595314026,0.09987001004825093,-0.16698119401407335,0.8519760235700498
nist302-registered:00002326/00002326_1F_X_L01_BP_S06_1000PPI_8BPC_1CH_LP06-1_1,00002326,0.029802710432821216,0.1473446606967071,15.25744236846938,0.15869441941897738,1053.0,0.4107511639595032,0.01525492500513792,0.02264195587308675,0.12320409277905087,16.450860603371222,0.18009201744836723,1053.0,0.4414138197898865,0.12539541721343994,0.07186287181329863,0.06025439274117132,0.15384615384615385,0.34615384615384615,0.0682358260338123,0.27730294396961064,0.5226970560303894,0.11461789032332917,0.32763532763532766,0.5723646723646724,0.13007857841983478,0.35422602089268757,0.5957739791073124,0.1378089224680876,0.060638491064310074,0.00731854559853673,0.015008119866251945,0.020889086447737234,0.11722932143202308,16.80080552809647,0.19325452175043037,1053.0,0.45682811737060547,0.12094122916460037,0.07618583484617758,1.256964410188413e-05,0.20987654320987653,0.29012345679012347,0.08293375897894331,0.37701804368471037,0.4229819563152897,0.14653520300800416,0.46533713200379867,0.43466286799620135,0.17297188566479357,0.5014245014245015,0.4485754985754985,0.18619022699318835,0.06684811413288116,0.007544965483248234,0.015379845164716244,0.22435338661824744,nan,nan,nan,0.0,0.020889086447737234,0.11722932143202308,16.80080552809647,0.19325452175043037,1053.0,0.45682811737060547,0.07618583484617758,1.256964410188413e-05,0.9518633540372671
nist302-registered:00002326/00002326_1G_L_L01_BP_S06_1000PPI_8BPC_1CH_LP04-1_1,00002326,0.033574683952727426,0.15605796019075285,14.739880667674381,0.4138327743894961,5678.0,0.4768792986869812,0.0676727443933487,0.02448537612236144,0.13052770049272183,16.11093220352666,0.4996922231191649,5678.0,0.45544958114624023,0.1265602707862854,0.09752757964670847,-0.3288209006556003,0.25995068686157097,0.24004931313842903,0.0971198994253,0.40771398379711166,0.3922860162028884,0.15600335941259272,0.44628390278266994,0.4537160972173301,0.17563117940835693,0.460901725959845,0.48909827404015493,0.18544508940623905,0.08322007954120636,0.026510044932365417,0.06694987416267395,0.022263649730949492,0.12139003479531131,16.524036392787767,0.5139162152253249,5678.0,0.4394207000732422,0.1265602707862854,0.09849146233137412,-0.4264707296421309,0.37319478689679464,0.12680521310320536,0.12157741156198391,0.5162028883409652,0.2837971116590349,0.19154932412800127,0.560584712927087,0.339415287072913,0.21723249032726039,0.5780204297287778,0.3719795702712222,0.23007407342688999,0.08566169440746307,0.026579421013593674,0.06412788480520248,0.5060593438723895,0.07379150390625,8.036020464259014,0.5568781598714165,64.0,0.022263649730949492,0.12139003479531131,16.524036392787767,0.5139162152253249,5678.0,0.4394207000732422,0.09849146233137412,-0.4264707296421309,0.6924720738222438
nist302-registered:00002326/00002326_1G_R_L01_BP_S06_1000PPI_8BPC_1CH_LP08-1_1,00002326,0.06176304302037011,0.2157926432001544,12.09271314770795,0.20449815929317658,767.0,0.5277480185031891,0.022537585347890854,0.05680752986061389,0.19966622798508118,12.45594094567627,0.20536131702033303,767.0,0.5073866248130798,0.20419110357761383,0.0787185957798591,-0.25597613259588575,0.09647979139504563,0.40352020860495436,0.060050690850191976,0.2255541069100391,0.574445893089961,0.12408296275480786,0.25945241199478486,0.6405475880052152,0.1454270533896798,0.2685788787483703,0.6814211212516297,0.15609909870711577,0.06849616765975952,0.008162802085280418,0.02196008525788784,0.057522889892593534,0.20160334338731528,12.401593035556406,0.20120460725037884,767.0,0.49896618723869324,0.20386315882205963,0.07320818450249537,-0.17252024179520087,0.09126466753585398,0.408735332464146,0.06900897044129913,0.20860495436766624,0.5913950456323338,0.13451184403865243,0.3011734028683181,0.598826597131682,0.1717230060362442,0.3324641460234681,0.6175358539765319,0.19032858703504021,0.06780339777469635,0.008266482502222061,0.022017110139131546,0.2033531387845535,nan,nan,nan,0.0,0.057522889892593534,0.20160334338731528,12.401593035556406,0.20120460725037884,767.0,0.49896618723869324,0.07320818450249537,-0.17252024179520087,0.9391290270357778
nist302-registered:00002326/00002326_4D_X_288_IN_D800_1000PPI_8BPC_1CH_LP01-1_1,00002326,0.0327768522146614,0.14848800783998825,14.844327570329085,0.414256679782505,2125.0,0.5822408199310303,0.006438498385250568,0.02991407936419718,0.13969113954375773,15.241243584646384,0.4275164954017276,2125.0,0.5844897627830505,0.14349204301834106,0.05481868056689991,-0.2733402465145611,0.11952941176470588,0.3804705882352941,0.049121052742004394,0.22305882352941175,0.5769411764705883,0.08714012612455033,0.25835294117647056,0.6416470588235295,0.09981315058539894,0.27105882352941174,0.6789411764705882,0.10614966281582328,0.04583372920751572,0.0037089036777615547,0.0068049561232328415,0.02953656391369594,0.1372786362732158,15.296400290009949,0.43114364846298797,2125.0,0.5825831890106201,0.14123991131782532,0.053732668411653806,-0.35455074475538584,0.1708235294117647,0.3291764705882353,0.0599717666997629,0.2701176470588235,0.5298823529411765,0.10166424804996041,0.3115294117647059,0.5884705882352941,0.1215395748986917,0.33035294117647057,0.6196470588235294,0.1314772383230574,0.046500105410814285,0.0036799137014895678,0.006706710904836655,0.15190979688099274,nan,nan,nan,0.0,0.02953656391369594,0.1372786362732158,15.296400290009949,0.43114364846298797,2125.0,0.5825831890106201,0.053732668411653806,-0.35455074475538584,0.9182984965163183
nist302-registered:00002326/00002326_6A_X_163_BT_D800_1000PPI_8BPC_1CH_LP01-1_1,00002326,0.09432056139053675,0.25288447478018844,10.25393623009588,0.24930838057867025,3707.0,0.8885236158967018,0.025574618950486183,0.08404518202757524,0.24021091981657053,10.754871778677211,0.281813814100139,3707.0,0.7901225462555885,0.22678345441818237,0.09224516552254167,0.16726535585059377,0.06474237928243863,0.43525762071756136,0.08566797142212752,0.11195036417588346,0.6880496358241166,0.14693454542602524,0.1240895602913407,0.7759104397086594,0.16735673676065782,0.13407067709738332,0.8159293229026167,0.17756783242797414,0.07747414708137512,0.014094593934714794,0.029848158359527588,0.09066189278844435,0.24948755276470067,10.425752182246526,0.26719157499780904,3707.0,0.8104313388466835,0.22678345441818237,0.09113876925535105,0.11025767521586995,0.07310493660642028,0.42689506339357974,0.10252168591103851,0.1143782033989749,0.6856217966010252,0.17253562164235892,0.13541947666576748,0.7645805233342325,0.2057206458428943,0.14540059347181009,0.8045994065281898,0.2223131579431621,0.08050887286663055,0.0139065096154809,0.028299063444137573,0.29255030145374156,0.038628472222222224,4.990814212357414,0.4040172624607304,9.0,0.09066189278844435,0.24948755276470067,10.425752182246526,0.26719157499780904,3707.0,0.8104313388466835,0.09113876925535105,0.11025767521586995,0.8960560596532208
nist302-registered:00002326/00002326_6C_X_083_BT_D800_1000PPI_8BPC_1CH_LP17-1_1,00002326,0.020376460159910233,0.11626178059467049,16.908712602974227,0.38188175362245286,1075.0,0.3691665530204773,0.039954256266355515,0.016722135976461223,0.10268942777500596,17.767082494124004,0.4144350750991345,1075.0,0.48033636808395386,0.10530929267406464,0.08349177955472192,-0.35856664089180695,0.21302325581395348,0.2869767441860465,0.062710224722707,0.4111627906976744,0.3888372093023256,0.1315086918043536,0.4567441860465116,0.4432558139534884,0.15444151416490243,0.48186046511627906,0.4681395348837209,0.16590792534517687,0.07146551460027695,0.016506919637322426,0.041894540190696716,0.015817102617487713,0.09923994690872902,18.008730677713075,0.4247413812790256,1075.0,0.48771679401397705,0.10530929267406464,0.08121069920155428,-0.3445771127939095,0.2846511627906977,0.2153488372093023,0.08138158520986867,0.47255813953488374,0.3274418604651163,0.15885664235159408,0.5376744186046511,0.3623255813953489,0.18828681009869236,0.5609302325581396,0.3890697674418604,0.2030018939722416,0.07206792384386063,0.017813706770539284,0.0414150096476078,0.12276778512383195,nan,nan,nan,0.0,0.015817102617487713,0.09923994690872902,18.008730677713075,0.4247413812790256,1075.0,0.48771679401397705,0.08121069920155428,-0.3445771127939095,0.9219143576826196
nist302-registered:00002326/00002326_6C_X_083_BT_D800_1000PPI_8BPC_1CH_LP25-1_1,00002326,0.019042319193875973,0.11227536791172928,17.20280159325217,0.4087924435263515,657.0,0.39987432956695557,0.055373020470142365,0.014734926083886846,0.09714053337613923,18.316520383984187,0.44375232601020786,657.0,0.43174654245376587,0.10208182036876678,0.08931873608579012,-0.06929077337157183,0.2207001522070015,0.2792998477929985,0.07850707466380963,0.4231354642313546,0.3768645357686454,0.14182881159506613,0.4931506849315068,0.4068493150684932,0.1629360572388183,0.5144596651445966,0.43554033485540333,0.17348968006069437,0.07474754750728607,0.019704481586813927,0.0467279851436615,0.011585119301186714,0.0851556982623932,19.360994895753176,0.4657134964805095,657.0,0.4050910472869873,0.09580336511135101,0.09084652548470958,0.06351535040728264,0.3135464231354642,0.18645357686453579,0.09497573910510704,0.5570776255707762,0.24292237442922382,0.16932917490851024,0.639269406392694,0.260730593607306,0.20885267892974327,0.6636225266362252,0.2863774733637747,0.2286144309403599,0.07988876849412918,0.02058982662856579,0.04606005176901817,0.1988136610692784,nan,nan,nan,0.0,0.011585119301186714,0.0851556982623932,19.360994895753176,0.4657134964805095,657.0,0.4050910472869873,0.09084652548470958,0.06351535040728264,0.904212299915754
nist302-registered:00002326/00002326_6C_X_083_BT_D800_1000PPI_8BPC_1CH_LP27-1_1,00002326,0.0367151040363509,0.16426751889383423,14.351552368324679,0.29764557800677066,2745.0,0.5378062129020691,0.06342564523220062,0.028723938163780025,0.14336133575396026,15.417560168828299,0.3484115424445765,2745.0,0.4984954595565796,0.14511537551879883,0.07856504769490283,-0.41837751381419264,0.1377049180327869,0.3622950819672131,0.07063777488003228,0.3052823315118397,0.49471766848816034,0.12491134903035744,0.34790528233151186,0.5520947176684882,0.14300254041379917,0.36867030965391623,0.5813296903460837,0.15204813610552007,0.0664215162396431,0.031188685446977615,0.06398719549179077,0.026581014739619078,0.13283169303218306,15.754284437316928,0.3305060648660809,2745.0,0.46318137645721436,0.13850995898246765,0.08252186530033506,-0.46295369754070104,0.2517304189435337,0.2482695810564663,0.08833806328000483,0.37959927140255006,0.42040072859745,0.15424428917454022,0.4692167577413479,0.4307832422586521,0.18894110177492612,0.4994535519125683,0.45054644808743166,0.20628950807511917,0.07315278053283691,0.03091707080602646,0.06258407980203629,0.672861256357995,0.0966796875,7.877899759818802,0.9231288553039529,8.0,0.026581014739619078,0.13283169303218306,15.754284437316928,0.3305060648660809,2745.0,0.46318137645721436,0.08252186530033506,-0.46295369754070104,0.8048148148148148
nist302-registered:00002334/00002334_1C_L_L01_BP_S21_1000PPI_8BPC_1CH_LP06-1_1,00002334,0.02187978339124713,0.12221209782813323,16.599569818108076,0.4632485622007603,3843.0,0.5337056517601013,0.02349887043237686,0.020745239515586936,0.12138509958974712,16.830815466293082,0.4989120249217129,3843.0,0.5291833579540253,0.11387453973293304,0.03984849257702446,0.048498733885024334,0.06817590424147801,0.431824095758522,0.03580765139613026,0.10122300286234713,0.698776997137653,0.06335350400514973,0.11969815248503773,0.7803018475149623,0.07253545487482287,0.12828519385896436,0.8217148061410355,0.07712643030965945,0.03340374305844307,0.008938580751419067,0.0231393463909626,0.020335700836522627,0.12020540661623227,16.917408557556005,0.5066385714267296,3843.0,0.5394494235515594,0.11387453973293304,0.04003032746558887,0.09624561385076379,0.07311995836586001,0.42688004163414,0.04642437519992729,0.12932604735883424,0.6706739526411658,0.07554705199741181,0.1600312256049961,0.7399687743950039,0.0896289834815203,0.1727816809784023,0.7772183190215977,0.09666994922357458,0.03479040414094925,0.009132256731390953,0.023041585460305214,1.0112545289936108,0.07356770833333333,12.104696723704452,0.5734370340337342,36.0,0.020335700836522627,0.12020540661623227,16.917408557556005,0.5066385714267296,3843.0,0.5394494235515594,0.04003032746558887,0.09624561385076379,0.5961077422084332
nist302-registered:00002334/00002334_1D_L_L01_BP_S21_1000PPI_8BPC_1CH_LP01-1_1,00002334,0.039877964734866045,0.17281156280069213,13.99267015028701,0.31868349439167276,1591.0,0.446758508682251,0.02321227267384529,0.032230165211111904,0.1544412896926863,14.917374682980796,0.3416720563174345,1591.0,0.4088628888130188,0.14747481048107147,0.06833932645885844,0.004179031132799536,0.08862350722815839,0.41137649277184163,0.05477508288146114,0.18541797611565053,0.6145820238843496,0.10798649797643378,0.21935889377749843,0.6806411062225016,0.12572363634142464,0.24512884978001256,0.7048711502199874,0.13459220552392007,0.05949702858924866,0.009031781926751137,0.0239222664386034,0.02861673056614695,0.14464618064261772,15.433799854675483,0.36018039587154277,1591.0,0.3698555827140808,0.14290866255760193,0.07798572864493508,0.08557157310335223,0.12822124450031427,0.37177875549968575,0.07759279606478683,0.26838466373350095,0.531615336266499,0.14743883282339548,0.35763670647391577,0.5423632935260843,0.18129770351535185,0.4186046511627907,0.5313953488372092,0.19822713886133014,0.07062618434429169,0.010015136562287807,0.02326711267232895,0.11848497071920129,nan,nan,nan,0.0,0.02861673056614695,0.14464618064261772,15.433799854675483,0.36018039587154277,1591.0,0.3698555827140808,0.07798572864493508,0.08557157310335223,0.9468203276867537
nist302-registered:00002334/00002334_1G_R_L01_BP_S21_1000PPI_8BPC_1CH_LP01-1_1,00002334,0.02447566716570277,0.13700523593025013,16.11265461223121,0.09705398988975701,589.0,0.37740063667297363,0.028001835569739342,0.01776898222003933,0.11453638993621075,17.503374472019846,0.11928122575303675,589.0,0.2990328371524811,0.12065731734037399,0.06683641474801535,-0.4423293647694178,0.15449915110356535,0.3455008488964346,0.05952714947771743,0.2835314091680815,0.5164685908319185,0.10620733706979475,0.3174872665534805,0.5825127334465195,0.1217673996004872,0.33276740237691,0.6172325976230899,0.12954743086583345,0.056684430688619614,0.009161914698779583,0.024986887350678444,0.017930023038699002,0.11504784899373208,17.464191524024898,0.11638065080764967,589.0,0.2893672585487366,0.12065731734037399,0.06855316645040802,-0.5272831379393574,0.14431239388794567,0.3556876061120543,0.06429240869038781,0.3395585738539898,0.46044142614601025,0.1320184553974958,0.4227504244482173,0.4772495755517827,0.16127474255644805,0.4533106960950764,0.49668930390492355,0.17590288613592425,0.06177897751331329,0.009683102369308472,0.02547118254005909,0.05508461394189717,nan,nan,nan,0.0,0.017930023038699002,0.11504784899373208,17.464191524024898,0.11638065080764967,589.0,0.2893672585487366,0.06855316645040802,-0.5272831379393574,0.9399770246984491
nist302-registered:00002334/00002334_1H_L_L01_BP_S21_1000PPI_8BPC_1CH_LP01-1_1,00002334,0.023726416720975883,0.12069663852592974,16.24767846098451,0.3424275244566713,3199.0,0.5069284439086914,0.016232077032327652,0.021883562524449948,0.11683514190674127,16.598819758136155,0.36399665450279256,3199.0,0.4745093882083893,0.11313383281230927,0.03219558901062382,0.31044811621684515,0.05626758361988121,0.4437324163801188,0.029741613808629212,0.09940606439512348,0.7005939356048766,0.05126754489679865,0.11659893716786496,0.7834010628321351,0.05844285525952179,0.1262894654579556,0.8237105345420443,0.062030510440883355,0.0271011795848608,0.006101659964770079,0.016468945890665054,0.021056828656315783,0.11538096330768803,16.766070367960022,0.3684556844855299,3199.0,0.4648652672767639,0.1016060933470726,0.035724827632613886,0.35312096570105456,0.06439512347608628,0.4356048765239137,0.03605281625428622,0.13097843075961238,0.6690215692403877,0.06595145708771562,0.16661456705220382,0.7333854329477962,0.08274787889957126,0.19506095654892153,0.7549390434510784,0.09114608980549914,0.0321100652217865,0.00668944651260972,0.016078965738415718,0.4017422697099743,0.0546875,7.736202104298057,0.4360391843150464,9.0,0.021056828656315783,0.11538096330768803,16.766070367960022,0.3684556844855299,3199.0,0.4648652672767639,0.035724827632613886,0.35312096570105456,0.7041036717062635
nist302-registered:00002334/00002334_1H_L_L01_BP_S21_1000PPI_8BPC_1CH_LP10-1_1,00002334,0.046782795789980965,0.18396822141526534,13.299138278479488,0.3616870698025996,4105.0,0.542456179857254,0.027517471462488174,0.03482184851053768,0.15850961861743998,14.581481781751007,0.4046338089344981,4105.0,0.5471031367778778,0.14990036189556122,0.08219989716208083,0.10245358483161884,0.14421437271619975,0.35578562728380025,0.07207996859765373,0.23678440925700364,0.5632155907429964,0.13050784260288661,0.29183922046285016,0.6081607795371499,0.1499838006046309,0.32935444579780754,0.6206455542021925,0.15972177960550307,0.0705888569355011,0.012498159892857075,0.026618249714374542,0.035387399947060166,0.16340467420913707,14.511513455322053,0.40939901614469615,4105.0,0.5520269870758057,0.14990036189556122,0.0811494331863869,0.2507984958562757,0.09524969549330085,0.40475030450669913,0.08610957984729749,0.27259439707673566,0.5274056029232643,0.15363501701009402,0.3663824604141291,0.5336175395858709,0.18611671026564683,0.43093788063337396,0.519062119366626,0.20235755689342333,0.07258634269237518,0.012903816066682339,0.025609057396650314,0.2885232181945668,0.07672991071428571,3.5740497755725564,0.3744079971696174,14.0,0.035387399947060166,0.16340467420913707,14.511513455322053,0.40939901614469615,4105.0,0.5520269870758057,0.0811494331863869,0.2507984958562757,0.8571975009562668
nist302-registered:00002334/00002334_1H_R_L01_BP_S21_1000PPI_8BPC_1CH_LP04-1_1,00002334,0.03779528549878449,0.15123731254245265,14.225623697277673,0.3687658667227342,3337.0,0.5769105553627014,0.017474070191383362,0.03895435199135391,0.15673499707336871,14.094440157770872,0.3508429217136807,3337.0,0.5553188025951385,0.1512373685836792,0.05783709529312849,0.07749947014093128,0.13095594845669764,0.36904405154330233,0.057062020702279184,0.21006892418339826,0.5899310758166018,0.09246184500992068,0.24003596044351214,0.6599640395564879,0.10426178644580117,0.2535211267605634,0.6964788732394366,0.11016175716374141,0.04836101830005646,0.007305650971829891,0.018027376383543015,0.03512464079790372,0.1482811217308759,14.543881083761438,0.3634709080053533,3337.0,0.5481402277946472,0.14041434228420258,0.06674361846145564,0.17972688047983612,0.1507341923883728,0.3492658076116272,0.07283759052377638,0.30656278094096495,0.4934372190590351,0.1291116157119632,0.3727899310758166,0.5272100689241834,0.15201060981103176,0.4075516931375487,0.5424483068624513,0.16346010686056608,0.05879854038357735,0.008039123378694057,0.018367592245340347,0.5824685364564849,0.06947544642857142,8.818441123870407,0.49256941701427204,14.0,0.03512464079790372,0.1482811217308759,14.543881083761438,0.3634709080053533,3337.0,0.5481402277946472,0.06674361846145564,0.17972688047983612,0.8004691394223721
nist302-registered:00002334/00002334_4G_X_066_IN_D800_1000PPI_8BPC_1CH_LP03-1_1,00002334,0.05510095462392489,0.19591715983821434,12.588408769320356,0.16971514426159479,3013.0,0.7106387913227081,0.030292553827166557,0.05285578856856075,0.1908129875075568,12.769074434422658,0.1651329146250257,3013.0,0.7105579078197479,0.1850278377532959,0.06908037412653245,-0.3999878349198625,0.11018918021905078,0.3898108197809492,0.06013967401950493,0.20942582144042482,0.5905741785595753,0.10963452859174917,0.23763690673747095,0.6623630932625291,0.1261328134491639,0.25290408230999006,0.6970959176900099,0.1343819558778713,0.05842540040612221,0.016043763607740402,0.03201362118124962,0.05202550828440721,0.1885625049644952,12.837836680786621,0.1724133967741105,3013.0,0.7110007107257843,0.1850278377532959,0.06338231914223755,-0.44116968114180255,0.15997344839030866,0.3400265516096913,0.07257030075159415,0.24261533355459675,0.5573846664454033,0.12208343401645212,0.27049452373050115,0.6295054762694989,0.14270160203454027,0.28708927978758714,0.6629107202124128,0.1530106860435844,0.054977286607027054,0.016008328646421432,0.031619466841220856,0.42720205142825984,nan,nan,nan,0.0,0.05202550828440721,0.1885625049644952,12.837836680786621,0.1724133967741105,3013.0,0.7110007107257843,0.06338231914223755,-0.44116968114180255,0.8433715220949264
nist302-registered:00002342/00002342_4F_X_452_IN_D800_1000PPI_8BPC_1CH_LP13-1_1,00002342,0.021105773743009797,0.12277392570199913,16.755987218720477,0.3797246320587367,895.0,0.5235885679721832,0.020604398101568222,0.01717395482931842,0.10443990974785895,17.65129683710708,0.4224923441743586,895.0,0.5543802678585052,0.11586581915616989,0.08145338153039942,-0.48612067614905435,0.22569832402234638,0.27430167597765365,0.06899793187999193,0.39106145251396646,0.4089385474860336,0.12907986548359834,0.43687150837988825,0.46312849162011177,0.14910717668480045,0.46145251396648046,0.4885474860335195,0.15912083228540153,0.0701294094324112,0.009534399956464767,0.020993942394852638,0.017361746536407232,0.104378791910976,17.60406588320188,0.4206354288649342,895.0,0.5593802630901337,0.11586581915616989,0.07693504010276865,-0.5623890582066129,0.26927374301675977,0.23072625698324023,0.0820627556832809,0.4480446927374302,0.35195530726256985,0.1458516653789488,0.5184357541899441,0.3815642458100559,0.17609869104024412,0.5441340782122905,0.4058659217877094,0.1912222038708919,0.0694064199924469,0.009292847476899624,0.0212392620742321,0.047932538929100224,nan,nan,nan,0.0,0.017361746536407232,0.104378791910976,17.60406588320188,0.4206354288649342,895.0,0.5593802630901337,0.07693504010276865,-0.5623890582066129,0.9369844489519946
nist302-registered:00002342/00002342_4F_X_462_IN_D800_1000PPI_8BPC_1CH_LP43-1_1,00002342,0.07535432309879421,0.21658635322759798,11.228918270375548,0.2884861704395128,1756.0,0.7958423346281052,0.019993703812360764,0.07549489135240343,0.21773338682762855,11.22082435556592,0.3068290998787379,1756.0,0.7977033108472824,0.21658611297607422,0.06159851778137385,-0.5433644386189559,0.12015945330296128,0.3798405466970387,0.05476355282823154,0.21127562642369022,0.5887243735763098,0.09787413195488394,0.23234624145785876,0.6676537585421413,0.11224432499710138,0.24031890660592256,0.7096810933940774,0.11942942151821012,0.05294378101825714,0.008508010767400265,0.021673835813999176,0.07511758273642055,0.21648525568849677,11.242583959965366,0.30632953009510566,1756.0,0.7979376167058945,0.21658611297607422,0.05861194645097303,-0.6022642326247949,0.1480637813211845,0.3519362186788155,0.05978689261272991,0.24658314350797267,0.5534168564920274,0.11143040699981882,0.2853075170842825,0.6146924829157175,0.13539566924723376,0.2966970387243736,0.6533029612756264,0.14737830037094127,0.05323070287704468,0.008892524987459183,0.02136377803981304,0.4066057678895772,nan,nan,nan,0.0,0.07511758273642055,0.21648525568849677,11.242583959965366,0.30632953009510566,1756.0,0.7979376167058945,0.05861194645097303,-0.6022642326247949,0.8667152221412965
nist302-registered:00002342/00002342_6E_X_153_BT_D800_1000PPI_8BPC_1CH_LP17-1_1,00002342,0.08830689957228334,0.24889532730484878,10.54005362910446,0.23038238495015254,3179.0,0.7417796105146408,0.03625856339931488,0.09916938859486137,0.2621761093530763,10.036223642970572,0.2378505318242795,3179.0,0.7707043886184692,0.24563422799110413,0.09736521711473985,0.0104466691323482,0.08965083359547027,0.41034916640452973,0.093638337541579,0.15885498584460522,0.6411450141553948,0.15541165942626764,0.1752123309216735,0.7247876690783266,0.17600276672116386,0.18339100346020762,0.7666089965397923,0.18629832036861202,0.08151392638683319,0.014512869529426098,0.034972287714481354,0.09555518373264409,0.25776014996141183,10.19745748112706,0.24429377472991332,3179.0,0.7329638004302979,0.24563422799110413,0.09481897143548314,-0.0017298430917630915,0.11324315822585719,0.3867568417741428,0.10585366339710157,0.18213274614658698,0.6178672538534131,0.18055558693262716,0.2025794274929223,0.6974205725070777,0.21435565954111171,0.21264548600188737,0.7373545139981126,0.23125569584535408,0.08352940529584885,0.014999323524534702,0.032728005200624466,0.3170021337540897,nan,nan,nan,0.0,0.09555518373264409,0.25776014996141183,10.19745748112706,0.24429377472991332,3179.0,0.7329638004302979,0.09481897143548314,-0.0017298430917630915,0.9417567674216716
nist302-registered:00002360/00002360_1D_L_L01_BP_S06_1000PPI_8BPC_1CH_LP01-1_1,00002360,0.023836608589962702,0.1259306519265549,16.227555348142754,0.3504681730203449,2333.0,0.4948832094669342,0.026194460690021515,0.023224966338018026,0.1258920181783749,16.340449067949713,0.3199519949347816,2333.0,0.4990778863430023,0.12593065202236176,0.05925971297966376,-0.028292323275722356,0.10158594084869267,0.39841405915130734,0.046466445148732084,0.23017573939134162,0.5698242606086584,0.09353621398436886,0.28804114873553366,0.6119588512644664,0.1092261369295811,0.3103300471495928,0.6396699528504072,0.11707109840218724,0.05154235661029816,0.010573902167379856,0.026565782725811005,0.02062494123205141,0.11777365004561563,16.8560728023899,0.33948780296770165,2333.0,0.4491065740585327,0.11439739912748337,0.07117655269105065,-0.001197363634793027,0.16759537076725248,0.3324046292327475,0.0678387640967831,0.3669095585083583,0.4330904414916417,0.1351607316995556,0.46463780540077154,0.4353621945992285,0.16645556985437734,0.5117873981997428,0.4382126018002571,0.18210298893178833,0.06434443593025208,0.011693079024553299,0.026563897728919983,0.11579258683806161,0.048828125,2.9072607702028597,0.4790906022249549,10.0,0.02062494123205141,0.11777365004561563,16.8560728023899,0.33948780296770165,2333.0,0.4491065740585327,0.07117655269105065,-0.001197363634793027,0.9013130029648454
nist302-registered:00002360/00002360_1D_R_L01_BP_S06_1000PPI_8BPC_1CH_LP03-1_1,00002360,0.04223275534742338,0.17284054229141577,13.743505834307507,0.21602722916658665,1658.0,0.5270194709300995,0.024106672033667564,0.035984321397848254,0.16180411340675538,14.438866829431072,0.20800771336042484,1658.0,0.48077982664108276,0.1563599556684494,0.06116801495646971,-0.08390029074005544,0.10434258142340169,0.3956574185765983,0.05752887798808021,0.15018094089264172,0.6498190591073583,0.09750491023351258,0.18516284680337755,0.7148371531966224,0.11083025431532337,0.20627261761158022,0.7437273823884197,0.11749292635622874,0.052346158772706985,0.00878378376364708,0.022468039765954018,0.03572758695428166,0.16147278905346252,14.469963151110042,0.21195172469697932,1658.0,0.4629800319671631,0.1563599556684494,0.06297939156434633,-0.1024088304009024,0.1272617611580217,0.3727382388419783,0.06951699509264045,0.21230398069963813,0.587696019300362,0.11831708151231483,0.26598311218335347,0.6340168878166466,0.14257597691133453,0.29794933655006034,0.6520506634499397,0.15470542461084444,0.056003205478191376,0.00927553791552782,0.022247275337576866,0.16096581390901898,nan,nan,nan,0.0,0.03572758695428166,0.16147278905346252,14.469963151110042,0.21195172469697932,1658.0,0.4629800319671631,0.06297939156434633,-0.1024088304009024,0.8950779200740626
nist302-registered:00002360/00002360_1E_L_L01_BP_S06_1000PPI_8BPC_1CH_LP02-1_1,00002360,0.018449767711826347,0.10748758976677562,17.340090973698036,0.2745544931117516,2307.0,0.3978346586227417,0.02716941200196743,0.01922476911401725,0.11504720361345404,17.161388672930013,0.25564173706340765,2307.0,0.4045773446559906,0.1014636680483818,0.08058427916133254,0.03708149310572556,0.18378846987429562,0.31621153012570435,0.07762832026952884,0.3281317728651929,0.47186822713480714,0.12863925076895172,0.399653229302124,0.500346770697876,0.1456428942687593,0.42782834850455137,0.5221716514954486,0.15414471601866309,0.06818033754825592,0.010664581321179867,0.028560426086187363,0.017512587029373933,0.10808284727329293,17.566496934601762,0.259884818615497,2307.0,0.40358272194862366,0.1014636680483818,0.07775146000355314,-0.12063601569073283,0.25444299956653665,0.24555700043346335,0.07722804163137348,0.40182054616384916,0.3981794538361509,0.1425659614152912,0.49501517121803207,0.40498482878196795,0.18062518413675563,0.5509319462505419,0.3990680537494581,0.19965479549748796,0.07185254991054535,0.010952123440802097,0.027704846113920212,0.24763832881948117,0.06700721153846154,4.882094960028371,0.3916448105580148,13.0,0.017512587029373933,0.10808284727329293,17.566496934601762,0.259884818615497,2307.0,0.40358272194862366,0.07775146000355314,-0.12063601569073283,0.914471172203131
nist302-registered:00002360/00002360_1E_R_L01_BP_S06_1000PPI_8BPC_1CH_LP01-1_1,00002360,0.03127625665235981,0.1467540983241202,15.04785231715394,0.3112586303565026,1855.0,0.4266372323036194,0.025103695690631866,0.02916093277361816,0.14333801639047916,15.351985883116692,0.3171806007664649,1855.0,0.4220731258392334,0.14362916350364685,0.04912528331389003,-0.038606865730932645,0.08409703504043127,0.41590296495956874,0.038517036029913354,0.1606469002695418,0.6393530997304583,0.07753962857382637,0.1876010781671159,0.7123989218328841,0.09054715942179738,0.20431266846361185,0.7456873315363881,0.0970509248457829,0.04246107116341591,0.009939382784068584,0.0246437881141901,0.030028251751930402,0.146769213017749,15.224699517367878,0.3162578469697168,1855.0,0.4099169373512268,0.142171248793602,0.05102184935542915,0.11043096943598962,0.08355795148247978,0.4164420485175202,0.05115832978824399,0.16981132075471697,0.6301886792452831,0.09455896483116714,0.2339622641509434,0.6660377358490566,0.11828894061139326,0.2706199460916442,0.6793800539083558,0.1301539285015064,0.04591213911771774,0.01059851422905922,0.024304453283548355,0.2505730655724194,nan,nan,nan,0.0,0.030028251751930402,0.146769213017749,15.224699517367878,0.3162578469697168,1855.0,0.4099169373512268,0.05102184935542915,0.11043096943598962,0.8902549267763514
nist302-registered:00002360/00002360_1G_L_L01_BP_S06_1000PPI_8BPC_1CH_LP01-1_1,00002360,0.026750486785759107,0.1433998831619437,15.726683105980609,0.20220452380376921,2080.0,0.38092949986457825,0.02275603637099266,0.01980576983529215,0.11990459110014713,17.032082722336042,0.2307855927857259,2080.0,0.382335901260376,0.1250293105840683,0.08197140639791121,-0.48740648800716074,0.15817307692307692,0.3418269230769231,0.06920886191611107,0.3326923076923077,0.46730769230769237,0.12987799578847795,0.37884615384615383,0.5211538461538462,0.15010104041260022,0.40048076923076925,0.5495192307692307,0.16021256272466136,0.06880591809749603,0.009650152176618576,0.02121652476489544,0.01916785774824263,0.116035849472078,17.174264223387013,0.2408437333549297,2080.0,0.3858881890773773,0.1250293105840683,0.09159381201124599,-0.5707300148193948,0.23221153846153847,0.26778846153846153,0.09631091499916063,0.4269230769230769,0.37307692307692314,0.17512960400718905,0.5365384615384615,0.3634615384615385,0.21042123720479694,0.5802884615384616,0.36971153846153837,0.22806705380360098,0.08123189210891724,0.009496383368968964,0.021699784323573112,0.4358879065778332,0.080078125,9.595825627296911,0.4968060394889663,2.0,0.01916785774824263,0.116035849472078,17.174264223387013,0.2408437333549297,2080.0,0.3858881890773773,0.09159381201124599,-0.5707300148193948,0.91937564499484
nist302-registered:00002360/00002360_1G_L_L01_BP_S06_1000PPI_8BPC_1CH_LP07-1_1,00002360,0.025844351813005716,0.13099679267819386,15.87634355644286,0.2685088186507932,1328.0,0.4390236735343933,0.03324387967586517,0.01989885729089661,0.11698590865336268,17.011718626107548,0.28998717299861765,1328.0,0.41999632120132446,0.1177830621600151,0.08749564162130097,-0.36367110633459926,0.16490963855421686,0.33509036144578314,0.07489934857620532,0.3674698795180723,0.43253012048192774,0.138733397289572,0.4186746987951807,0.4813253012048193,0.16001141352736087,0.4427710843373494,0.5072289156626506,0.17065042164625532,0.0753604918718338,0.01322802435606718,0.034250084310770035,0.018192743099118544,0.11192382706037488,17.40101813141409,0.2906157422825104,1328.0,0.40520572662353516,0.11755042523145676,0.08289521245393089,-0.3409809881907376,0.2003012048192771,0.2996987951807229,0.076891108432852,0.3832831325301205,0.41671686746987957,0.1515663072377084,0.5105421686746988,0.3894578313253012,0.19460685160011046,0.5670180722891566,0.3829819277108434,0.21612712378131163,0.0763196125626564,0.01338819321244955,0.0342613123357296,0.3063673417208612,nan,nan,nan,0.0,0.018192743099118544,0.11192382706037488,17.40101813141409,0.2906157422825104,1328.0,0.40520572662353516,0.08289521245393089,-0.3409809881907376,0.9291250254945952
nist302-registered:00002360/00002360_1G_L_L01_BP_S06_1000PPI_8BPC_1CH_LP10-1_1,00002360,0.031181829680967207,0.15460680052139353,15.060984049575055,0.4121440242849128,4482.0,0.38891083002090454,0.03320787474513054,0.026957256673252203,0.1353462626097831,15.69324306212721,0.46889872606532285,4482.0,0.3697054386138916,0.1471109390258789,0.05600221811501589,-0.7208757049137395,0.22043730477465417,0.2795626952253458,0.06100905886429434,0.2922802320392682,0.5077197679607319,0.09010423305895328,0.31459170013386883,0.5854082998661312,0.09980262445717293,0.3284248103525212,0.6215751896474788,0.10465182015628274,0.04687094688415527,0.01241812203079462,0.02925943396985531,0.02666742436607416,0.13399506123243618,15.740189279778416,0.4922971558234788,4482.0,0.39925748109817505,0.14150090515613556,0.057854448168076424,-0.6669194476038204,0.2458723784024989,0.25412762159750113,0.06600464436124606,0.3676929941990183,0.43230700580098175,0.11359995681957069,0.4080767514502454,0.4919232485497546,0.130122872932728,0.4203480589022758,0.5296519410977242,0.1383843309893067,0.05007731169462204,0.013435707427561283,0.03041590191423893,0.6669085872482827,0.07698170731707317,7.944904271398017,0.5557805681168602,41.0,0.02666742436607416,0.13399506123243618,15.740189279778416,0.4922971558234788,4482.0,0.39925748109817505,0.057854448168076424,-0.6669194476038204,0.7792293699355052
nist302-registered:00002360/00002360_1G_L_L01_BP_S06_1000PPI_8BPC_1CH_LP12-1_1,00002360,0.03783551719979285,0.16374381859269407,14.221003249848811,0.09093813501334433,576.0,0.4906248450279236,0.03285147249698639,0.03334943823567517,0.14476025906494921,14.769114772856994,0.12135486149292395,576.0,0.4865165650844574,0.15143097937107086,0.07633539026396143,-0.5545668500238616,0.1579861111111111,0.3420138888888889,0.06217697148935662,0.3732638888888889,0.42673611111111115,0.12072078254487778,0.4114583333333333,0.4885416666666667,0.1402353862300515,0.4340277777777778,0.5159722222222222,0.1499926880726384,0.06617704778909683,0.01040762197226286,0.03070753999054432,0.0315668918084269,0.14222460276343757,15.007681782250872,0.1302824130329142,576.0,0.4582335948944092,0.1425027996301651,0.08163068776283366,-0.4325447090146434,0.1909722222222222,0.3090277777777778,0.07833241316903797,0.4409722222222222,0.35902777777777783,0.15992494964868656,0.5208333333333334,0.37916666666666665,0.19140080643248636,0.5434027777777778,0.40659722222222217,0.20713873482438633,0.07389990240335464,0.011180475354194641,0.03041727840900421,0.4053236088618861,nan,nan,nan,0.0,0.0315668918084269,0.14222460276343757,15.007681782250872,0.1302824130329142,576.0,0.4582335948944092,0.08163068776283366,-0.4325447090146434,0.8948726772195458
nist302-registered:00002360/00002360_1G_R_L01_BP_S06_1000PPI_8BPC_1CH_LP01-1_1,00002360,0.01590199837546314,0.10314372132632359,17.985482952454948,0.26459903441813254,1210.0,0.2884073257446289,0.03347153961658478,0.012175795312736517,0.0868107397694233,19.145026614355462,0.27822677649175853,1210.0,0.31796175241470337,0.0951044037938118,0.09062319697427355,-0.39901579274386223,0.31983471074380165,0.18016528925619835,0.0791901118006588,0.5322314049586777,0.26776859504132233,0.1438538066414762,0.5702479338842975,0.3297520661157025,0.16540837158841534,0.5892561983471074,0.36074380165289255,0.1761856540618849,0.07658658921718597,0.014368514530360699,0.03448891267180443,0.010690850461222054,0.08018715157489147,19.709877451257,0.29098080501908363,1210.0,0.3024895489215851,0.0951044037938118,0.09657335832975017,-0.3158684347876286,0.4190082644628099,0.08099173553719008,0.09893655868108607,0.6355371900826446,0.1644628099173554,0.1865456426586986,0.71900826446281,0.18099173553719006,0.22317572579157247,0.7512396694214876,0.1987603305785124,0.2414907673580095,0.08561339229345322,0.015818746760487556,0.03479057177901268,0.32204198209923196,nan,nan,nan,0.0,0.010690850461222054,0.08018715157489147,19.709877451257,0.29098080501908363,1210.0,0.3024895489215851,0.09657335832975017,-0.3158684347876286,0.8884662576687117
nist302-registered:00002360/00002360_1G_R_L01_BP_S06_1000PPI_8BPC_1CH_LP02-1_1,00002360,0.02652192972308976,0.1418915584953258,15.763948800561021,0.28171338529796097,2982.0,0.42638668417930603,0.03370054066181183,0.019032360106512266,0.11252825542794706,17.205073537160803,0.29153895109722083,2982.0,0.4123866558074951,0.12696139514446259,0.08440534953979899,-0.5724325722922676,0.19047619047619047,0.30952380952380953,0.06880994027169418,0.380617035546613,0.419382964453387,0.1334890183368679,0.425888665325285,0.474111334674715,0.15504871102525913,0.4426559356136821,0.5073440643863179,0.16582855736945476,0.07277406007051468,0.015508554875850677,0.03482673317193985,0.017416893904656387,0.10641739720829696,17.59029293665113,0.30117485116961884,2982.0,0.4186015725135803,0.12696139514446259,0.08601713889032853,-0.5907537656680623,0.28303152246814217,0.21696847753185783,0.092512199384086,0.45439302481556004,0.34560697518444,0.16727370039418107,0.5120724346076458,0.3879275653923542,0.19675584339170063,0.5392354124748491,0.4107645875251509,0.21149691489046052,0.07679563760757446,0.016649287194013596,0.03359868377447128,0.40835839552458525,0.06282552083333333,7.231678712070931,0.4339188627164317,12.0,0.017416893904656387,0.10641739720829696,17.59029293665113,0.30117485116961884,2982.0,0.4186015725135803,0.08601713889032853,-0.5907537656680623,0.8200094607379376
nist302-registered:00002360/00002360_1G_R_L01_BP_S06_1000PPI_8BPC_1CH_LP03-1_1,00002360,0.03612058713519028,0.16557265199931118,14.422451989039125,0.38490093087088995,5209.0,0.4109431803226471,0.01837027072906494,0.02632999623569481,0.13588650070057878,15.795492029834527,0.43221578460953464,5209.0,0.35442864894866943,0.13482454419136047,0.07751513002792551,-0.4459050283975885,0.18813591860241888,0.31186408139758115,0.0710352372587654,0.33192551353426764,0.4680744864657324,0.12337621876776482,0.379343444039163,0.520656555960837,0.14082321260409794,0.39854098675369554,0.5514590132463044,0.1495467095222645,0.06608030945062637,0.009303176775574684,0.017658300697803497,0.026906763976472545,0.13716365832082367,15.701385308378608,0.4416924442933754,5209.0,0.35533517599105835,0.13482454419136047,0.07606429274773166,-0.5437668914437754,0.2244192743328854,0.2755807256671146,0.08507487023516383,0.36705701670186214,0.4329429832981379,0.14335117189788982,0.43098483394125553,0.4690151660587445,0.17189604278849094,0.46016509886734497,0.489834901132655,0.1861684782337916,0.0672411248087883,0.01051431242376566,0.020159127190709114,0.5407348703610396,0.08269817073170732,6.634544376264332,0.4488987189851424,41.0,0.026906763976472545,0.13716365832082367,15.701385308378608,0.4416924442933754,5209.0,0.35533517599105835,0.07606429274773166,-0.5437668914437754,0.803492552645095
nist302-registered:00002360/00002360_1G_R_L01_BP_S06_1000PPI_8BPC_1CH_LP09-1_1,00002360,0.039520691162766984,0.17009060317756775,14.031754688022481,0.31266765047315803,4817.0,0.4997093975543976,0.05838765203952789,0.03545749062237716,0.15919440644446164,14.502920032928387,0.3367947886115386,4817.0,0.47391942143440247,0.1592468023300171,0.05783781113405804,-0.540172183029868,0.13826032800498236,0.36173967199501766,0.05657206169173558,0.22316794685488894,0.5768320531451111,0.09241392287026061,0.2509860909279635,0.6490139090720366,0.10436120992976895,0.26261158397342743,0.6873884160265725,0.11033485345952314,0.04843249171972275,0.019029604271054268,0.05485115200281143,0.03432299454315959,0.1544664055573042,14.644148287243784,0.3454797196287817,4817.0,0.47404107451438904,0.1592468023300171,0.06189764248836171,-0.6008641297662944,0.18787627153830186,0.3121237284616981,0.06922802120100692,0.2939588955781607,0.5060411044218394,0.11735992090618409,0.34149885821050446,0.5585011417894956,0.13983599894492732,0.3632966576707494,0.5867033423292505,0.151074037964299,0.054552290588617325,0.021062567830085754,0.05631144717335701,0.5625246997011413,0.11341145833333334,11.834506288355103,0.597747026833342,30.0,0.03432299454315959,0.1544664055573042,14.644148287243784,0.3454797196287817,4817.0,0.47404107451438904,0.06189764248836171,-0.6008641297662944,0.7302115082663712
nist302-registered:00002360/00002360_1H_L_L01_BP_S06_1000PPI_8BPC_1CH_LP06-1_1,00002360,0.025703482785290915,0.12798576262519915,15.900080263981069,0.34007756923715604,1747.0,0.43026667833328247,0.011078712530434132,0.020133111208846966,0.11327717527022141,16.960891075540378,0.33463569335989957,1747.0,0.4061489403247833,0.12060583382844925,0.08467272028761996,0.31933092510414607,0.20263308528906698,0.297366914710933,0.0736678246436422,0.3331425300515169,0.46685746994848315,0.13437586289579417,0.4224384659416142,0.4775615340583858,0.1546118756465115,0.4653692043503148,0.48463079564968514,0.16472988202187014,0.07290177792310715,0.006659454200416803,0.011520227417349815,0.018229877596768647,0.10995505343318736,17.39216247374997,0.34035265056323055,1747.0,0.3716421127319336,0.10390055179595947,0.08747374262054905,0.5729783257077514,0.23755008586147683,0.26244991413852314,0.10023147472925165,0.4676588437321122,0.33234115626788785,0.1706734192937732,0.5603892386949055,0.3396107613050945,0.19666058962421543,0.6153405838580424,0.3346594161419576,0.20965417478943665,0.0765933096408844,0.006580842658877373,0.011910710483789444,0.20813986759439604,nan,nan,nan,0.0,0.018229877596768647,0.10995505343318736,17.39216247374997,0.34035265056323055,1747.0,0.3716421127319336,0.08747374262054905,0.5729783257077514,0.9398176921483323
nist302-registered:00002360/00002360_4G_X_336_IN_D800_1000PPI_8BPC_1CH_LP02-1_1,00002360,0.04211288470418498,0.16160846096785267,13.755850086818455,0.28118401948606925,2851.0,0.7376484572887421,0.023265773430466652,0.03862539436320763,0.1505619241235048,14.131270734210737,0.27312308045083405,2851.0,0.7421326339244843,0.14723576605319977,0.06266176681776123,-0.011678784517738457,0.12872676253945983,0.3712732374605402,0.0582487159384129,0.21746755524377412,0.5825324447562259,0.09981752182048315,0.25850578744300245,0.6414942125569976,0.11367379044783989,0.2820063135741845,0.6679936864258155,0.12060192476151826,0.05311717838048935,0.007349726743996143,0.024274319410324097,0.03797389906906462,0.14857719482162132,14.205148082528263,0.28313913380800465,2851.0,0.7422256171703339,0.14723576605319977,0.06036445819777317,0.00742237924181857,0.1592423710978604,0.34075762890213956,0.0696785540454892,0.27078218169063484,0.5292178183093652,0.11267168894749864,0.3202385128025254,0.5797614871974746,0.13508197846108672,0.34935110487548227,0.6006488951245177,0.14628712321788084,0.053595758974552155,0.0075987232849001884,0.02430860884487629,0.5960137615747961,0.06015625,9.303944957079215,0.5389606274638954,10.0,0.03797389906906462,0.14857719482162132,14.205148082528263,0.28313913380800465,2851.0,0.7422256171703339,0.06036445819777317,0.00742237924181857,0.8540344514959202
nist302-registered:00002360/00002360_5A_X_793_IN_D800_1000PPI_8BPC_1CH_LP04-1_1,00002360,0.08798371930557922,0.2501266624117009,10.555976831894796,0.265818132017847,1712.0,0.6713579893112183,0.02690397948026657,0.09640090086799115,0.2571066040719781,10.159189075891879,0.27560535196417296,1712.0,0.6871341317892075,0.250126451253891,0.07870272826925616,-0.31762179641198124,0.07359813084112149,0.4264018691588785,0.06767291171806995,0.16764018691588786,0.6323598130841122,0.12482138357569124,0.18457943925233644,0.7154205607476636,0.14387087419489833,0.18983644859813084,0.7601635514018691,0.1533956195045019,0.06926323473453522,0.009633276611566544,0.02744249813258648,0.09236459824621363,0.24989948585350938,10.344944544550842,0.274626578749859,1712.0,0.7094331234693527,0.22929421067237854,0.06365700973544042,-0.37257241258970136,0.07827102803738317,0.4217289719626168,0.05966391083653842,0.15478971962616822,0.6452102803738318,0.11606914614649295,0.20677570093457945,0.6932242990654206,0.14922519800314135,0.21962616822429906,0.7303738317757009,0.16580322393146563,0.05942409858107567,0.009571168571710587,0.0274362750351429,0.28676200705395133,nan,nan,nan,0.0,0.09236459824621363,0.24989948585350938,10.344944544550842,0.274626578749859,1712.0,0.7094331234693527,0.06365700973544042,-0.37257241258970136,0.8638949671772429
nist302-registered:00002360/00002360_5A_X_796_IN_D800_1000PPI_8BPC_1CH_LP01-1_1,00002360,0.027919394496612977,0.13068982977592414,15.540940047319456,0.41788178064187026,1189.0,0.4566558599472046,0.02324456162750721,0.019498022843100107,0.1071014597172292,17.100094251434182,0.46998607288597916,1189.0,0.4162377119064331,0.10323020070791245,0.09670470029090612,-0.04046106655318549,0.24978973927670312,0.2502102607232969,0.07593628197682817,0.43650126156433977,0.3634987384356603,0.15265067863404203,0.479394449116905,0.42060555088309504,0.17822214418644658,0.4920100925147183,0.4579899074852817,0.19100787696264893,0.08427412807941437,0.010014597326517105,0.026277102530002594,0.017867172296779036,0.09797702293570448,17.479441745832084,0.47239718520864166,1189.0,0.4431110620498657,0.09117823094129562,0.08139906778991494,-0.16932861275610991,0.3137089991589571,0.1862910008410429,0.0786996610130554,0.5046257359125316,0.2953742640874685,0.14748342196614528,0.5626576955424727,0.33734230445752733,0.19063300349513848,0.5811606391925989,0.3688393608074011,0.2122077942596352,0.07536616176366806,0.010127614252269268,0.026602691039443016,0.14623942362031128,nan,nan,nan,0.0,0.017867172296779036,0.09797702293570448,17.479441745832084,0.47239718520864166,1189.0,0.4431110620498657,0.08139906778991494,-0.16932861275610991,0.9408331122313611
nist302-registered:00002360/00002360_5A_X_796_IN_D800_1000PPI_8BPC_1CH_LP02-1_1,00002360,0.03805544188021589,0.15153975255694369,14.195832308891823,0.40113840714395654,721.0,0.6398517340421677,0.031608372926712036,0.01896749449288977,0.09729556239180359,17.21990033358949,0.451023012488131,721.0,0.7033995240926743,0.10636024922132492,0.09471709144594931,-0.11766933301572785,0.31484049930651875,0.18515950069348125,0.0747614669899008,0.5201109570041609,0.27988904299583917,0.14955178386791404,0.5312066574202496,0.3687933425797504,0.17448188949391846,0.5478502080443828,0.4021497919556172,0.18694694230692066,0.08390271663665771,0.013037567026913166,0.03628620505332947,0.017818304575461515,0.09086412164523433,17.491336217666422,0.4540770138771217,721.0,0.6979640573263168,0.09732282161712646,0.08322167228542798,-0.1792249530315313,0.3522884882108183,0.14771151178918168,0.07625025771196606,0.5547850208044383,0.2452149791955618,0.15063752881283565,0.6560332871012483,0.24396671289875171,0.19618686947057046,0.6712898751733704,0.2787101248266296,0.21896153979943797,0.07695085555315018,0.013551212847232819,0.03663352131843567,0.2258343174475713,nan,nan,nan,0.0,0.017818304575461515,0.09086412164523433,17.491336217666422,0.4540770138771217,721.0,0.6979640573263168,0.08322167228542798,-0.1792249530315313,0.9097886260694514
nist302-registered:00002360/00002360_6D_X_062_WT_D800_1000PPI_8BPC_1CH_LP03-1_1,00002360,0.07446778512938496,0.22019298629638112,11.280315630411604,0.3074613974425509,1011.0,0.5822715163230896,0.05595623329281807,0.06080108366975183,0.20645369396247448,12.160886801417501,0.32428458906871654,1011.0,0.5351911783218384,0.19311171770095825,0.09174325591732557,-0.001230676544625176,0.10682492581602374,0.39317507418397624,0.08549086998643318,0.1582591493570722,0.6417408506429279,0.14616397087463168,0.17210682492581603,0.7278931750741839,0.1663883378373645,0.17606330365974282,0.7739366963402572,0.17650052131873095,0.07763795554637909,0.020071106031537056,0.06379790604114532,0.05515859880819453,0.19623378157969398,12.58386774722409,0.3457690957565434,1011.0,0.5290983319282532,0.16466303169727325,0.09287477174962348,0.0055513640642867014,0.11869436201780416,0.38130563798219586,0.09602710287041527,0.20375865479723046,0.5962413452027696,0.1779011268909324,0.22551928783382788,0.6744807121661721,0.21344836256535893,0.24629080118694363,0.7037091988130564,0.23122198040257222,0.0822301059961319,0.02229352854192257,0.06057609245181084,0.16089835710889816,nan,nan,nan,0.0,0.05515859880819453,0.19623378157969398,12.58386774722409,0.3457690957565434,1011.0,0.5290983319282532,0.09287477174962348,0.0055513640642867014,0.8920282542885973
nist302-registered:00002372/00002372_1C_R_L01_BP_S12_1000PPI_8BPC_1CH_LP01-1_1,00002372,0.04025430690464345,0.1629865290232877,13.951876466040778,0.1700664689903358,2148.0,0.4301788806915283,0.010357778519392014,0.03470133664513459,0.1550357758693633,14.596537964936765,0.15787150911312559,2148.0,0.39775770902633667,0.15128064155578613,0.06755390411704168,0.275710934620838,0.09404096834264432,0.4059590316573557,0.05886782823716684,0.18342644320297952,0.6165735567970205,0.1072176389992792,0.23975791433891994,0.6602420856610801,0.12333424258664999,0.2676908752327747,0.6823091247672253,0.13139254438033537,0.05732400342822075,0.005195416044443846,0.01148886326700449,0.03204631863047135,0.14878942968681094,14.942218535180443,0.16542180851117969,2148.0,0.3919857144355774,0.14314496517181396,0.07133622184263212,0.3842740931184407,0.12756052141527002,0.37243947858473,0.07759890466706491,0.2504655493482309,0.5495344506517692,0.13365508707958226,0.34171322160148976,0.5582867783985103,0.1622718521648778,0.4138733705772812,0.5361266294227187,0.17658023470752568,0.06290112435817719,0.005591296125203371,0.011252785101532936,0.058282210779510554,nan,nan,nan,0.0,0.03204631863047135,0.14878942968681094,14.942218535180443,0.16542180851117969,2148.0,0.3919857144355774,0.07133622184263212,0.3842740931184407,0.9285477636664826
nist302-registered:00002372/00002372_1C_R_L01_BP_S12_1000PPI_8BPC_1CH_LP03-1_1,00002372,0.020557633114664662,0.11560436379084439,16.8702688891863,0.28745849617600516,838.0,0.3627389669418335,0.02028546668589115,0.018051106394435572,0.11040319370768235,17.43496174020242,0.3100607518144055,838.0,0.3604239225387573,0.10778369754552841,0.08846756138778814,0.2935171584884448,0.15035799522673032,0.3496420047732697,0.07751441592248356,0.36515513126491644,0.4348448687350836,0.14045278367393058,0.4295942720763723,0.4704057279236277,0.16143223959107955,0.4665871121718377,0.4834128878281623,0.17192196754965405,0.07429482787847519,0.008107302710413933,0.02027525007724762,0.015858169015000975,0.10405198586015542,17.99746957786757,0.31979322395916443,838.0,0.308189332485199,0.10543432086706161,0.09228754491127635,0.38963253229592654,0.2494033412887828,0.25059665871121717,0.10564228086810123,0.4451073985680191,0.3548926014319809,0.17688213686029777,0.5584725536992841,0.34152744630071596,0.20677518360405658,0.6085918854415274,0.34140811455847253,0.22172170697593604,0.07979672402143478,0.009085249155759811,0.019500160589814186,0.07337561615485835,nan,nan,nan,0.0,0.015858169015000975,0.10405198586015542,17.99746957786757,0.31979322395916443,838.0,0.308189332485199,0.09228754491127635,0.38963253229592654,0.9510559231396719
nist302-registered:00002372/00002372_1D_L_L01_BP_S12_1000PPI_8BPC_1CH_LP03-1_1,00002372,0.03687932770497989,0.15691508148883412,14.332170045565512,0.2589965718968262,2507.0,0.43907666206359863,0.013674452900886536,0.03591193418502167,0.15775887069589928,14.447612035272128,0.20181378526078264,2507.0,0.45440149307250977,0.15691518783569336,0.06979281273456889,-0.021212641476138907,0.12883925009972078,0.37116074990027925,0.06636429017266288,0.23015556441962504,0.569844435580375,0.11132564811911962,0.29357798165137616,0.6064220183486239,0.12631276743460518,0.31711208615875547,0.6328879138412444,0.133806327092348,0.05970221757888794,0.006052176468074322,0.012029016390442848,0.034258570341062416,0.15481594906273619,14.65230764719685,0.1986577525986231,2507.0,0.44697731733322144,0.15569578111171722,0.07242486558975768,0.21708713572418456,0.14678899082568808,0.3532110091743119,0.06968827216057935,0.27802153968887117,0.5219784603111288,0.13362291761613432,0.36178699641005185,0.5382130035899482,0.16902729680885767,0.4303948942959713,0.5196051057040287,0.18672948640521944,0.0657924935221672,0.006236003711819649,0.011850505135953426,0.10928985213156346,nan,nan,nan,0.0,0.034258570341062416,0.15481594906273619,14.65230764719685,0.1986577525986231,2507.0,0.44697731733322144,0.07242486558975768,0.21708713572418456,0.935210181257231
nist302-registered:00002372/00002372_1D_R_L01_BP_S12_1000PPI_8BPC_1CH_LP03-1_1,00002372,0.016424725999044893,0.09616710964898417,17.84501866705497,0.3299380980247386,1330.0,0.3953362703323364,0.004804004915058613,0.015288980881183778,0.09804842082181371,18.156214624247692,0.29507790169979337,1330.0,0.3521813154220581,0.09616711735725403,0.05761091723926085,0.5130982163506855,0.09849624060150376,0.40150375939849625,0.053828128096752595,0.18796992481203006,0.6120300751879699,0.09179918866856654,0.22105263157894736,0.6789473684210526,0.10445620885917119,0.23909774436090225,0.7109022556390977,0.1107847189544735,0.0484684593975544,0.002941073849797249,0.006414898671209812,0.014242630126842308,0.0944855119724919,18.464098039505245,0.306607715757091,1330.0,0.3541349172592163,0.09274325519800186,0.05815179947922403,0.5167895707370619,0.12631578947368421,0.3736842105263158,0.06497308320008723,0.2714285714285714,0.5285714285714287,0.11170018636642541,0.32030075187969925,0.5796992481203007,0.1314799270504399,0.3548872180451128,0.5951127819548871,0.1413697973924472,0.05047463998198509,0.002983287675306201,0.005995535757392645,0.08064013343496101,nan,nan,nan,0.0,0.014242630126842308,0.0944855119724919,18.464098039505245,0.306607715757091,1330.0,0.3541349172592163,0.05815179947922403,0.5167895707370619,0.9516310461192351
nist302-registered:00002372/00002372_1D_R_L01_BP_S12_1000PPI_8BPC_1CH_LP07-1_1,00002372,0.023114083885784703,0.1300244666504168,16.361233149117286,0.3305013594348224,1413.0,0.41745004057884216,0.0132870152592659,0.022327470911936542,0.1276255244493316,16.511604677568357,0.3622671129731515,1413.0,0.34871190786361694,0.12915009260177612,0.08143800057085879,-0.04736988970312971,0.16914366595895258,0.3308563340410474,0.07952850055205257,0.28096249115357397,0.5190375088464261,0.13010985091149344,0.3305024769992923,0.5694975230007078,0.14697030103130704,0.3503184713375796,0.5996815286624204,0.15540052609121388,0.06804054230451584,0.006139674223959446,0.015029910951852798,0.019997249608641177,0.11994116806595864,16.990297324325145,0.3765207558312035,1413.0,0.35198158025741577,0.11480390280485153,0.07872802456041886,0.16716609693741888,0.16985138004246284,0.3301486199575372,0.08741516872491722,0.35314932767162066,0.4468506723283794,0.15094694017478108,0.43524416135881105,0.46475583864118897,0.1782014287549472,0.47983014861995754,0.4701698513800424,0.19182867304503032,0.0686601847410202,0.006443175021559,0.014685300178825855,0.09241005065514869,nan,nan,nan,0.0,0.019997249608641177,0.11994116806595864,16.990297324325145,0.3765207558312035,1413.0,0.35198158025741577,0.07872802456041886,0.16716609693741888,0.9343540037449058
nist302-registered:00002372/00002372_1E_R_L01_BP_S12_1000PPI_8BPC_1CH_LP04-1_1,00002372,0.03738946946207033,0.1626247479233174,14.272506972242237,0.299910020716552,4091.0,0.4788084626197815,0.03670583665370941,0.029232776835120846,0.14614725241856888,15.341299288474634,0.35659055049561417,4091.0,0.43027108907699585,0.14512625336647034,0.08184436009525234,-0.2494672702973069,0.16450745538988024,0.3354925446101198,0.07622935819439362,0.2996822292837937,0.5003177707162063,0.13038947596231787,0.35761427523832806,0.5423857247616719,0.14844284855162593,0.37130285993644585,0.5786971400635541,0.15746953484627998,0.069069504737854,0.017586400732398033,0.036805905401706696,0.029488614300353964,0.1485091613633392,15.303456349032466,0.37161551136900195,4091.0,0.43050938844680786,0.14512625336647034,0.07721396746276439,-0.3548942578641929,0.18577364947445613,0.3142263505255439,0.08792203721237253,0.32363725250549985,0.4763627474945002,0.1486322269896312,0.39208017599608896,0.5079198240039111,0.17406162809688921,0.42556832070398437,0.5244316792960155,0.1867763286505183,0.06746813654899597,0.01648234762251377,0.03676048666238785,0.7253679649112286,0.04616477272727273,5.870879609883634,0.5588669101867489,22.0,0.029488614300353964,0.1485091613633392,15.303456349032466,0.37161551136900195,4091.0,0.43050938844680786,0.07721396746276439,-0.3548942578641929,0.7742487434498984
nist302-registered:00002372/00002372_1G_L_L01_BP_S12_1000PPI_8BPC_1CH_LP02-1_1,00002372,0.06287897407901616,0.21493457327487875,12.014945527742608,0.4135725045867934,5128.0,0.45403456687927246,0.027158422395586967,0.059043794071244625,0.20756636876118909,12.28825743135159,0.42119988705546635,5128.0,0.4188251495361328,0.20571334660053253,0.044481074236995904,-0.41531260610686244,0.09145865834633385,0.4085413416536662,0.041627117588116484,0.16575663026521062,0.6342433697347895,0.0708843231143055,0.18350234009360375,0.7164976599063962,0.0806367249563685,0.19130265210608424,0.7586973478939157,0.08551292587740002,0.03764256462454796,0.009900212287902832,0.025502488017082214,0.05840227583758697,0.20728906110951942,12.335702288388394,0.433506953609872,5128.0,0.4231123924255371,0.20516222715377808,0.055857601568869986,-0.5587482686951979,0.13943057722308894,0.36056942277691106,0.05722054033198753,0.2314742589703588,0.5685257410296413,0.1025043839829946,0.2620904836193448,0.6379095163806552,0.12850231277217353,0.2765210608424337,0.6734789391575662,0.14150127716676308,0.05147640034556389,0.010274446569383144,0.026668909937143326,0.704046103871854,0.06589988425925926,8.131039436580684,0.5370667617661181,54.0,0.05840227583758697,0.20728906110951942,12.335702288388394,0.433506953609872,5128.0,0.4231123924255371,0.055857601568869986,-0.5587482686951979,0.6527671651566422
nist302-registered:00002372/00002372_1H_R_L01_BP_S12_1000PPI_8BPC_1CH_LP10-1_1,00002372,0.02712769492328487,0.12241121579909466,15.665871072567668,0.24065738441902743,1183.0,0.4641399383544922,0.035442251712083817,0.02383322897855475,0.11999292808977709,16.228171144907655,0.20688992564893696,1183.0,0.46369075775146484,0.10881540179252625,0.07915196661614607,0.49867545811513014,0.16990701606086223,0.3300929839391378,0.07881673633901123,0.30346576500422656,0.4965342349957735,0.12660962355812022,0.3609467455621302,0.5390532544378699,0.14254058596448985,0.39391377852916315,0.5560862214708369,0.1505060671676747,0.06625588983297348,0.01305258460342884,0.030544208362698555,0.02278753011780166,0.11865008718767917,16.4230274433866,0.20950927414001982,1183.0,0.4519192576408386,0.10881540179252625,0.0789878645301078,0.6204224800232221,0.19949281487743026,0.30050718512256974,0.089251885891263,0.37700760777683856,0.4229923922231615,0.1506454862333009,0.4691462383770076,0.43085376162299244,0.177977701066816,0.5291631445477599,0.42083685545224003,0.19164380848357362,0.06837369501590729,0.012961291708052158,0.030582845211029053,0.06841543801456705,nan,nan,nan,0.0,0.02278753011780166,0.11865008718767917,16.4230274433866,0.20950927414001982,1183.0,0.4519192576408386,0.0789878645301078,0.6204224800232221,0.9258111853905103
