sample_id,subject_id,heldout_q1_mse,heldout_q1_mae,heldout_q1_psnr,heldout_q1_ssim_map_mean,heldout_q1_pixels,heldout_q1_max_absolute_error,heldout_q1_orientation_error,heldout_q1_ridge_frequency_mae_cpx,heldout_q1_ridge_period_mae_pixels,heldout_q1_ridge_frequency_relative_mae,heldout_q1_ridge_frequency_windows,background_darkness,predicted_support_iou,background_pixels
nist302-registered:00002304/00002304_1C_R_L01_BP_S22_1000PPI_8BPC_1CH_LP03-1_1,00002304,0.019155531208708634,0.1178770738594029,17.17705799942347,0.18980865928189,436.0,0.38319939374923706,0.2343668959377616,nan,nan,nan,0.0,0.02372135780751705,0.9409020217729394,6669.0
nist302-registered:00002304/00002304_1F_R_L01_BP_S22_1000PPI_8BPC_1CH_LP03-1_1,00002304,0.019971418229622975,0.11807010552803186,16.995910934953802,0.1854372370190039,1461.0,0.565858855843544,0.173429716201417,0.18984375,7.2018512277544415,2.167158381890373,5.0,0.024843890219926834,0.9419538740606375,5442.0
nist302-registered:00002304/00002304_1F_R_L01_BP_S22_1000PPI_8BPC_1CH_LP06-1_1,00002304,0.02153962044512626,0.1259733788422994,16.66761953778964,0.25600868346698563,2664.0,0.3875386416912079,0.47865503550428473,0.12191611842105263,4.1655425967131166,1.0915242870891226,19.0,0.012104546651244164,0.9440668365902011,9617.0
nist302-registered:00002304/00002304_2A_X_L02_BP_S22_1000PPI_8BPC_1CH_LP08-1_1,00002304,0.03163787385740252,0.14246040388334508,14.997927098464078,0.22402100503104738,3190.0,0.5926311016082764,0.3246701828064951,nan,nan,nan,0.0,0.036476980894804,0.9513970415590515,4083.0
nist302-registered:00002304/00002304_5A_X_647_IN_D800_1000PPI_8BPC_1CH_LP04-1_1,00002304,0.02134034531024469,0.12289170016166057,16.707985574925942,0.34167159034167016,1741.0,0.4258331060409546,0.30051083301677717,nan,nan,nan,0.0,0.008079214952886105,0.9158144041339218,7164.0
nist302-registered:00002304/00002304_5A_X_648_IN_D800_1000PPI_8BPC_1CH_LP04-1_1,00002304,0.018213846343574452,0.11389887932711427,17.395983315583095,0.2300964597162281,954.0,0.4100711941719055,0.408648192588396,nan,nan,nan,0.0,0.013434999622404575,0.9316031359826981,9353.0
nist302-registered:00002304/00002304_6C_X_222_BT_D800_1000PPI_8BPC_1CH_LP01-1_1,00002304,0.006440793651972725,0.06124198356998405,21.910606144048902,0.19881222502437146,299.0,0.23481708765029907,0.05451767172949367,nan,nan,nan,0.0,0.038683775812387466,0.9226114960476237,6928.0
nist302-registered:00002304/00002304_7D_X_065_CA_D800_1000PPI_8BPC_1CH_LP03-1_1,00002304,0.023336161046881947,0.12288655014171632,16.319705867346773,0.6148824249289973,607.0,0.4137226343154907,0.03518894914407348,nan,nan,nan,0.0,0.032693713903427124,0.9477224350787569,5108.0
nist302-registered:00002304/00002304_7D_X_066_CA_D800_1000PPI_8BPC_1CH_LP45-1_1,00002304,0.022307357656401072,0.11890006610058618,16.51551869573022,0.38567481839835366,1915.0,0.4158288836479187,0.2779080819489853,0.13541666666666666,6.227536224228885,1.487785748202415,6.0,0.010269764810800552,0.945995145631068,4949.0
nist302-registered:00002325/00002325_1H_R_L01_BP_S21_1000PPI_8BPC_1CH_LP03-1_1,00002325,0.01748920735899524,0.11589051228188071,17.57229873049348,0.26270815197813113,1434.0,0.27787840366363525,1.0146479678304647,nan,nan,nan,0.0,0.006485480349510908,0.8887231503579952,9826.0
nist302-registered:00002325/00002325_4A_X_606_IN_D800_1000PPI_8BPC_1CH_LP01-1_1,00002325,0.02020553124127259,0.12715267289158858,16.945297266556192,0.28214351280998545,2364.0,0.48763465881347656,0.4752942974141792,nan,nan,nan,0.0,0.016963928937911987,0.8374855156431055,6429.0
nist302-registered:00002325/00002325_6E_X_074_BT_D800_1000PPI_8BPC_1CH_LP08-1_1,00002325,0.08591378428839516,0.2609571109179163,10.659371509520026,0.6760299769159649,274.0,0.5740800201892853,0.05881721035074278,nan,nan,nan,0.0,0.055895861238241196,0.9521503611293499,4757.0
nist302-registered:00002325/00002325_6E_X_074_BT_D800_1000PPI_8BPC_1CH_LP14-1_1,00002325,0.0752029525949018,0.23755032182401523,11.237651079389392,0.21646560569999185,3558.0,0.7236514538526535,0.5542359441564819,0.19921875,3.1234449760765552,1.1590909090909092,1.0,0.1148352101445198,0.8930365040101942,4036.0
nist302-registered:00002325/00002325_6E_X_074_BT_D800_1000PPI_8BPC_1CH_LP18-1_1,00002325,0.0412286569249183,0.1637361101251283,13.848008126543137,0.3360770147367697,1571.0,0.6038446426391602,0.36902191599083045,nan,nan,nan,0.0,0.0703328549861908,0.8752285191956124,6578.0
nist302-registered:00002325/00002325_6E_X_074_BT_D800_1000PPI_8BPC_1CH_LP21-1_1,00002325,0.06971690434680482,0.22170994954620615,11.566619051958437,0.28922631337831595,3240.0,0.676327645778656,0.1524938983389066,0.06673177083333333,7.071053453112729,0.4668978680429783,12.0,0.024088280275464058,0.8747716326191662,4648.0
nist302-registered:00002325/00002325_6E_X_074_BT_D800_1000PPI_8BPC_1CH_LP23-1_1,00002325,0.02892089209391322,0.13016863602427808,15.387883149221668,0.4500906586470224,1065.0,0.6645142734050751,0.10581928164824021,nan,nan,nan,0.0,0.036427538841962814,0.9120978249974943,7149.0
nist302-registered:00002325/00002325_6E_X_074_BT_D800_1000PPI_8BPC_1CH_LP26-1_1,00002325,0.0369702579267642,0.15534901594624775,14.321475195167043,0.31964856099306477,2817.0,0.6237350702285767,0.12615171715424758,0.0869140625,2.99789428568089,0.7604103911904351,4.0,0.0405251644551754,0.8701713621841417,6706.0
nist302-registered:00002326/00002326_1C_L_L01_BP_S06_1000PPI_8BPC_1CH_LP03-1_1,00002326,0.02015742644603405,0.12138068344978546,16.95564916255873,0.282548646177752,2746.0,0.4147936701774597,0.3597583644370079,nan,nan,nan,0.0,0.00423584645614028,0.8663079890366461,6575.0
nist302-registered:00002326/00002326_1F_R_L01_BP_S06_1000PPI_8BPC_1CH_LP01-1_1,00002326,0.013705152192688275,0.0966807912307224,18.631161373533985,0.33514031515310566,1740.0,0.39742082357406616,0.11462725344927019,nan,nan,nan,0.0,0.019192814826965332,0.9324984728161271,7034.0
nist302-registered:00002326/00002326_1F_X_L01_BP_S06_1000PPI_8BPC_1CH_LP03-1_1,00002326,0.01469697313987721,0.10115223503189869,18.327720995379465,0.33136610115327947,1856.0,0.3159141540527344,0.28538960036629746,nan,nan,nan,0.0,0.03910786658525467,0.8519760235700498,7873.0
nist302-registered:00002326/00002326_1F_X_L01_BP_S06_1000PPI_8BPC_1CH_LP06-1_1,00002326,0.01923442354559679,0.11790701616750031,17.159208249390655,0.18712914867254044,1053.0,0.42093512415885925,0.2006542034863411,nan,nan,nan,0.0,0.005074883811175823,0.9518633540372671,9414.0
nist302-registered:00002326/00002326_1G_L_L01_BP_S06_1000PPI_8BPC_1CH_LP04-1_1,00002326,0.02292145213988435,0.12386492665236414,16.397578720291957,0.32213473374603946,5678.0,0.4068613648414612,0.3537912414338895,0.09979248046875,4.398194322442576,0.9265151540098658,64.0,0.03759141266345978,0.6924720738222438,7556.0
nist302-registered:00002326/00002326_1G_R_L01_BP_S06_1000PPI_8BPC_1CH_LP08-1_1,00002326,0.039837321523850694,0.1604553883047738,13.997098692070827,0.220002148312813,767.0,0.5240943729877472,0.19096282750398458,nan,nan,nan,0.0,0.010129065252840519,0.9391290270357778,10465.0
nist302-registered:00002326/00002326_4D_X_288_IN_D800_1000PPI_8BPC_1CH_LP01-1_1,00002326,0.026594060228311546,0.13040802421289333,15.752153520202114,0.4381304343414564,2125.0,0.5801833868026733,0.16476656405697612,nan,nan,nan,0.0,0.00835417304188013,0.9182984965163183,2773.0
nist302-registered:00002326/00002326_6A_X_163_BT_D800_1000PPI_8BPC_1CH_LP01-1_1,00002326,0.0735938194849398,0.2293286997737478,11.331586568077833,0.23041333667039618,3707.0,0.6818429976701736,0.26267979848360845,0.0802951388888889,5.531877435560024,1.018534696514434,9.0,0.03139972686767578,0.8960560596532208,5663.0
nist302-registered:00002326/00002326_6C_X_083_BT_D800_1000PPI_8BPC_1CH_LP17-1_1,00002326,0.012179076523357035,0.08448980744494948,19.14385640768415,0.39993097406294925,1075.0,0.4328182339668274,0.18245026137328602,nan,nan,nan,0.0,0.04215201735496521,0.9219143576826196,6070.0
nist302-registered:00002326/00002326_6C_X_083_BT_D800_1000PPI_8BPC_1CH_LP25-1_1,00002326,0.014451564111143785,0.09441333079265496,18.40085146120058,0.3466679005114003,657.0,0.4549028277397156,0.24905232319942353,nan,nan,nan,0.0,0.06061688810586929,0.904212299915754,5592.0
nist302-registered:00002326/00002326_6C_X_083_BT_D800_1000PPI_8BPC_1CH_LP27-1_1,00002326,0.018613108617098955,0.10861762971608799,17.30181088314248,0.2738419414050785,2745.0,0.461961567401886,0.6125582411311316,0.0849609375,5.007850204104266,1.0111097015491737,8.0,0.05457974225282669,0.8048148148148148,7340.0
nist302-registered:00002334/00002334_1C_L_L01_BP_S21_1000PPI_8BPC_1CH_LP06-1_1,00002334,0.01860908880651985,0.12118163190718091,17.30274891565019,0.4591797260040693,3843.0,0.4203627109527588,1.3844141926681013,0.06260850694444445,4.032084824862879,0.5936154812949882,36.0,0.009081894531846046,0.5961077422084332,9526.0
nist302-registered:00002334/00002334_1D_L_L01_BP_S21_1000PPI_8BPC_1CH_LP01-1_1,00002334,0.0183819690970374,0.11266850231954094,17.3560796834856,0.3183290889866822,1591.0,0.45462745428085327,0.13745424888348684,nan,nan,nan,0.0,0.012754570692777634,0.9468203276867537,9555.0
nist302-registered:00002334/00002334_1G_R_L01_BP_S21_1000PPI_8BPC_1CH_LP01-1_1,00002334,0.0085839977450206,0.07492507075818164,20.663104051293885,0.2479369039474705,589.0,0.3013971149921417,0.061970846487604196,nan,nan,nan,0.0,0.015497255139052868,0.9399770246984491,9831.0
nist302-registered:00002334/00002334_1H_L_L01_BP_S21_1000PPI_8BPC_1CH_LP01-1_1,00002334,0.01431207229775198,0.09790186244422625,18.44297478586894,0.36919070455111164,3199.0,0.4374323785305023,0.4460834432123052,0.07682291666666667,6.589722119162352,0.7339433661272742,9.0,0.005436460487544537,0.7041036717062635,9078.0
nist302-registered:00002334/00002334_1H_L_L01_BP_S21_1000PPI_8BPC_1CH_LP10-1_1,00002334,0.01933840933518898,0.11642603787086478,17.135792513161242,0.30045374324063884,4105.0,0.49924740195274353,0.3110441592082993,0.10100446428571429,3.0367653433533577,0.7340250052428658,14.0,0.013066940940916538,0.8571975009562668,8934.0
nist302-registered:00002334/00002334_1H_R_L01_BP_S21_1000PPI_8BPC_1CH_LP04-1_1,00002334,0.01615665530332588,0.10290711432257776,17.91648540445919,0.33396757777704245,3337.0,0.37698739767074585,0.9469868237435435,0.076171875,2.8712705641573635,0.6350957940650879,14.0,0.006685292813926935,0.8004691394223721,9690.0
nist302-registered:00002334/00002334_4G_X_066_IN_D800_1000PPI_8BPC_1CH_LP03-1_1,00002334,0.05318404697068034,0.1875432629868947,12.742186186749496,0.136204365175653,3013.0,0.7175633311271667,0.4671791543667687,nan,nan,nan,0.0,0.044279515743255615,0.8433715220949264,4890.0
nist302-registered:00002342/00002342_4F_X_452_IN_D800_1000PPI_8BPC_1CH_LP13-1_1,00002342,0.017557976732875995,0.10037906401317213,17.555255308201726,0.43063003987293813,895.0,0.6046643704175949,0.05124078330971909,nan,nan,nan,0.0,0.014630341902375221,0.9369844489519946,9279.0
nist302-registered:00002342/00002342_4F_X_462_IN_D800_1000PPI_8BPC_1CH_LP43-1_1,00002342,0.07821200317029697,0.22187077644406256,11.067265907944613,0.28845011603909726,1756.0,0.8007804602384567,0.37002913496936773,nan,nan,nan,0.0,0.015299646183848381,0.8667152221412965,8381.0
nist302-registered:00002342/00002342_6E_X_153_BT_D800_1000PPI_8BPC_1CH_LP17-1_1,00002342,0.05872517237366815,0.1968187975804736,12.311756997811266,0.26987638346202514,3179.0,0.6827536821365356,0.27064041774736564,nan,nan,nan,0.0,0.034344349056482315,0.9417567674216716,4133.0
nist302-registered:00002360/00002360_1D_L_L01_BP_S06_1000PPI_8BPC_1CH_LP01-1_1,00002360,0.015421316272230926,0.10239435888849202,18.118785558979308,0.28449672416301247,2333.0,0.3621401786804199,0.242903451318723,0.124609375,4.811869322899242,1.2818042343223277,10.0,0.012474581599235535,0.9013130029648454,11923.0
nist302-registered:00002360/00002360_1D_R_L01_BP_S06_1000PPI_8BPC_1CH_LP03-1_1,00002360,0.022621074805105622,0.1257858403449467,16.454867640950415,0.2448035817946348,1658.0,0.421903133392334,0.1506034702667298,nan,nan,nan,0.0,0.010928909294307232,0.8950779200740626,10172.0
nist302-registered:00002360/00002360_1E_L_L01_BP_S06_1000PPI_8BPC_1CH_LP02-1_1,00002360,0.014406790389715797,0.097306544459326,18.414327625097748,0.21516745155552397,2307.0,0.40566039085388184,0.23843176656526036,0.11899038461538461,3.4745426005948037,1.0135112452227342,13.0,0.010421636514365673,0.914471172203131,11442.0
nist302-registered:00002360/00002360_1E_R_L01_BP_S06_1000PPI_8BPC_1CH_LP01-1_1,00002360,0.02521618221574685,0.12876383436497332,15.983206659050275,0.279085096183571,1855.0,0.4766199290752411,0.2515392758730968,nan,nan,nan,0.0,0.009694097563624382,0.8902549267763514,11134.0
nist302-registered:00002360/00002360_1G_L_L01_BP_S06_1000PPI_8BPC_1CH_LP01-1_1,00002360,0.018078464897645287,0.1130800616569244,17.42838449678481,0.15535402848602484,2080.0,0.43831825256347656,0.3767833621168982,0.1015625,2.3667533657227917,0.625725900116144,2.0,0.011601647362112999,0.91937564499484,8909.0
nist302-registered:00002360/00002360_1G_L_L01_BP_S06_1000PPI_8BPC_1CH_LP07-1_1,00002360,0.016289613946682584,0.09945590533764966,17.880892080679292,0.29723091565317095,1328.0,0.3864142596721649,0.27235230293801915,nan,nan,nan,0.0,0.03246006742119789,0.9291250254945952,7221.0
nist302-registered:00002360/00002360_1G_L_L01_BP_S06_1000PPI_8BPC_1CH_LP10-1_1,00002360,0.03594722019044108,0.16810999063310322,14.443346881080725,0.3359166648392749,4482.0,0.42919331789016724,0.7539402001870641,0.12614329268292682,7.548400013434401,1.022611525240201,41.0,0.02675069309771061,0.7792293699355052,4811.0
nist302-registered:00002360/00002360_1G_L_L01_BP_S06_1000PPI_8BPC_1CH_LP12-1_1,00002360,0.01890320120936155,0.1065826437746485,17.23464642925415,0.13445890824936102,576.0,0.43509232997894287,0.3753627811293,nan,nan,nan,0.0,0.019379112869501114,0.8948726772195458,11182.0
nist302-registered:00002360/00002360_1G_R_L01_BP_S06_1000PPI_8BPC_1CH_LP01-1_1,00002360,0.009345111991708767,0.07756478022937932,20.294154896741592,0.2648930285880384,1210.0,0.3571692705154419,0.3119210188513533,nan,nan,nan,0.0,0.024848636239767075,0.8884662576687117,9104.0
nist302-registered:00002360/00002360_1G_R_L01_BP_S06_1000PPI_8BPC_1CH_LP02-1_1,00002360,0.021177821840258286,0.12114016510831038,16.74118709544939,0.20225487984130278,2982.0,0.5245640277862549,0.27660118156105407,0.07845052083333333,2.9849116173208734,0.6901162705427785,12.0,0.020153934136033058,0.8200094607379376,8708.0
nist302-registered:00002360/00002360_1G_R_L01_BP_S06_1000PPI_8BPC_1CH_LP03-1_1,00002360,0.02549380281152082,0.1295375925813991,15.93565377677999,0.3554002886133672,5209.0,0.50605109333992,0.466513939898529,0.10127667682926829,5.729966911494824,0.7503045988503392,41.0,0.014675401151180267,0.803492552645095,6880.0
nist302-registered:00002360/00002360_1G_R_L01_BP_S06_1000PPI_8BPC_1CH_LP09-1_1,00002360,0.03762257226598918,0.15940622167144794,14.245515149330274,0.2711438271513407,4817.0,0.475408673286438,0.7709471536121265,0.0953125,5.725014995170645,0.6764898508631778,30.0,0.035997211933135986,0.7302115082663712,6548.0
nist302-registered:00002360/00002360_1H_L_L01_BP_S06_1000PPI_8BPC_1CH_LP06-1_1,00002360,0.015306660862585914,0.09597762835728624,18.15119540008364,0.26109559678609945,1747.0,0.43835583329200745,0.33578118458346745,nan,nan,nan,0.0,0.009003221057355404,0.9398176921483323,6879.0
nist302-registered:00002360/00002360_4G_X_336_IN_D800_1000PPI_8BPC_1CH_LP02-1_1,00002360,0.04259741115069873,0.15296357586295176,13.70616794257154,0.27193487624678403,2851.0,0.7444839775562286,0.47140873581066883,0.0828125,6.474486109776717,0.7850606271504613,10.0,0.023440951481461525,0.8540344514959202,5561.0
nist302-registered:00002360/00002360_5A_X_793_IN_D800_1000PPI_8BPC_1CH_LP04-1_1,00002360,0.09486989296092992,0.25408732838859066,10.22871589421465,0.26792325207527573,1712.0,0.6941437125205994,0.2831073353891403,nan,nan,nan,0.0,0.01728898659348488,0.8638949671772429,9864.0
nist302-registered:00002360/00002360_5A_X_796_IN_D800_1000PPI_8BPC_1CH_LP01-1_1,00002360,0.024753221085783372,0.12027044709587018,16.06368279204775,0.3777993481644814,1189.0,0.4508194327354431,0.13794459044516177,nan,nan,nan,0.0,0.017115261405706406,0.9408331122313611,9141.0
nist302-registered:00002360/00002360_5A_X_796_IN_D800_1000PPI_8BPC_1CH_LP02-1_1,00002360,0.012217636751396246,0.08058550505383501,19.130127912362013,0.41227421347387816,721.0,0.6603850573301315,0.23356245989943622,nan,nan,nan,0.0,0.0313931405544281,0.9097886260694514,9148.0
nist302-registered:00002360/00002360_6D_X_062_WT_D800_1000PPI_8BPC_1CH_LP03-1_1,00002360,0.04776135841500744,0.18805833807920724,13.2092332962257,0.3290295442257648,1011.0,0.5925802886486053,0.15897535696068396,nan,nan,nan,0.0,0.06942365318536758,0.8920282542885973,6505.0
nist302-registered:00002372/00002372_1C_R_L01_BP_S12_1000PPI_8BPC_1CH_LP01-1_1,00002372,0.014657250199072793,0.09633448101177784,18.33947498684268,0.19063155904015713,2148.0,0.3544631004333496,0.20395393157368583,nan,nan,nan,0.0,0.006734802387654781,0.9285477636664826,7440.0
nist302-registered:00002372/00002372_1C_R_L01_BP_S12_1000PPI_8BPC_1CH_LP03-1_1,00002372,0.012293084557501693,0.08878435752841339,19.10339131090576,0.341471084796206,838.0,0.3758031129837036,0.054139183894353786,nan,nan,nan,0.0,0.017525432631373405,0.9510559231396719,5729.0
nist302-registered:00002372/00002372_1D_L_L01_BP_S12_1000PPI_8BPC_1CH_LP03-1_1,00002372,0.025305912905911592,0.12795247063248766,15.96777990983191,0.18100061082997934,2507.0,0.5146183371543884,0.16364329344287476,nan,nan,nan,0.0,0.009275543503463268,0.935210181257231,6151.0
nist302-registered:00002372/00002372_1D_R_L01_BP_S12_1000PPI_8BPC_1CH_LP03-1_1,00002372,0.014327208097672257,0.09229179645391335,18.43838431089484,0.2648518962707102,1330.0,0.4139571785926819,0.16335171373488666,nan,nan,nan,0.0,0.006253933534026146,0.9516310461192351,3994.0
nist302-registered:00002372/00002372_1D_R_L01_BP_S12_1000PPI_8BPC_1CH_LP07-1_1,00002372,0.01473282845378413,0.10198671393418093,18.31713867960563,0.30841710183008525,1413.0,0.36397457122802734,0.10889060042971681,nan,nan,nan,0.0,0.008361437357962132,0.9343540037449058,7522.0
nist302-registered:00002372/00002372_1E_R_L01_BP_S12_1000PPI_8BPC_1CH_LP04-1_1,00002372,0.026678846258930126,0.13966435854022935,15.738329556480828,0.28453531288104733,4091.0,0.4349516034126282,0.5740855334818527,0.09392755681818182,6.020461270144724,1.2309598528772192,22.0,0.016362329944968224,0.7742487434498984,7899.0
nist302-registered:00002372/00002372_1G_L_L01_BP_S12_1000PPI_8BPC_1CH_LP02-1_1,00002372,0.05603518363347927,0.1999967830508436,12.515392004971586,0.3800883404277311,5128.0,0.4275861978530884,0.6244508193602505,0.0954861111111111,6.7605933658785355,0.9974978097931648,54.0,0.015753919258713722,0.6527671651566422,7581.0
nist302-registered:00002372/00002372_1H_R_L01_BP_S12_1000PPI_8BPC_1CH_LP10-1_1,00002372,0.020978929783424544,0.11739742327623214,16.782166706233145,0.12221781813352631,1183.0,0.40476423501968384,0.11973658617308928,nan,nan,nan,0.0,0.029848210513591766,0.9258111853905103,4782.0
nist302-registered:00002372/00002372_2B_X_L01_BP_S12_1000PPI_8BPC_1CH_LP14-1_1,00002372,0.0237165203557969,0.12109439330486951,16.249490295206964,0.2140061985639046,1878.0,0.5547937750816345,0.3058618277618823,nan,nan,nan,0.0,0.020591575652360916,0.9023497101007019,7069.0
nist302-registered:00002402/00002402_1D_L_L01_BP_S10_1000PPI_8BPC_1CH_LP02-1_1,00002402,0.03457706370764978,0.15282832056804516,14.61211889885382,0.14646521242571028,916.0,0.5735439658164978,0.41041647373388135,nan,nan,nan,0.0,0.021480172872543335,0.8940350877192983,9873.0
nist302-registered:00002402/00002402_1D_L_L01_BP_S10_1000PPI_8BPC_1CH_LP05-1_1,00002402,0.03790566831065321,0.1563543041178356,14.212958419588391,0.1440341825417947,2155.0,0.5835806429386139,0.5011949632282746,nan,nan,nan,0.0,0.07831036299467087,0.707260659694288,9207.0
nist302-registered:00002402/00002402_1D_L_L01_BP_S10_1000PPI_8BPC_1CH_LP06-1_1,00002402,0.013739069429905678,0.09536790393501389,18.62042681770156,0.4289915907114421,1358.0,0.396601140499115,0.1659947091922691,nan,nan,nan,0.0,0.017566081136465073,0.9380029561504352,4461.0
nist302-registered:00002402/00002402_1E_L_L01_BP_S10_1000PPI_8BPC_1CH_LP07-1_1,00002402,0.022856667358199554,0.12675478952248237,16.40987092114624,0.17868695771198514,729.0,0.37870651483535767,0.19383428469440725,nan,nan,nan,0.0,0.012075204402208328,0.9404405056692298,9068.0
nist302-registered:00002402/00002402_1E_R_L01_BP_S10_1000PPI_8BPC_1CH_LP01-1_1,00002402,0.018426483351500635,0.11514170806147042,17.345575408940995,0.30125502046299996,5136.0,0.42766430974006653,0.311392259594507,0.09794921875,4.123081001852467,0.7250592853722945,40.0,0.008726227097213268,0.8000832986255727,6902.0
nist302-registered:00002402/00002402_1F_L_L01_BP_S10_1000PPI_8BPC_1CH_LP02-1_1,00002402,0.02555457068228157,0.1380926732380345,15.925314108105745,0.17705016553768707,3217.0,0.4373927116394043,0.27748886305596143,0.11511948529411764,5.77295123102212,1.264557351524336,17.0,0.02717108093202114,0.8363089462449059,7350.0
nist302-registered:00002402/00002402_1H_R_L01_BP_S10_1000PPI_8BPC_1CH_LP18-1_1,00002402,0.01345645650252402,0.0910107590648313,18.710692881064894,0.2298840434155622,3227.0,0.3868303596973419,0.23849183764752221,0.176953125,5.337507192247062,1.6383980824273177,10.0,0.005969579331576824,0.9467968684232679,4549.0
nist302-registered:00002402/00002402_5A_X_770_IN_D800_1000PPI_8BPC_1CH_LP02-1_1,00002402,0.018542587433239128,0.11529373802892286,17.318296644971703,0.27865317767735975,1277.0,0.3732219636440277,0.09135776984722144,nan,nan,nan,0.0,0.007091810926795006,0.9497865419800773,6606.0
nist302-registered:00002402/00002402_5A_X_770_IN_D800_1000PPI_8BPC_1CH_LP08-1_1,00002402,0.09882716093677124,0.27594159058934686,10.0512368067682,0.3318589772466193,3702.0,0.716247946023941,0.11668460460256354,0.08314732142857142,8.297571088971745,0.9277818093898645,14.0,0.025174304842948914,0.8514040860050501,3487.0
nist302-registered:00002402/00002402_6C_X_192_BT_D800_1000PPI_8BPC_1CH_LP03-1_1,00002402,0.03818271746536979,0.176667049382567,14.18133166088577,0.4551609072566897,4122.0,0.39788883924484253,0.4506645501770064,0.100390625,7.718712649735411,0.8814726764808517,30.0,0.02698049694299698,0.6080992815153494,7902.0
nist302-registered:00002405/00002405_1C_L_L01_BP_S11_1000PPI_8BPC_1CH_LP08-1_1,00002405,0.03641468642741853,0.15584374842445678,14.387234254715713,0.3130134754496265,2239.0,0.4326290488243103,0.34004491543224313,nan,nan,nan,0.0,0.005639236886054277,0.8690870261612387,7093.0
nist302-registered:00002405/00002405_1C_L_L01_BP_S11_1000PPI_8BPC_1CH_LP10-1_1,00002405,0.06565490731066101,0.20677185910574875,11.827328074527777,0.29515476034987315,2627.0,0.6170971691608429,0.43249460830600345,0.06305803571428571,6.065179105713716,0.5235865476852194,7.0,0.002858738647773862,0.8603983148219073,5949.0
nist302-registered:00002405/00002405_1C_L_L01_BP_S11_1000PPI_8BPC_1CH_LP11-1_1,00002405,0.018786045901164738,0.11087692788194341,17.26164620858261,0.4852190934040584,2009.0,0.5821125209331512,0.22587959606920172,nan,nan,nan,0.0,0.007012566551566124,0.880362834027948,8305.0
nist302-registered:00002405/00002405_1D_R_L01_BP_S11_1000PPI_8BPC_1CH_LP04-1_1,00002405,0.022471293565256917,0.1213414047910576,16.483719265980934,0.14701294270184162,1117.0,0.3853567838668823,0.2206950223114985,nan,nan,nan,0.0,0.009870792739093304,0.9635264693622343,7031.0
nist302-registered:00002405/00002405_1D_R_L01_BP_S11_1000PPI_8BPC_1CH_LP05-1_1,00002405,0.027283852450885444,0.13710676668099261,15.640943077679063,0.12620678234123664,1026.0,0.5348255336284637,0.149030451953153,nan,nan,nan,0.0,0.01582179218530655,0.943632348301609,7349.0
nist302-registered:00002405/00002405_1E_L_L01_BP_S11_1000PPI_8BPC_1CH_LP06-1_1,00002405,0.01704109169008935,0.10620168296137059,17.68502586811396,0.34286287424396605,1461.0,0.4670671820640564,0.09025556665384858,nan,nan,nan,0.0,0.003013774286955595,0.9246995050671695,7946.0
nist302-registered:00002405/00002405_1E_R_L02_BP_S11_1000PPI_8BPC_1CH_LP01-1_1,00002405,0.021862035582411246,0.11994477712330379,16.603094031799742,0.14976012178513154,1119.0,0.42101019620895386,0.07505430861359594,nan,nan,nan,0.0,0.005108681507408619,0.9477611940298507,10040.0
nist302-registered:00002405/00002405_1E_R_L02_BP_S11_1000PPI_8BPC_1CH_LP03-1_1,00002405,0.024952726623891718,0.12910880443687264,16.0288199140289,0.18757726986035386,1085.0,0.4161590039730072,0.09572096323832564,nan,nan,nan,0.0,0.006304245442152023,0.9510413428660243,10060.0
nist302-registered:00002405/00002405_1F_L_L01_BP_S11_1000PPI_8BPC_1CH_LP01-1_1,00002405,0.028580672722014092,0.1409888171924735,15.439275531510608,0.16294813920937617,954.0,0.4038916826248169,0.14374710025938242,nan,nan,nan,0.0,0.0101150032132864,0.9073327961321515,11680.0
nist302-registered:00002405/00002405_1F_L_L01_BP_S11_1000PPI_8BPC_1CH_LP02-1_1,00002405,0.030370998461899095,0.14481557924942723,15.175409301968074,0.12128926499467124,928.0,0.44711363315582275,0.16864351138241185,nan,nan,nan,0.0,0.012800570577383041,0.913365259033522,10021.0
nist302-registered:00002405/00002405_6E_X_064_BT_D800_1000PPI_8BPC_1CH_LP10-1_1,00002405,0.12573136856914235,0.3063824607579233,9.00556357183375,0.12748881959153957,3307.0,0.9179824665188789,0.5186391142988152,0.07508680555555555,3.443191842773775,0.6203547067279835,9.0,0.10934996604919434,0.795982905982906,6877.0
nist302-registered:00002406/00002406_1D_L_L01_BP_S21_1000PPI_8BPC_1CH_LP03-1_1,00002406,0.011742120624854165,0.08737482155625084,19.30253462500387,0.33680976743282875,3503.0,0.44533300399780273,0.1443996266943619,0.059895833333333336,3.8363592115211014,0.4210770839873294,24.0,0.00300179747864604,0.7936769005847953,10912.0
nist302-registered:00002406/00002406_1F_R_L01_BP_S21_1000PPI_8BPC_1CH_LP04-1_1,00002406,0.017448912988411686,0.10216629111810642,17.58231623022217,0.22840339402867746,2720.0,0.5386607348918915,0.43083816753483567,0.07730263157894737,2.764053723497389,0.6089020021286128,19.0,0.01175384409725666,0.9001219884111009,10319.0
nist302-registered:00002406/00002406_1G_L_L01_BP_S21_1000PPI_8BPC_1CH_LP01-1_1,00002406,0.06621892086326063,0.2224727525948042,11.790179010069329,0.2597530126086091,3320.0,0.5869041681289673,0.8737170070265231,0.12215909090909091,11.96285157675981,0.7572414274808995,22.0,0.007427033968269825,0.6984239670594917,9483.0
nist302-registered:00002406/00002406_1H_R_L01_BP_S21_1000PPI_8BPC_1CH_LP01-1_1,00002406,0.014419611936930818,0.09762489488489405,18.41046427266892,0.4404863947593679,2047.0,0.49012473225593567,0.1820693329898869,nan,nan,nan,0.0,0.0031135219614952803,0.857991221275497,8660.0
nist302-registered:00002406/00002406_6D_X_184_WT_D800_1000PPI_8BPC_1CH_LP10-1_1,00002406,0.07390591310668114,0.22853771054698738,11.313208129330823,0.30469947982997325,2074.0,0.6371978521347046,0.39598739434088664,nan,nan,nan,0.0,0.013447822071611881,0.9252354982647496,6386.0
nist302-registered:00002408/00002408_1D_R_L01_BP_S25_1000PPI_8BPC_1CH_LP02-1_1,00002408,0.021036308962123874,0.12355748024237849,16.77030459290404,0.269220338674762,3818.0,0.451015830039978,0.41365135768259614,0.12902113970588236,5.898352601661272,1.4574181254544494,34.0,0.01624741218984127,0.8990164684354987,8290.0
nist302-registered:00002408/00002408_1E_R_L01_BP_S25_1000PPI_8BPC_1CH_LP01-1_1,00002408,0.02431116157147825,0.1312220025929658,16.141942903532225,0.2645981349481928,1801.0,0.5635181963443756,0.1427560021741066,0.046875,5.363953424740489,0.42600384395615815,3.0,0.008775096386671066,0.9313880126182965,10174.0
nist302-registered:00002408/00002408_1H_R_L01_BP_S25_1000PPI_8BPC_1CH_LP13-1_1,00002408,0.01391418371483285,0.09527419943617872,18.565422667674,0.26540212551817993,2115.0,0.38243913650512695,0.09463311539608571,0.1162109375,5.007327535487735,1.1296296296296295,4.0,0.012868322432041168,0.9382216520280272,6519.0
nist302-registered:00002408/00002408_2B_X_L03_BP_S25_1000PPI_8BPC_1CH_LP04-1_1,00002408,0.01805954203962467,0.11427396949075831,17.432932668788624,0.32888943635723084,3801.0,0.4325738549232483,0.5929986593627686,0.06296875,6.977687978827174,0.5722566698448578,25.0,0.015431697480380535,0.7028955674488816,9641.0
nist302-registered:00002408/00002408_2B_X_L03_BP_S25_1000PPI_8BPC_1CH_LP11-1_1,00002408,0.02379668364452529,0.12268104195298983,16.234835629114666,0.4044305755546455,3627.0,0.5434665381908417,0.2671532556432535,0.04609375,4.027974277962096,0.31851855939373874,5.0,0.009167592972517014,0.8677628370375531,2074.0
nist302-registered:00002408/00002408_6C_X_073_BT_D800_1000PPI_8BPC_1CH_LP04-1_1,00002408,0.06631964510799519,0.21725974291053196,11.783578064633883,0.1948061242552543,3858.0,0.6284903287887573,0.23392486624590764,0.05719866071428571,2.1984014439813193,0.39820183073637944,28.0,0.030955960974097252,0.914404632645675,5796.0
nist302-registered:00002408/00002408_6C_X_073_BT_D800_1000PPI_8BPC_1CH_LP07-1_1,00002408,0.0061221460223198545,0.061927346500719925,22.130963160435762,0.2994601490612927,779.0,0.2515535354614258,0.15167021424501445,nan,nan,nan,0.0,0.028745293617248535,0.9328026223366893,8392.0
nist302-registered:00002412/00002412_1D_L_L01_BP_S06_1000PPI_8BPC_1CH_LP04-1_1,00002412,0.012317997389413044,0.08777689340240832,19.09459892286975,0.27913987021311254,1662.0,0.39855271577835083,0.08482054253317724,nan,nan,nan,0.0,0.004571573343127966,0.9426970051865484,4455.0
nist302-registered:00002412/00002412_1D_R_L01_BP_S06_1000PPI_8BPC_1CH_LP04-1_1,00002412,0.014546838882282106,0.09897914336619626,18.372313712922153,0.22928198049014997,2093.0,0.3589000701904297,0.11944371661625834,nan,nan,nan,0.0,0.005391579121351242,0.9551349456712233,4999.0
nist302-registered:00002412/00002412_1E_R_L02_BP_S06_1000PPI_8BPC_1CH_LP01-1_1,00002412,0.01532973687716181,0.09858642834605592,18.14465299403771,0.21417609572848492,1980.0,0.3903074860572815,0.2521394645590155,nan,nan,nan,0.0,0.009532719850540161,0.944629129441097,6861.0
nist302-registered:00002412/00002412_4A_X_354_IN_D800_1000PPI_8BPC_1CH_LP24-1_1,00002412,0.02939556217474741,0.15040682253782955,15.317182297407257,0.28039197105192054,1222.0,0.4612082242965698,0.7078808949083445,nan,nan,nan,0.0,0.027936182916164398,0.8796110952244781,6661.0
nist302-registered:00002412/00002412_4A_X_357_IN_D800_1000PPI_8BPC_1CH_LP24-1_1,00002412,0.04028305962172167,0.16376186003366924,13.94877550869988,0.38555034039869784,2631.0,0.663133054971695,0.18370798126168417,nan,nan,nan,0.0,0.01578001119196415,0.9241750526562135,8008.0
nist302-registered:00002412/00002412_4A_X_358_IN_D800_1000PPI_8BPC_1CH_LP07-1_1,00002412,0.15118660110869991,0.3218429171678037,8.204866964168527,0.18909530333940164,3682.0,0.8477223813533783,0.3508667565329176,0.10875822368421052,8.413987965744756,0.6924976224974372,19.0,0.054299913346767426,0.8682508538623647,3085.0
nist302-registered:00002412/00002412_7C_X_569_CA_D800_1000PPI_8BPC_1CH_LP03-1_1,00002412,0.04884596663139318,0.1737517175327269,13.111712915572438,0.16895046318722437,3317.0,0.6442062258720398,0.21653037772271466,0.083984375,3.0864796572873976,0.666519740620876,10.0,0.028046993538737297,0.8696672790365381,7249.0
nist302-registered:00002413/00002413_1D_R_L01_BP_S24_1000PPI_8BPC_1CH_LP01-1_1,00002413,0.016188514534166386,0.10405305926975982,17.907930004876633,0.28092804201533433,1989.0,0.4804401993751526,0.32335198321097824,nan,nan,nan,0.0,0.01600959151983261,0.9157546449478239,9072.0
nist302-registered:00002413/00002413_4G_X_347_IN_D800_1000PPI_8BPC_1CH_LP16-1_1,00002413,0.018182615634824425,0.11318983750396899,17.40343641792746,0.3457707824955231,3115.0,0.4873153865337372,0.31873023006194096,0.06380208333333333,6.599101933263424,0.4380952380952381,3.0,0.007842285558581352,0.8583964898284803,6483.0
nist302-registered:00002426/00002426_1C_L_L01_BP_S04_1000PPI_8BPC_1CH_LP04-1_1,00002426,0.014911499948923594,0.10087815925460378,18.26478668634438,0.34286798503792193,803.0,0.4097716808319092,0.13275918299182232,nan,nan,nan,0.0,0.015741342678666115,0.9619818709847752,5271.0
nist302-registered:00002426/00002426_1C_R_L01_BP_S04_1000PPI_8BPC_1CH_LP01-1_1,00002426,0.026024066571798704,0.14363252159080578,15.846248387621756,0.3676893020006662,3156.0,0.3383791744709015,0.23741337685832126,0.1171875,7.902040816326531,0.7802721088435374,2.0,0.0022533053997904062,0.8390087660148348,4531.0
nist302-registered:00002426/00002426_1C_R_L01_BP_S04_1000PPI_8BPC_1CH_LP02-1_1,00002426,0.01548198281520518,0.10472220788088053,18.10173418940164,0.3383439502352445,2106.0,0.3108198046684265,0.11693729873745819,nan,nan,nan,0.0,0.005506336688995361,0.9131201208763535,4507.0
nist302-registered:00002426/00002426_1C_R_L01_BP_S04_1000PPI_8BPC_1CH_LP03-1_1,00002426,0.017153364178580155,0.11044880148074218,17.656506918945897,0.3537953957016264,2271.0,0.2868674397468567,0.09027404486577871,nan,nan,nan,0.0,0.004316072445362806,0.8992144409159285,4433.0
nist302-registered:00002426/00002426_1C_R_L01_BP_S04_1000PPI_8BPC_1CH_LP04-1_1,00002426,0.022967458044288697,0.13135674829208346,16.388870682976783,0.2077074504149146,1111.0,0.41557204723358154,0.1153967744018033,nan,nan,nan,0.0,0.010963691398501396,0.9338935574229692,7678.0
nist302-registered:00002426/00002426_1C_X_L01_BP_S04_1000PPI_8BPC_1CH_LP01-1_1,00002426,0.01852014767406757,0.1158892277163487,17.323555547071635,0.36343371207553804,2413.0,0.3910437226295471,0.1637172407655071,0.00390625,0.2752688172043012,0.03333333333333333,1.0,0.005552956368774176,0.8954075087659283,4699.0
nist302-registered:00002426/00002426_1C_X_L01_BP_S04_1000PPI_8BPC_1CH_LP06-1_1,00002426,0.020216566026062036,0.11548408150758306,16.942926114841622,0.1384229273074745,1396.0,0.4940183162689209,0.44978249494556705,nan,nan,nan,0.0,0.014280319213867188,0.9314437984496124,8418.0
nist302-registered:00002426/00002426_1E_L_L01_BP_S04_1000PPI_8BPC_1CH_LP01-1_1,00002426,0.012486020447982362,0.09395303233361348,19.03575958173059,0.31366341189337965,2310.0,0.35204511880874634,0.14352336628471743,nan,nan,nan,0.0,0.006642940919846296,0.886217008797654,6249.0
nist302-registered:00002426/00002426_1E_L_L01_BP_S04_1000PPI_8BPC_1CH_LP02-1_1,00002426,0.01801158988879117,0.1116934078272249,17.444479501758302,0.30370600215834914,2440.0,0.5939597189426422,0.27244958332223035,0.083984375,7.5447717079640535,0.5590071233784438,6.0,0.0112630445510149,0.8732039559619332,5830.0
nist302-registered:00002426/00002426_1E_L_L01_BP_S04_1000PPI_8BPC_1CH_LP03-1_1,00002426,0.017597498743227417,0.10465781246116775,17.545490571410188,0.17778133523884687,1670.0,0.36918359994888306,0.22645522245433197,nan,nan,nan,0.0,0.01826881803572178,0.936045964019968,6095.0
nist302-registered:00002426/00002426_1E_R_L01_BP_S04_1000PPI_8BPC_1CH_LP02-1_1,00002426,0.01774204810212957,0.11630904776395197,17.509962476321665,0.328830761296567,3306.0,0.38982394337654114,0.1939541856607483,nan,nan,nan,0.0,0.0038131687324494123,0.8223157213366777,4084.0
nist302-registered:00002426/00002426_1F_R_L01_BP_S04_1000PPI_8BPC_1CH_LP04-1_1,00002426,0.025693188371557568,0.14376393576563917,15.90181999032442,0.48722799516446647,4925.0,0.42684170603752136,0.5739032211216194,0.0908203125,7.885458078957301,0.9117269058785366,56.0,0.019031111150979996,0.5953398888413852,7645.0
nist302-registered:00002426/00002426_1G_L_L01_BP_S04_1000PPI_8BPC_1CH_LP03-1_1,00002426,0.03431425759829309,0.1496435641497073,14.64525392794073,0.37818264920956335,2479.0,0.4715174436569214,0.16213065484832115,0.08203125,5.433592039836465,0.8417919799498746,4.0,0.021864570677280426,0.9044632086851628,4212.0
nist302-registered:00002426/00002426_1G_L_L01_BP_S04_1000PPI_8BPC_1CH_LP04-1_1,00002426,0.012203144229397441,0.08723650852742353,19.13528255756093,0.4346317131387837,821.0,0.25978994369506836,0.015686874904461395,nan,nan,nan,0.0,0.017433324828743935,0.9630431019560325,5044.0
nist302-registered:00002426/00002426_4A_X_471_IN_D800_1000PPI_8BPC_1CH_LP01-1_1,00002426,0.1011413355771991,0.2619640611753425,9.950713157818011,0.1829762560566681,4438.0,0.7540940642356873,0.3431781074695196,0.083984375,10.064285544344086,0.6031300973566684,14.0,0.00871538557112217,0.7426730786679975,5493.0
nist302-registered:00002426/00002426_4A_X_473_IN_D800_1000PPI_8BPC_1CH_LP01-1_1,00002426,0.08771050052267546,0.24641132389251458,10.569484106696711,0.2324588994222324,3497.0,0.7970157116651535,0.3032229160132167,0.08203125,4.977777777777777,0.875,1.0,0.0036366672720760107,0.9004934875819108,4080.0
nist302-registered:00002426/00002426_4A_X_474_IN_D800_1000PPI_8BPC_1CH_LP02-1_1,00002426,0.07869340437516117,0.23874355856855314,11.040616661607496,0.20855010337489838,2103.0,0.7772301137447357,0.5577289634436765,nan,nan,nan,0.0,0.013517227955162525,0.8865572043199579,5199.0
nist302-registered:00002426/00002426_4A_X_475_IN_D800_1000PPI_8BPC_1CH_LP02-1_1,00002426,0.11294111116880505,0.2774271252157524,9.471479437807707,0.11906175360864424,2148.0,0.8022740036249161,0.55769690420063,nan,nan,nan,0.0,0.008498717099428177,0.791773391592587,9865.0
nist302-registered:00002426/00002426_6C_X_185_BT_D800_1000PPI_8BPC_1CH_LP27-1_1,00002426,0.05240581496095649,0.19287782028586783,12.806205209296145,0.28481711504010093,5422.0,0.5310517847537994,0.395842050409507,0.08246527777777778,3.8049659877222237,0.68942953126497,36.0,0.01372532919049263,0.8566100290095316,4548.0
nist302-registered:00002426/00002426_6C_X_185_BT_D800_1000PPI_8BPC_1CH_LP29-1_1,00002426,0.048274705090406954,0.18209103348109879,13.162803706402329,0.38795597705504636,2396.0,0.4336709976196289,0.14740050132623408,nan,nan,nan,0.0,0.005243018735200167,0.9067425930510853,4278.0
nist302-registered:00002426/00002426_6C_X_185_BT_D800_1000PPI_8BPC_1CH_LP30-1_1,00002426,0.08169544289668307,0.24645472930445603,10.878021684372586,0.2804800364820142,3249.0,0.5215439200401306,0.40714471869289526,0.11746651785714286,12.500536565197846,0.6275960149702678,14.0,0.009589980356395245,0.817254094846068,4841.0
nist302-registered:00002426/00002426_6C_X_185_BT_D800_1000PPI_8BPC_1CH_LP37-1_1,00002426,0.07903008150914727,0.24152827038578226,11.022075701428376,0.1936065930025491,5235.0,0.6066012978553772,0.33938733084556516,0.0921875,4.096272841710537,0.7570211984401094,25.0,0.03509998321533203,0.8816463805253043,4461.0
nist302-registered:00002426/00002426_6C_X_185_BT_D800_1000PPI_8BPC_1CH_LP38-1_1,00002426,0.0355572728844032,0.1510420630783242,14.490715552572953,0.318700636523324,2461.0,0.5329028367996216,0.16372718798811908,nan,nan,nan,0.0,0.024505360051989555,0.9324764663287473,5671.0
nist302-registered:00002426/00002426_6C_X_185_BT_D800_1000PPI_8BPC_1CH_LP54-1_1,00002426,0.11093718351764342,0.2903752908203423,9.549228642213157,0.2736031493165281,3693.0,0.7537885457277298,0.3434153766562259,0.07447916666666667,6.42861498345818,0.6422127479474742,15.0,0.015047697350382805,0.8920148560817085,5733.0
nist302-registered:00002462/00002462_1E_L_L01_BP_S21_1000PPI_8BPC_1CH_LP03-1_1,00002462,0.02112599564052827,0.12782099468735406,16.751828141653483,0.4756302370104096,4443.0,0.4925311505794525,0.43617770580448967,0.07362689393939394,6.7175309651088755,0.6803179529878199,33.0,0.004833046346902847,0.6657593285698084,7611.0
nist302-registered:00002462/00002462_1E_R_L01_BP_S21_1000PPI_8BPC_1CH_LP01-1_1,00002462,0.030150170242286244,0.14718894839893296,15.207102312824778,0.19099115766656657,1769.0,0.5238798558712006,0.41794949293735545,0.08743990384615384,4.378691486716033,0.9828538078306811,13.0,0.018552374094724655,0.8337083708370837,12679.0
nist302-registered:00002462/00002462_1H_L_L01_BP_S21_1000PPI_8BPC_1CH_LP12-1_1,00002462,0.016010175234544403,0.10226731477536494,17.95603914615417,0.2520289864176335,1571.0,0.40116816759109497,0.07819149217081146,nan,nan,nan,0.0,0.002681165235117078,0.8976201167489897,9706.0
nist302-registered:00002462/00002462_6E_X_093_BT_D800_1000PPI_8BPC_1CH_LP18-1_1,00002462,0.048168374451903515,0.18272762447752505,13.172380096639849,0.3690358996416154,2849.0,0.6455362141132355,0.3060939743456172,0.11767578125,7.886991953496522,0.5793216597649364,8.0,0.011387273669242859,0.8148098553829674,9041.0
nist302-registered:00002462/00002462_6E_X_093_BT_D800_1000PPI_8BPC_1CH_LP24-1_1,00002462,0.023346781932887944,0.12674052436464334,16.31772973132343,0.32993310424478994,1165.0,0.4282658100128174,0.07951796743299584,nan,nan,nan,0.0,0.0053510344587266445,0.9325915174971778,10255.0
nist302-registered:00002462/00002462_6E_X_094_BT_D800_1000PPI_8BPC_1CH_LP07-1_1,00002462,0.12813535503810752,0.28846997793596746,8.923310234211192,0.10964648941385634,3767.0,0.8432445973157883,0.3644382033012741,0.07335069444444445,5.174297048242224,0.6940462046532523,18.0,0.03830985352396965,0.8420048128785993,4996.0
nist302-registered:00002494/00002494_1D_L_L01_BP_S05_1000PPI_8BPC_1CH_LP03-1_1,00002494,0.02845492283868972,0.1415092102353031,15.458425877318716,0.14333591488483308,1382.0,0.43208178877830505,0.10108929885973321,nan,nan,nan,0.0,0.011371341533958912,0.9473873873873874,8403.0
nist302-registered:00002494/00002494_1F_L_L01_BP_S05_1000PPI_8BPC_1CH_LP03-1_1,00002494,0.0277599612442616,0.13766791024217548,15.565811445361696,0.19214566028042562,1006.0,0.4262081980705261,0.07198701865032853,nan,nan,nan,0.0,0.009224861860275269,0.9641319942611191,9625.0
nist302-registered:00002494/00002494_1G_L_L01_BP_S05_1000PPI_8BPC_1CH_LP02-1_1,00002494,0.02496052174011759,0.13912797991066664,16.027463410054033,0.18492472597393597,2116.0,0.4375886619091034,0.36523861235242966,0.10221354166666667,2.9681253662947022,0.7137356229747533,6.0,0.01716194860637188,0.9235944257568477,8657.0
nist302-registered:00002494/00002494_1G_L_L01_BP_S05_1000PPI_8BPC_1CH_LP03-1_1,00002494,0.025789431308261928,0.14063006745450218,15.88558234535457,0.25533127026953295,3417.0,0.5381034761667252,0.31821104892117613,0.08816964285714286,4.8983118329607604,0.9608793287865031,28.0,0.015795044600963593,0.9443259891021085,8355.0
nist302-registered:00002494/00002494_1G_R_L01_BP_S05_1000PPI_8BPC_1CH_LP02-1_1,00002494,0.023657697303958274,0.13318743957284435,16.260275292284664,0.17010156945595642,1436.0,0.38590121269226074,0.35945824533724346,nan,nan,nan,0.0,0.02481073886156082,0.8823054755043228,8645.0
nist302-registered:00002494/00002494_2B_X_L01_BP_S05_1000PPI_8BPC_1CH_LP05-1_1,00002494,0.02564429658795271,0.13806676719841215,15.910092089460656,0.3106265426025312,6237.0,0.5312592089176178,0.3985844067738195,0.09408967391304347,5.016549507035841,0.8905577983441926,46.0,0.004011077340692282,0.7533969886154976,5523.0
nist302-registered:00002494/00002494_4A_X_531_IN_D800_1000PPI_8BPC_1CH_LP10-1_1,00002494,0.14070217352264971,0.3148182166311686,8.516991936697169,0.23783894840771927,4663.0,0.7602448761463165,0.418061920499386,0.06330818965517242,4.256335421553952,0.5941487166304401,29.0,0.009669585153460503,0.7966476330815988,5635.0
nist302-registered:00002494/00002494_4A_X_534_IN_D800_1000PPI_8BPC_1CH_LP08-1_1,00002494,0.01716872410694333,0.10682718156191406,17.652619782172405,0.3835190785028831,1512.0,0.5729795396327972,0.06674255488322836,nan,nan,nan,0.0,0.00800187885761261,0.9374647092038396,9396.0
nist302-registered:00002494/00002494_4A_X_536_IN_D800_1000PPI_8BPC_1CH_LP01-1_1,00002494,0.047217439637534615,0.1883819777063987,13.258975662076855,0.26476523244896377,3303.0,0.7072655260562897,0.46372001335523005,0.07938058035714286,5.845176098803398,0.5655410062126137,28.0,0.011768859811127186,0.71345116836429,9977.0
nist302-registered:00002494/00002494_4A_X_537_IN_D800_1000PPI_8BPC_1CH_LP01-1_1,00002494,0.038496045184244515,0.15513646389756883,14.145838845923134,0.33610559606536555,1078.0,0.5820972323417664,0.26871512153841287,nan,nan,nan,0.0,0.019280582666397095,0.9414261460101867,9610.0
nist302-registered:00002494/00002494_6E_X_183_BT_D800_1000PPI_8BPC_1CH_LP10-1_1,00002494,0.02846927173170804,0.1389730881586253,15.456236423348118,0.40957139900579986,1070.0,0.5599241852760315,0.19881347514379308,nan,nan,nan,0.0,0.024746939539909363,0.8895169578622816,9248.0
nist302-registered:00002494/00002494_6E_X_183_BT_D800_1000PPI_8BPC_1CH_LP14-1_1,00002494,0.028194820463490596,0.12991164164139096,15.498306665292043,0.23973241373939447,1841.0,0.6371383666992188,0.5210667792306304,nan,nan,nan,0.0,0.022318972274661064,0.8937713310580204,7610.0
nist302-registered:00002494/00002494_6E_X_183_BT_D800_1000PPI_8BPC_1CH_LP15-1_1,00002494,0.08384820343618837,0.21683680830039684,10.76506238318582,0.3179633963489722,4598.0,0.7463697642087936,0.33956155927622117,0.0927734375,7.199440630834519,0.6619360830465553,24.0,0.007358346600085497,0.686972718308316,7280.0
nist302-registered:00002494/00002494_6E_X_183_BT_D800_1000PPI_8BPC_1CH_LP15-2_1,00002494,0.11080020531644608,0.24421943925189346,9.554594348448006,0.3418046715565887,3506.0,0.7608657330274582,0.34175442051301846,0.08795797413793104,9.161963923996275,0.5786473802041873,29.0,0.0325915589928627,0.5915991902834008,9091.0
nist302-registered:00002494/00002494_6E_X_183_BT_D800_1000PPI_8BPC_1CH_LP25-1_1,00002494,0.052267259172773375,0.17036129391435229,12.817702731440594,0.24404357348039704,5718.0,0.7192453444004059,0.4775484233958164,0.07018229166666666,6.393340600505979,0.46236810467883854,30.0,0.015329457819461823,0.8150268336314848,5462.0
nist302-registered:00002494/00002494_7D_X_290_CA_D800_1000PPI_8BPC_1CH_LP02-1_1,00002494,0.03353721349671377,0.1524721291852886,14.744730244155019,0.30529185903891753,3997.0,0.6472422182559967,0.5427070744245738,0.099609375,9.153276991629614,0.5338894925060816,14.0,0.01592392288148403,0.7976371610131567,5487.0
nist302-registered:00002494/00002494_7D_X_290_CA_D800_1000PPI_8BPC_1CH_LP24-1_1,00002494,0.024195272626178946,0.1254590134267578,16.162694800080093,0.26405513793674285,5331.0,0.845374658703804,0.37083738557192497,0.07887620192307693,5.510679718271204,0.5810690732403185,26.0,0.014089868403971195,0.8342857142857143,4493.0
nist302-registered:00002495/00002495_1C_R_L01_BP_S24_1000PPI_8BPC_1CH_LP10-1_1,00002495,0.022750527076621913,0.12252598391222833,16.430085373006357,0.11879415202207379,1178.0,0.4317927062511444,0.29229726796401534,nan,nan,nan,0.0,0.013880638405680656,0.9583010085337471,6330.0
nist302-registered:00002495/00002495_1C_R_L01_BP_S24_1000PPI_8BPC_1CH_LP13-1_1,00002495,0.013254953632158771,0.08050736543232034,18.776217871562974,0.33470148242052344,2577.0,0.4898967742919922,0.09381674278307392,nan,nan,nan,0.0,0.001426836708560586,0.8391185202100936,7633.0
nist302-registered:00002495/00002495_1E_L_L01_BP_S24_1000PPI_8BPC_1CH_LP04-1_1,00002495,0.024639089860066018,0.13414568896552204,16.08375338555152,0.18326076513073417,793.0,0.3417292833328247,0.09078336059704564,nan,nan,nan,0.0,0.010075857862830162,0.9602177011792147,8934.0
nist302-registered:00002495/00002495_1E_R_L01_BP_S24_1000PPI_8BPC_1CH_LP04-1_1,00002495,0.023395595294686527,0.13448543991901976,16.308658998238727,0.17869382008311996,882.0,0.3968057632446289,0.11020584831371616,nan,nan,nan,0.0,0.011004908941686153,0.9389312977099237,9371.0
nist302-registered:00002495/00002495_6E_X_121_BT_D800_1000PPI_8BPC_1CH_LP06-1_1,00002495,0.03549285398335988,0.15809462634065458,14.49859077592661,0.477955201863018,496.0,0.5311163067817688,0.0780298758876395,nan,nan,nan,0.0,0.04729802533984184,0.9175932568149211,6104.0
nist302-registered:00002495/00002495_6E_X_121_BT_D800_1000PPI_8BPC_1CH_LP08-1_1,00002495,0.14716851775252035,0.31002339527581574,8.321850842150267,0.2191910599637628,4413.0,0.8137050867080688,0.4713577372472209,0.0815625,8.700944788989409,0.5560168547001139,25.0,0.010296902619302273,0.8347311297483967,2216.0
nist302-registered:00002495/00002495_6E_X_121_BT_D800_1000PPI_8BPC_1CH_LP34-1_1,00002495,0.02410662622576522,0.12458038036735894,16.178635658174166,0.551612068582335,955.0,0.47480159997940063,0.08170957380636834,nan,nan,nan,0.0,0.023972423747181892,0.9597786763141094,2508.0
nist302-registered:00002495/00002495_6E_X_121_BT_D800_1000PPI_8BPC_1CH_LP35-1_1,00002495,0.014782375633484788,0.09250149767141085,18.302557661031503,0.6314644690891142,370.0,0.4824230968952179,0.03698777012861711,nan,nan,nan,0.0,0.03531773388385773,0.9512411347517731,4450.0
nist302-registered:00002508/00002508_1C_L_L01_BP_S22_1000PPI_8BPC_1CH_LP03-1_1,00002508,0.0219782308134523,0.1233776106568141,16.58007270005305,0.26024219753778366,3698.0,0.5102923214435577,0.4945404035104224,0.11783854166666667,4.363683644604479,1.0947637305480442,6.0,0.023174181580543518,0.8531587243846247,8789.0
nist302-registered:00002508/00002508_1C_R_L01_BP_S22_1000PPI_8BPC_1CH_LP02-1_1,00002508,0.010513706317108455,0.08725357829369387,19.78244158441865,0.5033129150110095,3251.0,0.45872071385383606,0.17754120259457606,0.041015625,3.3948868834581236,0.4865841073271414,2.0,0.004574416670948267,0.8072173727911433,7065.0
nist302-registered:00002508/00002508_1C_R_L01_BP_S22_1000PPI_8BPC_1CH_LP10-1_1,00002508,0.024831696630138605,0.13218656287398847,16.04993606183084,0.19656149739216858,2807.0,0.42998844385147095,0.5279713837301093,0.061899038461538464,1.888522227202913,0.4478469280151144,13.0,0.012646201997995377,0.8299448155678187,10371.0
nist302-registered:00002508/00002508_1D_L_L01_BP_S22_1000PPI_8BPC_1CH_LP02-1_1,00002508,0.017986759208211016,0.11076460035912158,17.450470792769494,0.2613390226500728,2971.0,0.4581565856933594,1.1139631800026657,0.10916940789473684,8.228459363989794,1.6105412485604618,19.0,0.01890731230378151,0.8067426400759734,10724.0
nist302-registered:00002508/00002508_1D_L_L01_BP_S22_1000PPI_8BPC_1CH_LP04-1_1,00002508,0.02813164450873398,0.14210867979363007,15.508048792747935,0.39497467147242826,5497.0,0.4936138689517975,0.7354228533348705,0.09926835317460317,6.6442042614581265,1.0167386670549463,63.0,0.004569703247398138,0.6838839994228827,9512.0
nist302-registered:00002508/00002508_1D_R_L01_BP_S22_1000PPI_8BPC_1CH_LP04-1_1,00002508,0.018256442026954527,0.11424632863525082,17.3858385761346,0.33792314281161734,4624.0,0.42203962802886963,0.5251566898640956,0.08025568181818182,4.504623054973678,0.8013125218777918,44.0,0.009586069732904434,0.8538506760728983,8176.0
nist302-registered:00002508/00002508_1E_R_L01_BP_S22_1000PPI_8BPC_1CH_LP01-1_1,00002508,0.022002110472807663,0.12154772482722638,16.57535659053521,0.20062753473437103,1826.0,0.5204256474971771,0.13925911760836934,nan,nan,nan,0.0,0.010673461481928825,0.7854162887719934,11562.0
nist302-registered:00002508/00002508_1F_L_L01_BP_S22_1000PPI_8BPC_1CH_LP05-1_1,00002508,0.015553112257440806,0.10445367912659674,18.08182693390255,0.2619880450130301,6106.0,0.478468120098114,0.3842512681803088,0.10492369186046512,6.004234039501132,1.2112268002300728,43.0,0.007984896190464497,0.8662369057211926,6714.0
nist302-registered:00002508/00002508_1F_R_L01_BP_S22_1000PPI_8BPC_1CH_LP07-1_1,00002508,0.01973907589772147,0.12371578159027428,17.04673183070359,0.37974086390873235,6507.0,0.4392105042934418,0.6817225685143303,0.0804443359375,4.426622287746223,0.8336362642056877,64.0,0.019728876650333405,0.7307692307692307,6737.0
nist302-registered:00002508/00002508_6E_X_109_BT_D800_1000PPI_8BPC_1CH_LP10-1_1,00002508,0.10843685553029306,0.2766267412314497,9.64823084651515,0.24756389757190006,1921.0,0.7690871357917786,0.4163586744648855,0.18359375,15.425641025641028,0.7833333333333333,1.0,0.019885070621967316,0.8419463087248322,7760.0
nist302-registered:00002508/00002508_6E_X_109_BT_D800_1000PPI_8BPC_1CH_LP23-1_1,00002508,0.044809795507992564,0.16818253873150796,13.48627038009587,0.21081632206116013,6627.0,0.7455075681209564,0.4230037536548231,0.12196180555555555,4.837895814395095,1.1900012005189455,27.0,0.009169019758701324,0.844106463878327,3330.0
nist302-registered:00002508/00002508_6E_X_109_BT_D800_1000PPI_8BPC_1CH_LP24-1_1,00002508,0.09712712520375871,0.27086491614003155,10.126594654454156,0.25270355682606627,6353.0,0.7980229705572128,0.30767703627786547,0.07724056603773585,5.549526171869157,0.39268049292283363,53.0,0.028796859085559845,0.8019288435043358,4595.0
nist302-registered:00002508/00002508_6E_X_109_BT_D800_1000PPI_8BPC_1CH_LP27-1_1,00002508,0.07656224770116313,0.2158375528916244,11.159853251021252,0.21872222861389654,4792.0,0.7628220021724701,0.4199034292284792,0.06733630952380952,2.208140846096986,0.35283805546890057,21.0,0.01796870306134224,0.8621657167908812,5178.0
nist302-registered:00002508/00002508_6E_X_109_BT_D800_1000PPI_8BPC_1CH_LP30-1_1,00002508,0.16874540001889307,0.3640417085252278,7.72768057155548,0.1680911065990614,7293.0,0.8448565304279327,0.3280903612575514,0.06748383620689655,3.8758060997108292,0.4633344836752416,58.0,0.023195665329694748,0.8084656978709023,5107.0
nist302-registered:00002534/00002534_1C_R_L01_BP_S03_1000PPI_8BPC_1CH_LP07-1_1,00002534,0.012444596755151471,0.09502136519878279,19.050191713615256,0.4311899164208412,2242.0,0.44322440028190613,0.22710440711822016,nan,nan,nan,0.0,0.005879485514014959,0.8105299028795365,10569.0
nist302-registered:00002534/00002534_1E_R_L01_BP_S03_1000PPI_8BPC_1CH_LP04-1_1,00002534,0.016698355977666814,0.10669505088811829,17.77326284838878,0.3401006810197005,4200.0,0.3686680793762207,0.5373260211562624,0.06868489583333333,3.1704481979918753,0.6325772182242508,24.0,0.00894725602120161,0.8547784303256807,9125.0
nist302-registered:00002534/00002534_1G_L_L01_BP_S03_1000PPI_8BPC_1CH_LP02-1_1,00002534,0.037719912401668415,0.1674897639863733,14.234293245114909,0.13533613687077886,2760.0,0.534906804561615,0.19899756408796992,0.061848958333333336,1.2884808549109645,0.3005218851418973,6.0,0.05096958950161934,0.8025356576862124,8671.0
nist302-registered:00002534/00002534_1G_R_L01_BP_S03_1000PPI_8BPC_1CH_LP01-1_1,00002534,0.02032410174074417,0.11315019178066776,16.919886397146456,0.21855871282693975,3977.0,0.559125691652298,0.35124973823310757,0.11830357142857142,5.92001280049302,1.3469026919183642,7.0,0.03553732857108116,0.8820681642137878,6901.0
nist302-registered:00002534/00002534_1G_R_L01_BP_S03_1000PPI_8BPC_1CH_LP03-1_1,00002534,0.017981798319615425,0.11412030314661527,17.451668776066096,0.34973719327586555,4622.0,0.4296702742576599,0.36459164233235175,0.0909423828125,5.75102830328598,0.9271434533650451,32.0,0.015808215364813805,0.7883747178329571,6123.0
nist302-registered:00002534/00002534_1G_R_L01_BP_S03_1000PPI_8BPC_1CH_LP06-1_1,00002534,0.020117036222074836,0.11784334567854705,16.964360021056642,0.2738694287720144,5150.0,0.6013140380382538,0.43813291395728876,0.05396412037037037,3.3565489598329266,0.45724419492426616,27.0,0.03324268385767937,0.7687242798353909,6463.0
nist302-registered:00002534/00002534_1H_L_L01_BP_S03_1000PPI_8BPC_1CH_LP09-1_1,00002534,0.01807750992547779,0.10885853569285607,17.428613913441303,0.2614623296776595,3469.0,0.40762582421302795,0.28227482898851847,0.15885416666666666,7.269008151118872,0.7157647141633721,3.0,0.019380804151296616,0.9452348993288591,5429.0
nist302-registered:00002534/00002534_1H_L_L01_BP_S03_1000PPI_8BPC_1CH_LP10-1_1,00002534,0.021134699109211376,0.12222343223196554,16.750039307608837,0.22868555169591545,1924.0,0.5730863809585571,0.17943778787771,nan,nan,nan,0.0,0.006477736867964268,0.8825105782792666,9358.0
nist302-registered:00002534/00002534_1H_R_L01_BP_S03_1000PPI_8BPC_1CH_LP06-1_1,00002534,0.01776195844596429,0.10860434368079667,17.505091503038717,0.23428091286626568,3788.0,0.49671000242233276,0.447790437637173,0.04921875,1.0458285648507057,0.22697795851691258,10.0,0.025110047310590744,0.888164701013863,7285.0
nist302-registered:00002534/00002534_1H_R_L01_BP_S03_1000PPI_8BPC_1CH_LP07-1_1,00002534,0.016714660513653747,0.1058143960753445,17.769024398039356,0.4165773447683549,2768.0,0.42998823523521423,0.22083780879128542,0.10703125,5.441413248763007,0.6539876150402467,5.0,0.009573517367243767,0.8233171721727365,7701.0
nist302-registered:00002534/00002534_1H_R_L01_BP_S03_1000PPI_8BPC_1CH_LP11-1_1,00002534,0.03131168781258062,0.14395942504633177,15.042935217176737,0.2977892386646445,4187.0,0.49874943494796753,0.28914742055945675,0.08967391304347826,4.716378867600828,0.5381416431533268,23.0,0.010738466866314411,0.7997403116260487,6679.0
nist302-registered:00002534/00002534_2B_X_L01_BP_S03_1000PPI_8BPC_1CH_LP05-1_1,00002534,0.015799291980590782,0.1074042967574507,18.013623748058436,0.34354996761209255,4237.0,0.41115865111351013,0.7408384230478865,0.0998263888888889,6.754016047870615,1.0103905676350609,36.0,0.039821039885282516,0.5762952448545068,10181.0
nist302-registered:00002534/00002534_2B_X_L02_BP_S03_1000PPI_8BPC_1CH_LP10-1_1,00002534,0.016640103696258943,0.10972948528071058,17.788439716406835,0.34501560770582723,1914.0,0.385908305644989,0.15992275840913128,nan,nan,nan,0.0,0.01044387836009264,0.832359968144412,9129.0
nist302-registered:00002534/00002534_4A_X_427_IN_D800_1000PPI_8BPC_1CH_LP03-1_1,00002534,0.017514551748404366,0.10823474050247708,17.56600973144211,0.40202663702483554,1842.0,0.5677653551101685,0.14527104280697864,nan,nan,nan,0.0,0.016921838745474815,0.9163898916967509,9874.0
nist302-registered:00002534/00002534_4A_X_428_IN_D800_1000PPI_8BPC_1CH_LP01-1_1,00002534,0.02858032555649867,0.13766870975673043,15.439328284986649,0.34879680174826505,5338.0,0.7221069931983948,0.4020489131333101,0.09892003676470588,5.512082511556475,1.1450460345811546,34.0,0.008654597215354443,0.809673649195361,5419.0
nist302-registered:00002534/00002534_4A_X_430_IN_D800_1000PPI_8BPC_1CH_LP01-1_1,00002534,0.02293398892418585,0.12642665738694045,16.39520401567577,0.4284054102119824,1579.0,0.4418668746948242,0.10692107521038514,nan,nan,nan,0.0,0.009032335132360458,0.9462619728821993,8407.0
nist302-registered:00002534/00002534_4A_X_431_IN_D800_1000PPI_8BPC_1CH_LP02-1_1,00002534,0.03708661851855879,0.15272378269443498,14.307827629420455,0.26649705779614524,4006.0,0.6111239790916443,0.6255830443358845,0.09307650862068965,4.5222226707082465,0.9082574263172993,29.0,0.02980666793882847,0.7709513023782559,10705.0
nist302-registered:00002534/00002534_6D_X_123_WT_D800_1000PPI_8BPC_1CH_LP01-1_1,00002534,0.06431094530230376,0.21292859079353518,11.917151067046369,0.24141112931263733,6149.0,0.6908746659755707,0.538028206967283,0.08318536931818182,4.9222085531565005,0.6638206680584229,44.0,0.041386861354112625,0.8065341143470011,5498.0
nist302-registered:00002534/00002534_6D_X_123_WT_D800_1000PPI_8BPC_1CH_LP13-1_1,00002534,0.04371583160411818,0.17591321414648173,13.593612556344025,0.311799777315226,3718.0,0.5480518937110901,0.24311883153845942,nan,nan,nan,0.0,0.01356928888708353,0.8837692984561235,4051.0
nist302-registered:00002544/00002544_1C_L_L01_BP_S21_1000PPI_8BPC_1CH_LP01-1_1,00002544,0.043137109398714714,0.16619453012440338,13.65148960166428,0.2385610305818199,3911.0,0.5677654445171356,0.5529700117505779,0.1106350806451613,7.298943886164331,0.9643425514801086,31.0,0.009169499389827251,0.7823207601497265,9651.0
nist302-registered:00002544/00002544_1F_R_L01_BP_S21_1000PPI_8BPC_1CH_LP01-1_1,00002544,0.02111658709028047,0.12326581114436974,16.753762721055946,0.25943142147366266,4076.0,0.41461852192878723,0.29325813485448676,0.08458533653846154,4.2905562045152115,0.6678117136429539,26.0,0.01229923591017723,0.8318101214022644,9484.0
nist302-registered:00002544/00002544_1F_R_L01_BP_S21_1000PPI_8BPC_1CH_LP03-1_1,00002544,0.01788711762133047,0.11135066872146619,17.47459637185832,0.43248118049130213,6354.0,0.46923673152923584,0.4945526893184309,0.06619318181818182,3.9157922035987616,0.48110664206360904,55.0,0.002961469581350684,0.6618201997780244,7376.0
nist302-registered:00002544/00002544_1H_R_L01_BP_S21_1000PPI_8BPC_1CH_LP19-2_1,00002544,0.022425404416284326,0.12545355718188683,16.492597162135482,0.24107329650109532,4782.0,0.43722420930862427,0.4947775948106656,0.09921875,3.963823803918182,0.727642144738324,25.0,0.01369514036923647,0.7898903087187606,7955.0
nist302-registered:00002544/00002544_4E_X_176_IN_D800_1000PPI_8BPC_1CH_LP01-1_1,00002544,0.07992794878912103,0.2204469569114518,10.973013322946876,0.2196560681796571,3347.0,0.8932019099593163,0.2607816974793771,nan,nan,nan,0.0,0.06272000074386597,0.875867570801755,4530.0
nist302-registered:00002544/00002544_5A_X_506_IN_D800_1000PPI_8BPC_1CH_LP03-1_1,00002544,0.017905030480666582,0.10927710969345684,17.470249353293173,0.43263204439768554,1816.0,0.42075663805007935,0.09462831251552155,nan,nan,nan,0.0,0.011708755977451801,0.9219335347432024,8228.0
nist302-registered:00002544/00002544_6A_X_062_BT_D800_1000PPI_8BPC_1CH_LP04-1_1,00002544,0.05185841041741539,0.18284650843494835,12.85180799512778,0.21073514312004782,2687.0,0.7655088007450104,0.3944189345681432,nan,nan,nan,0.0,0.04191434383392334,0.9081519734415345,6187.0
nist302-registered:00002544/00002544_6D_X_055_WT_D800_1000PPI_8BPC_1CH_LP07-1_1,00002544,0.11824032958136614,0.3012342782713836,9.272343684014723,0.2019820313645673,2624.0,0.7660915553569794,0.21731656861454435,nan,nan,nan,0.0,0.044861145317554474,0.8600419874037789,3908.0
nist302-registered:00002546/00002546_1C_R_L01_BP_S21_1000PPI_8BPC_1CH_LP07-1_1,00002546,0.03256476130094733,0.14242364579409145,14.872521008481467,0.19862823676620772,4567.0,0.5039626955986023,0.907787150807916,0.12313988095238096,5.849135679497606,1.1210643382313619,42.0,0.013336211442947388,0.8225234355206485,8734.0
nist302-registered:00002546/00002546_1F_L_L01_BP_S21_1000PPI_8BPC_1CH_LP03-1_1,00002546,0.014065251595433932,0.09998526103771002,18.51852494886526,0.4187700045489869,4109.0,0.39540421962738037,0.35292060273830866,0.1028125,6.274031572987223,0.9974679149158036,25.0,0.014159268699586391,0.7543034055727554,8812.0
nist302-registered:00002546/00002546_1F_L_L01_BP_S21_1000PPI_8BPC_1CH_LP10-1_1,00002546,0.01913515286223205,0.11297928767182604,17.181680640400202,0.25508627786832366,3079.0,0.4793245494365692,0.3594273122435958,0.134765625,5.086307549721756,1.542772603902636,8.0,0.029018929228186607,0.7757248009613941,11086.0
nist302-registered:00002546/00002546_1F_R_L01_BP_S21_1000PPI_8BPC_1CH_LP08-1_1,00002546,0.025280904274813342,0.11923354775384447,15.97207395795593,0.22434590947180016,2754.0,0.6152844130992889,0.4852552925404778,nan,nan,nan,0.0,0.05085357651114464,0.8434996919285275,7785.0
nist302-registered:00002546/00002546_1H_L_L01_BP_S21_1000PPI_8BPC_1CH_LP09-1_1,00002546,0.01907763011650454,0.11615696453974267,17.19475575714163,0.2651999289133758,2904.0,0.467878133058548,0.45565703777826744,0.08203125,4.9819759535843495,1.0676619167403805,8.0,0.014608476310968399,0.8509510445899595,10732.0
nist302-registered:00002546/00002546_1H_R_L01_BP_S21_1000PPI_8BPC_1CH_LP18-1_1,00002546,0.025325885263967438,0.1294992238547675,15.964353649790725,0.1626016958048252,2028.0,0.45412373542785645,0.3767511409594175,nan,nan,nan,0.0,0.01264980062842369,0.9509433962264151,7870.0
nist302-registered:00002546/00002546_1H_R_L01_BP_S21_1000PPI_8BPC_1CH_LP23-1_1,00002546,0.01657880305770122,0.10451192020181801,17.804468274769405,0.3374786532079752,2107.0,0.42420169711112976,0.2180272816911577,nan,nan,nan,0.0,0.008706873282790184,0.9508144362823379,7097.0
nist302-registered:00002546/00002546_4A_X_725_IN_D800_1000PPI_8BPC_1CH_LP06-1_1,00002546,0.01786647238702445,0.11310530015429196,17.479611875102115,0.23095935948949944,4151.0,0.4315427839756012,0.7611077160238185,0.05796875,2.78509822899457,0.5488361153577158,25.0,0.028568889945745468,0.8485450392293177,7141.0
nist302-registered:00002546/00002546_4A_X_727_IN_D800_1000PPI_8BPC_1CH_LP03-1_1,00002546,0.032460542239476184,0.14628615150388502,14.88644229745601,0.25597768525745157,3020.0,0.6260785758495331,0.7425432277748095,0.123046875,4.968542568542569,1.2714285714285714,2.0,0.03233391046524048,0.8934216828995689,4271.0
nist302-registered:00002546/00002546_4A_X_729_IN_D800_1000PPI_8BPC_1CH_LP05-1_1,00002546,0.040897890118373345,0.15964987232271893,13.882990962367483,0.32629576883821815,2510.0,0.7114773690700531,0.2831873793709138,nan,nan,nan,0.0,0.015237991698086262,0.8700092850510678,4729.0
nist302-registered:00002546/00002546_4A_X_732_IN_D800_1000PPI_8BPC_1CH_LP03-1_1,00002546,0.03413166128151596,0.1564822827247742,14.668425729039967,0.29449636261927326,5244.0,0.6654821932315826,0.20917861552296727,0.10381155303030302,3.610070964841882,0.8979800551059733,33.0,0.001652986858971417,0.8038395742254324,5862.0
nist302-registered:00002546/00002546_4A_X_732_IN_D800_1000PPI_8BPC_1CH_LP05-1_1,00002546,0.021776725859809023,0.1158135576942851,16.62007416036042,0.1974449831589889,4647.0,0.5842975378036499,0.2977710512583795,0.0711669921875,3.4995726089802814,0.5324240215021987,32.0,0.023935571312904358,0.917552478785172,5680.0
nist302-registered:00002546/00002546_4A_X_736_IN_D800_1000PPI_8BPC_1CH_LP02-1_1,00002546,0.017238245923777477,0.10758002834485794,17.635069278605332,0.1662544423082445,2532.0,0.3847830593585968,0.6563200913237593,0.06752232142857142,2.354575502088555,0.5021410523493685,7.0,0.01692984625697136,0.8576211966807396,9886.0
nist302-registered:00002546/00002546_5A_X_571_IN_D800_1000PPI_8BPC_1CH_LP07-1_1,00002546,0.022497064438148254,0.12263386545635616,16.47874147732564,0.3173916717458791,7567.0,0.45889192819595337,0.6733404787938643,0.099951171875,5.295215884341934,0.9753047422710388,80.0,0.005151303485035896,0.8347842023274993,5521.0
nist302-registered:00002546/00002546_6D_X_124_WT_D800_1000PPI_8BPC_1CH_LP11-1_1,00002546,0.13767249201656892,0.3195215659949485,8.611528263286903,0.22656114141752748,5803.0,0.7891451120376587,0.4659009312556171,0.07573084677419355,4.3797045921933035,0.3608734860503938,31.0,0.03709367662668228,0.8136255651774082,3702.0
nist302-registered:00002546/00002546_7C_X_212_CA_D800_1000PPI_8BPC_1CH_LP06-1_1,00002546,0.021353319747141514,0.12603834931584845,16.705345967145263,0.3201081700434994,5467.0,0.40660008788108826,0.704232177881407,0.07979910714285714,3.869674290468629,0.6584776189471906,35.0,0.003812560113146901,0.7539195637355146,6941.0
nist302-registered:00002547/00002547_1C_L_L01_BP_S21_1000PPI_8BPC_1CH_LP01-1_1,00002547,0.014365543278479822,0.09716520548080841,18.426779451412713,0.38845792146273334,2228.0,0.4749191105365753,0.11978645468188628,nan,nan,nan,0.0,0.0035481504164636135,0.8036551835678474,10273.0
nist302-registered:00002547/00002547_1C_R_L01_BP_S21_1000PPI_8BPC_1CH_LP08-1_1,00002547,0.014941572502254231,0.10267311161043874,18.256036934768694,0.38468261319665104,5838.0,0.37765151262283325,0.40835218809078827,0.08283025568181818,5.462177732895551,0.8839254579023471,44.0,0.011147954501211643,0.733753486930468,7551.0
nist302-registered:00002547/00002547_1C_X_L01_BP_S21_1000PPI_8BPC_1CH_LP01-1_1,00002547,0.022419522814695617,0.12308473372634571,16.493736353248995,0.19771795305118023,3539.0,0.5286817252635956,0.45541364686700136,0.10094572368421052,4.366988540576777,0.9558701139232851,19.0,0.005548050161451101,0.9350700872784977,9000.0
nist302-registered:00002547/00002547_1E_R_L01_BP_S21_1000PPI_8BPC_1CH_LP05-1_1,00002547,0.02173115480221015,0.12980936183412994,16.629171944847343,0.44400783768945523,4755.0,0.4486636817455292,0.7190878098056165,0.07954545454545454,7.064367998311752,0.753821439034035,44.0,0.010855801403522491,0.5771795505062979,8547.0
nist302-registered:00002547/00002547_1G_R_L01_BP_S21_1000PPI_8BPC_1CH_LP02-1_1,00002547,0.020597471402144876,0.1248795135912954,16.86186091451181,0.2153601268877618,3973.0,0.3703336715698242,0.48559804191585854,0.09040178571428571,4.3826729998258305,0.8446078617632115,14.0,0.011190168559551239,0.867930391547545,6940.0
nist302-registered:00002547/00002547_6C_X_155_BT_D800_1000PPI_8BPC_1CH_LP06-3_1,00002547,0.026986494994301936,0.11208958034615832,15.688535179437203,0.4557740937130879,3489.0,0.5477084815502167,0.5457743852088252,0.056107954545454544,3.781794565028217,0.48399074149466,11.0,0.056445445865392685,0.7191874539522155,7982.0
nist302-registered:00002547/00002547_6C_X_155_BT_D800_1000PPI_8BPC_1CH_LP07-1_1,00002547,0.0948514303374245,0.26322441976863653,10.229561156665469,0.2840236472935805,5380.0,0.60650435090065,0.3746578693321515,0.0882568359375,5.534449508182794,0.5038249299134451,32.0,0.01818755269050598,0.7963272120200334,4557.0
nist302-registered:00002547/00002547_7D_X_177_CA_D800_1000PPI_8BPC_1CH_LP01-1_1,00002547,0.02832724055570331,0.12387600929465754,15.477957293906028,0.25804466358891864,6522.0,0.9559279195964336,0.6595633567888101,0.09947467672413793,4.88920058201223,0.9255225613001067,58.0,0.006909053772687912,0.7505055880787653,7187.0
nist302-registered:00002561/00002561_1C_R_L03_BP_S11_1000PPI_8BPC_1CH_LP03-1_1,00002561,0.024977196191271832,0.1311126738444142,16.024563148410465,0.22980132334758077,2262.0,0.4370543360710144,0.5322775764251664,0.0830078125,2.3561515577201853,0.5773568211068211,4.0,0.01218708511441946,0.857895552456222,10267.0
nist302-registered:00002561/00002561_1E_L_L01_BP_S11_1000PPI_8BPC_1CH_LP04-1_1,00002561,0.01526194375746638,0.10118542333455585,18.163901512184047,0.23261553910517524,5127.0,0.4239070415496826,0.4168524426741331,0.14784307065217392,4.7981417250837515,1.3912230862333888,46.0,0.010173493064939976,0.950544015825915,8413.0
nist302-registered:00002561/00002561_1F_L_L01_BP_S11_1000PPI_8BPC_1CH_LP04-1_1,00002561,0.02971432805044338,0.14346650696319083,15.270340862802168,0.1393442057149216,920.0,0.41953763365745544,0.10823191661554406,nan,nan,nan,0.0,0.011912140063941479,0.9584839962501674,9195.0
nist302-registered:00002561/00002561_1G_L_L01_BP_S11_1000PPI_8BPC_1CH_LP01-1_1,00002561,0.021619053586596375,0.13363718007674896,16.651633219976613,0.454139973394065,4226.0,0.3595476746559143,0.3003075931116426,0.08203125,8.540889551253617,0.6001349880629527,40.0,0.006422286853194237,0.6014712937789861,10241.0
nist302-registered:00002561/00002561_1G_R_L01_BP_S11_1000PPI_8BPC_1CH_LP01-1_1,00002561,0.022678074084767796,0.11793775634249373,16.443938302849876,0.23992202224016532,2226.0,0.38254213333129883,0.6427227905829899,0.046875,1.5952078734938626,0.2917669715936447,2.0,0.026582982391119003,0.8512527365604475,8950.0
nist302-registered:00002561/00002561_6E_X_092_BT_D800_1000PPI_8BPC_1CH_LP11-1_1,00002561,0.009232723490786314,0.07296202893947931,20.34670170853751,0.5771226681101634,497.0,0.36116936802864075,0.01345758083011327,nan,nan,nan,0.0,0.027982205152511597,0.9326129188926664,8701.0
nist302-registered:00002575/00002575_1C_L_L01_BP_S22_1000PPI_8BPC_1CH_LP01-1_1,00002575,0.02146547626120957,0.12793263751837683,16.68259471250666,0.2626342151332705,5214.0,0.41812166571617126,1.313106566285355,0.094482421875,3.7469538446727655,0.9097277193248328,48.0,0.012915657833218575,0.83789592760181,7803.0
nist302-registered:00002575/00002575_1D_X_L01_BP_S22_1000PPI_8BPC_1CH_LP04-1_1,00002575,0.017676587702258457,0.11085056594379668,17.526015676661583,0.31027544679953933,2544.0,0.41388779878616333,0.1909917371226623,nan,nan,nan,0.0,0.0019138623028993607,0.8340911740701877,7821.0
nist302-registered:00002575/00002575_1H_L_L01_BP_S22_1000PPI_8BPC_1CH_LP09-1_1,00002575,0.02785860923748523,0.14110301108653134,15.550405682983461,0.1798638437483668,863.0,0.44040560722351074,0.12784122904799294,nan,nan,nan,0.0,0.011458897963166237,0.9318144566464514,10652.0
nist302-registered:00002575/00002575_2A_X_L02_BP_S22_1000PPI_8BPC_1CH_LP08-1_1,00002575,0.03355611000611087,0.1530849758889876,14.742283905369895,0.11680011275916205,1651.0,0.4236599802970886,0.12624123961952818,nan,nan,nan,0.0,0.012218734249472618,0.9312267657992565,9645.0
nist302-registered:00002575/00002575_4A_X_627_IN_D800_1000PPI_8BPC_1CH_LP15-1_1,00002575,0.05475437114244257,0.183576862262132,12.61581204574319,0.19621036024719773,2881.0,0.7781275361776352,0.4348484867225216,nan,nan,nan,0.0,0.04843619093298912,0.8393064806004863,7893.0
nist302-registered:00002575/00002575_5A_X_597_IN_D800_1000PPI_8BPC_1CH_LP07-1_1,00002575,0.19537970932418097,0.37277777157983655,7.091205408532097,0.23324513561093904,6167.0,0.8651883453130722,0.5099395762005042,0.07575334821428571,6.874941571383198,0.7825981280035185,56.0,0.02691207081079483,0.6973169368362213,6074.0
nist302-registered:00002575/00002575_5A_X_598_IN_D800_1000PPI_8BPC_1CH_LP03-1_1,00002575,0.04505317467610675,0.16817222000347118,13.462746010059575,0.5381550716809937,1694.0,0.6593515574932098,0.05697861516440087,nan,nan,nan,0.0,0.04467020556330681,0.9294276701216765,5873.0
nist302-registered:00002575/00002575_5A_X_599_IN_D800_1000PPI_8BPC_1CH_LP01-1_1,00002575,0.01890041345459115,0.11622906750098196,17.2352869534615,0.35467798929426164,1793.0,0.30456459522247314,0.08152696978014838,nan,nan,nan,0.0,0.004980534315109253,0.9024811751635601,8318.0
nist302-registered:00002575/00002575_5A_X_599_IN_D800_1000PPI_8BPC_1CH_LP08-1_1,00002575,0.02959534847805625,0.1443238378154462,15.287765419497426,0.3609872203553572,2912.0,0.6146639883518219,0.08828025356067365,nan,nan,nan,0.0,0.012718877755105495,0.8966128746231601,5297.0
nist302-registered:00002575/00002575_6E_X_078_BT_D800_1000PPI_8BPC_1CH_LP06-1_1,00002575,0.1311233807643666,0.32208158436092743,8.823198618446584,0.1950262247094316,4624.0,0.8741965591907501,0.31842587542170847,0.060369318181818184,1.932360228976468,0.3481045099966156,11.0,0.030201032757759094,0.9082832022211939,5868.0
nist302-registered:00002575/00002575_6E_X_078_BT_D800_1000PPI_8BPC_1CH_LP13-1_1,00002575,0.053388000915637904,0.18650805481034008,12.725563407559061,0.25832762308855084,4107.0,0.7971638441085815,0.27101548045843854,0.04954769736842105,3.540457942883539,0.3616152805689782,19.0,0.017398083582520485,0.8371754700089525,7727.0
nist302-registered:00002583/00002583_1C_L_L01_BP_S21_1000PPI_8BPC_1CH_LP03-1_1,00002583,0.015473833658370136,0.1063710880287376,18.104020760605728,0.2677198722670236,3043.0,0.4237081706523895,0.15534605589534428,0.13589638157894737,8.68514237120008,1.9846058838843508,19.0,0.005111979320645332,0.8637823221226973,10542.0
nist302-registered:00002583/00002583_1C_R_L01_BP_S21_1000PPI_8BPC_1CH_LP05-1_1,00002583,0.016704854886962855,0.10650425867644779,17.77157292672663,0.26632129913401803,2962.0,0.5273792147636414,0.4201755832758893,0.090234375,4.310149552140345,0.9509676328574057,20.0,0.010813288390636444,0.8415885111371629,10301.0
nist302-registered:00002583/00002583_1D_L_L01_BP_S21_1000PPI_8BPC_1CH_LP03-1_1,00002583,0.018868993493145234,0.111643038906537,17.24251265284524,0.20113915661405235,1549.0,0.37037378549575806,0.27216540394756156,nan,nan,nan,0.0,0.009417461231350899,0.9074947163062916,10435.0
nist302-registered:00002583/00002583_1D_L_L01_BP_S21_1000PPI_8BPC_1CH_LP04-1_1,00002583,0.015652422917020056,0.10028696753504722,18.05418426293542,0.1968928730434403,1685.0,0.39371299743652344,0.1587417996261194,nan,nan,nan,0.0,0.003442196873947978,0.9399820842042401,9702.0
nist302-registered:00002583/00002583_1D_R_L01_BP_S21_1000PPI_8BPC_1CH_LP01-1_1,00002583,0.02116162509032678,0.11983788254436373,16.744509840536107,0.20155109395463722,2189.0,0.5074790418148041,0.4554723345034177,nan,nan,nan,0.0,0.02286170981824398,0.7738266440057524,10262.0
nist302-registered:00002583/00002583_1D_R_L01_BP_S21_1000PPI_8BPC_1CH_LP03-1_1,00002583,0.015441735676726152,0.10232459444967465,18.11303885835836,0.29876325829001754,2811.0,0.3575069308280945,0.4069413476830917,0.07421875,3.624656019692673,0.6864152343143939,9.0,0.008856200613081455,0.8655243317340644,9329.0
nist302-registered:00002583/00002583_1G_L_L01_BP_S21_1000PPI_8BPC_1CH_LP03-1_1,00002583,0.016246363533029603,0.10629571279035957,17.892438331020223,0.417831826524216,1361.0,0.3966529071331024,0.08834833830215119,nan,nan,nan,0.0,0.014276677742600441,0.9465367708209576,8211.0
nist302-registered:00002583/00002583_1G_R_L01_BP_S21_1000PPI_8BPC_1CH_LP01-1_1,00002583,0.019747611800489756,0.11621466707111451,17.044854187505756,0.25276044803655096,912.0,0.4045846462249756,0.07711696288986963,nan,nan,nan,0.0,0.0060372427105903625,0.9647868678845645,8920.0
nist302-registered:00002583/00002583_1G_R_L01_BP_S21_1000PPI_8BPC_1CH_LP03-1_1,00002583,0.020354012863976426,0.11848849650862091,16.91349955339289,0.24715867207814854,2323.0,0.5081320106983185,0.5767437322216474,nan,nan,nan,0.0,0.016730355098843575,0.9422278597785978,8148.0
nist302-registered:00002583/00002583_6E_X_004_BT_D800_1000PPI_8BPC_1CH_LP21-1_1,00002583,0.0828844217556945,0.24961376064038152,10.815270880419668,0.4043303755709282,1323.0,0.6305190622806549,0.1960759074889097,nan,nan,nan,0.0,0.034901585429906845,0.9350176856998484,6876.0
nist302-registered:00002583/00002583_6E_X_004_BT_D800_1000PPI_8BPC_1CH_LP25-1_1,00002583,0.11796862923080285,0.30275996706549163,9.282334669590771,0.18822123899689097,1767.0,0.6502397656440735,0.14202990180818864,nan,nan,nan,0.0,0.014200263656675816,0.912333208629505,8523.0
nist302-registered:00002611/00002611_1A_X_L01_BP_S22_1000PPI_8BPC_1CH_LP08-1_1,00002611,0.0205525631905557,0.12165995437339003,16.871340078464506,0.22104663061311863,1917.0,0.4367038607597351,0.3554575297744377,0.130859375,5.402565487362095,1.4342191436419558,8.0,0.02261711098253727,0.9010989010989011,10280.0
nist302-registered:00002611/00002611_1D_L_L01_BP_S22_1000PPI_8BPC_1CH_LP02-1_1,00002611,0.02500338239341795,0.1307249161692195,16.02001237110589,0.17619639998350214,883.0,0.36559051275253296,0.12353509890305649,nan,nan,nan,0.0,0.009722049348056316,0.9018324607329843,11400.0
nist302-registered:00002611/00002611_1D_R_L01_BP_S22_1000PPI_8BPC_1CH_LP03-1_1,00002611,0.021367704633575516,0.12028983168856863,16.70242128210891,0.1962965825582058,1927.0,0.4416319727897644,0.16060432768737495,nan,nan,nan,0.0,0.005485204514116049,0.9296804824842808,8674.0
nist302-registered:00002611/00002611_1F_L_L01_BP_S22_1000PPI_8BPC_1CH_LP04-1_1,00002611,0.014290216232597547,0.09808714500027886,18.449611996265645,0.24114500770370895,4499.0,0.48013851046562195,0.41769905826075865,0.09040178571428571,3.6891226914664053,0.8201212189808359,35.0,0.011927640996873379,0.8574814509480626,7717.0
nist302-registered:00002611/00002611_1F_R_L01_BP_S22_1000PPI_8BPC_1CH_LP02-1_1,00002611,0.012806461499298507,0.0936078314271225,18.92570851802233,0.2549177521089314,4563.0,0.40705692768096924,0.2526105189960401,0.12867647058823528,5.288629016968938,1.3917890220742928,34.0,0.009655657224357128,0.9356745890977888,8122.0
nist302-registered:00002611/00002611_4D_X_108_IN_D800_1000PPI_8BPC_1CH_LP01-1_1,00002611,0.12593152088869458,0.3068606044622686,8.998655515867567,0.1877255167362089,5897.0,0.7261029779911041,0.5367126459838906,0.089609375,7.323104143926687,0.6504026023336708,50.0,0.0253444816917181,0.6612563044475012,5974.0
nist302-registered:00002611/00002611_4D_X_109_IN_D800_1000PPI_8BPC_1CH_LP08-1_1,00002611,0.07309273418046754,0.2258700258556777,11.361257921551566,0.21397298620103666,6646.0,0.6390931904315948,1.0739032732290237,0.07321428571428572,4.607493628934216,0.5576484133024515,70.0,0.012001625262200832,0.7718406308362731,6947.0
nist302-registered:00002614/00002614_1C_L_L01_BP_S05_1000PPI_8BPC_1CH_LP05-1_1,00002614,0.028696831435769135,0.14547309737939101,15.421660532983699,0.10983028635651342,780.0,0.3775522708892822,0.11205044796870496,nan,nan,nan,0.0,0.00796049740165472,0.9397977941176471,12224.0
nist302-registered:00002614/00002614_1C_R_L01_BP_S05_1000PPI_8BPC_1CH_LP06-1_1,00002614,0.027404505341999872,0.1467732750851175,15.621780326422723,0.17107004128374337,805.0,0.4134918749332428,0.14729007059128582,nan,nan,nan,0.0,0.009710890240967274,0.9287028518859246,12339.0
nist302-registered:00002614/00002614_1F_L_L01_BP_S05_1000PPI_8BPC_1CH_LP03-1_1,00002614,0.024994593185914397,0.13179525230389594,16.021539274671156,0.15390332316718164,2105.0,0.4131140112876892,0.5900729666420329,0.21540178571428573,12.916927699586337,3.8711145996860283,7.0,0.025247717276215553,0.8163024217365623,9467.0
nist302-registered:00002614/00002614_3_X_0262_IN_D800_1000PPI_8BPC_1CH_LP03-1_1,00002614,0.08737164152571263,0.24619938112358072,10.586295047499322,0.2075573539966695,3544.0,0.7366987019777298,0.7507460374448347,0.090234375,4.526920418930237,0.8460485556300394,20.0,0.02234305627644062,0.7754653567735263,10269.0
nist302-registered:00002614/00002614_3_X_0262_IN_D800_1000PPI_8BPC_1CH_LP14-1_1,00002614,0.17886659276238792,0.381106943995039,7.474707658259362,0.14014409044907,8025.0,0.8607542365789413,0.41050949978544793,0.08052884615384616,3.2787790886218464,0.66645560217575,78.0,0.03109710104763508,0.8383407306247866,5443.0
nist302-registered:00002614/00002614_5B_X_0203_IN_D800_1000PPI_8BPC_1CH_LP37-1_1,00002614,0.05916964121784477,0.19118395005055175,12.279010641112361,0.41168890840980527,2034.0,0.8423282951116562,0.1469352319410452,nan,nan,nan,0.0,0.019655480980873108,0.9254827304868098,5567.0
nist302-registered:00002614/00002614_5B_X_0203_IN_D800_1000PPI_8BPC_1CH_LP39-1_1,00002614,0.07547238429740737,0.21662570184199184,11.222119297111238,0.23409179227289545,4414.0,0.8543251231312752,0.6768969313262234,0.0927734375,3.31115566183246,0.7082720891092151,24.0,0.044783350080251694,0.8769402360814202,6486.0
nist302-registered:00002614/00002614_5B_X_0205_IN_D800_1000PPI_8BPC_1CH_LP18-1_1,00002614,0.18015917419065577,0.37002666918657173,7.443436175329178,0.161133753497187,4835.0,0.9774662237614393,0.292473296922475,0.0671875,2.562489382400306,0.5348507847851065,35.0,0.019867023453116417,0.8855806039982986,7166.0
nist302-registered:00002614/00002614_5B_X_0207_IN_D800_1000PPI_8BPC_1CH_LP14-1_1,00002614,0.10313531355710032,0.2659209211292327,9.865926067137917,0.2216360583500057,5218.0,0.7903633713722229,0.30066661578998277,0.0733173076923077,3.599536471385681,0.7172704982317745,26.0,0.033614955842494965,0.8855666297526763,6390.0
nist302-registered:00002614/00002614_5B_X_0209_IN_D800_1000PPI_8BPC_1CH_LP41-1_1,00002614,0.13994099233161675,0.2974646226228247,8.540550507996294,0.18159130436243356,4967.0,0.9975562490290031,0.5069649290941248,0.08213682432432433,6.336896265172368,0.7086055209616497,37.0,0.015322279185056686,0.8149149922720247,6266.0
nist302-registered:00002625/00002625_1D_L_L01_BP_S23_1000PPI_8BPC_1CH_LP03-1_1,00002625,0.01990699039171762,0.12420492542982102,17.009943931653282,0.32172476156846935,7500.0,0.4920920133590698,0.4299191185660089,0.07583333333333334,1.9436155753658029,0.49261898352071654,75.0,0.021667230874300003,0.7577730750447664,4463.0
nist302-registered:00002625/00002625_1F_L_L01_BP_S23_1000PPI_8BPC_1CH_LP02-1_1,00002625,0.015299246738049443,0.10171029087833046,18.15329951245262,0.315891035116634,4028.0,0.4435093402862549,0.38532058290883825,0.09453125,4.53995192382753,1.0024981922319496,30.0,0.01779344119131565,0.8426640926640927,8898.0
nist302-registered:00002625/00002625_1F_R_L01_BP_S23_1000PPI_8BPC_1CH_LP02-1_1,00002625,0.010987953062226817,0.08478688078677313,19.590832044443612,0.30553049953453454,4402.0,0.37409329414367676,0.3105907712040734,0.1778846153846154,5.92304087269721,1.8192866303889248,26.0,0.01001784298568964,0.9038870141232346,8533.0
nist302-registered:00002625/00002625_1H_L_L01_BP_S23_1000PPI_8BPC_1CH_LP05-1_1,00002625,0.03259216719545867,0.15013758560655102,14.86886760438939,0.16298540372301337,1192.0,0.5427240431308746,0.10061509359602168,nan,nan,nan,0.0,0.011228816583752632,0.9342169064166801,10518.0
nist302-registered:00002625/00002625_1H_L_L01_BP_S23_1000PPI_8BPC_1CH_LP06-1_1,00002625,0.029630798797268005,0.14710372125201152,15.282566405020784,0.20552547293270543,701.0,0.4055061340332031,0.021479700356088035,nan,nan,nan,0.0,0.006126662716269493,0.9647469458987784,10792.0
nist302-registered:00002625/00002625_4E_X_439_IN_D800_1000PPI_8BPC_1CH_LP16-1_1,00002625,0.054166479749437786,0.19621193419081734,12.662693880618978,0.2781236654995432,1915.0,0.7250601500272751,0.15220041674904553,nan,nan,nan,0.0,0.0027666545938700438,0.8788031814164878,8465.0
nist302-registered:00002625/00002625_6A_X_099_BT_D800_1000PPI_8BPC_1CH_LP02-1_1,00002625,0.05742025187747213,0.22165220772247698,12.409349067758358,0.2030766798735661,944.0,0.4691302180290222,0.26311581868491635,nan,nan,nan,0.0,0.13416562974452972,0.8363481228668942,6574.0
nist302-registered:00002626/00002626_1A_X_L01_BP_S21_1000PPI_8BPC_1CH_LP04-1_1,00002626,0.024285558231030405,0.13537450330272602,16.14651909326223,0.18181514064304052,2355.0,0.6119680404663086,0.30827260210366875,0.09735576923076923,6.337766860904218,1.290427658991732,13.0,0.00926681887358427,0.9576074332171893,9756.0
nist302-registered:00002626/00002626_1D_L_L01_BP_S21_1000PPI_8BPC_1CH_LP03-1_1,00002626,0.019590489226311483,0.11182047926946963,17.079547183883925,0.25629796170477226,3086.0,0.4614715278148651,0.5113785121305542,0.0830078125,3.0970797774846544,0.7456576228945954,8.0,0.004334550350904465,0.8492087644552647,9884.0
nist302-registered:00002626/00002626_1F_R_L01_BP_S21_1000PPI_8BPC_1CH_LP03-1_1,00002626,0.024953656146858374,0.13179572677750054,16.02865813644741,0.21137839130393726,2077.0,0.39943206310272217,0.1875449538828937,nan,nan,nan,0.0,0.005953340791165829,0.914246947082768,9146.0
nist302-registered:00002626/00002626_1H_L_L01_BP_S21_1000PPI_8BPC_1CH_LP03-1_1,00002626,0.01893428211501375,0.1123994410826155,17.227511563154533,0.22360413783120478,3025.0,0.4415884017944336,0.4003342545544138,0.08072916666666667,2.8007026419166428,0.5603637819538203,9.0,0.00983163621276617,0.9373343430518742,5971.0
nist302-registered:00002626/00002626_1H_L_L01_BP_S21_1000PPI_8BPC_1CH_LP04-1_1,00002626,0.013818124358843414,0.09485741040027881,18.595509031185863,0.26478021691200065,3207.0,0.4200418293476105,0.30241249395083536,0.1181640625,3.551941390690126,0.9293998770331169,8.0,0.01240601111203432,0.9042634391015156,7526.0
nist302-registered:00002626/00002626_1H_L_L01_BP_S21_1000PPI_8BPC_1CH_LP05-1_1,00002626,0.040754589088427606,0.15960005705239455,13.898234813149958,0.21823399466245846,2076.0,0.5364211201667786,0.23190082632416423,nan,nan,nan,0.0,0.0035688194911926985,0.8843499861992824,9168.0
nist302-registered:00002626/00002626_1H_R_L01_BP_S21_1000PPI_8BPC_1CH_LP04-2_1,00002626,0.02620725398729238,0.13186997269154774,15.81578482320989,0.20482062255627256,1618.0,0.4770856201648712,0.8066149516738114,nan,nan,nan,0.0,0.020081834867596626,0.7054618244209322,13689.0
nist302-registered:00002626/00002626_1H_R_L01_BP_S21_1000PPI_8BPC_1CH_LP04-3_1,00002626,0.01299350775877265,0.09173473959568518,18.862735899100443,0.36919562657293037,2665.0,0.49726369976997375,0.3828499991330317,0.10546875,10.508834630415178,2.0384615384615388,3.0,0.008001331239938736,0.7647177419354839,11601.0
