sample_id,subject_id,mean_heldout_q1_mse,mean_heldout_q1_mae,mean_heldout_q1_psnr,mean_heldout_q1_ssim_map_mean,mean_heldout_q1_pixels,mean_heldout_q1_max_absolute_error,single_heldout_q1_mse,single_heldout_q1_mae,single_heldout_q1_psnr,single_heldout_q1_ssim_map_mean,single_heldout_q1_pixels,single_heldout_q1_max_absolute_error,mean_heldout_q1_orientation_error,mean_heldout_q1_ridge_frequency_relative_mae,pairwise_diversity_mae,uncertainty_error_spearman
nist302-registered:00002304/00002304_1C_R_L01_BP_S22_1000PPI_8BPC_1CH_LP03-1_1,00002304,0.056341433149045224,0.2134520782653345,12.491721101225925,0.054815712607134665,436.0,0.4304172992706299,0.08278651928159084,0.24516216788543474,10.820403767207303,0.07279568362543083,436.0,0.6265944242477417,0.10797013779705035,"{'ridge_frequency_mae_cpx': nan, 'ridge_period_mae_pixels': nan, 'ridge_frequency_relative_mae': nan, 'ridge_frequency_windows': 0.0}",0.12818333696835996,-0.1287561434154965
nist302-registered:00002304/00002304_1F_R_L01_BP_S22_1000PPI_8BPC_1CH_LP03-1_1,00002304,0.028763494203598212,0.12980993474533425,15.411583567744305,0.28949785473256784,1461.0,0.4902281165122986,0.03660929404348064,0.158484752050905,14.364086457695723,0.2153698771139068,1461.0,0.523745596408844,0.163757707155961,"{'ridge_frequency_mae_cpx': 0.05078125, 'ridge_period_mae_pixels': 5.8825677918224715, 'ridge_frequency_relative_mae': 0.5273628371061723, 'ridge_frequency_windows': 5.0}",0.1150969131240936,-0.240866286352036
nist302-registered:00002304/00002304_1F_R_L01_BP_S22_1000PPI_8BPC_1CH_LP06-1_1,00002304,0.055884689341173376,0.20859138319665962,12.527071589367342,0.3426752733860338,2664.0,0.5159285366535187,0.0658698432578685,0.22061658626025146,11.813133699928839,0.2836336799869258,2664.0,0.5612276792526245,0.5265388270656354,"{'ridge_frequency_mae_cpx': 0.07154605263157894, 'ridge_period_mae_pixels': 7.129093135763677, 'ridge_frequency_relative_mae': 0.4991435875051712, 'ridge_frequency_windows': 19.0}",0.10208108163325935,-0.08075578782648564
nist302-registered:00002304/00002304_2A_X_L02_BP_S22_1000PPI_8BPC_1CH_LP08-1_1,00002304,0.05634052490474041,0.21232687263840044,12.49179111163338,0.08866886883854794,3190.0,0.4973093867301941,0.06158427139549869,0.2129501400042477,12.10530192354515,0.07126988453716315,3190.0,0.5796591937541962,0.4363210165516262,"{'ridge_frequency_mae_cpx': nan, 'ridge_period_mae_pixels': nan, 'ridge_frequency_relative_mae': nan, 'ridge_frequency_windows': 0.0}",0.12353623581655099,0.033363033606037096
nist302-registered:00002304/00002304_5A_X_647_IN_D800_1000PPI_8BPC_1CH_LP04-1_1,00002304,0.017906313167694074,0.11360856462730066,17.469938242990384,0.31530258754943885,1741.0,0.3173755407333374,0.02531510805089039,0.12942838689364763,15.96620214601244,0.24311413857538822,1741.0,0.39765238761901855,0.25779062158521154,"{'ridge_frequency_mae_cpx': nan, 'ridge_period_mae_pixels': nan, 'ridge_frequency_relative_mae': nan, 'ridge_frequency_windows': 0.0}",0.11480350300552698,-0.22163645415894348
nist302-registered:00002304/00002304_5A_X_648_IN_D800_1000PPI_8BPC_1CH_LP04-1_1,00002304,0.04914604432427006,0.20549665063432176,13.085114319981999,0.20745028620016323,954.0,0.5149981379508972,0.052860083193416375,0.20734186748538627,12.768721576928964,0.18862507497696804,954.0,0.5137370526790619,0.38833544027055605,"{'ridge_frequency_mae_cpx': nan, 'ridge_period_mae_pixels': nan, 'ridge_frequency_relative_mae': nan, 'ridge_frequency_windows': 0.0}",0.11087918226886347,-0.10692192917634262
nist302-registered:00002304/00002304_6C_X_222_BT_D800_1000PPI_8BPC_1CH_LP01-1_1,00002304,0.014382589782391514,0.10639531137951241,18.42162906238635,0.24699776246085917,299.0,0.2746886610984802,0.026007716312672874,0.1459240073145034,15.848977806894403,0.13634354861946574,299.0,0.3275969922542572,0.09593443567210586,"{'ridge_frequency_mae_cpx': nan, 'ridge_period_mae_pixels': nan, 'ridge_frequency_relative_mae': nan, 'ridge_frequency_windows': 0.0}",0.10616885065833064,-0.49302462346524206
nist302-registered:00002304/00002304_7D_X_065_CA_D800_1000PPI_8BPC_1CH_LP03-1_1,00002304,0.1025640986979514,0.2847695123815458,9.890046320692562,0.06134984515972045,607.0,0.5729688405990601,0.0864265752093771,0.25492549949069393,10.63352696269142,0.17717967598361056,607.0,0.5741197168827057,0.17249417577894502,"{'ridge_frequency_mae_cpx': nan, 'ridge_period_mae_pixels': nan, 'ridge_frequency_relative_mae': nan, 'ridge_frequency_windows': 0.0}",0.12239884852315619,-0.14038611114211222
nist302-registered:00002304/00002304_7D_X_066_CA_D800_1000PPI_8BPC_1CH_LP45-1_1,00002304,0.05107914326376552,0.18091927184759793,12.917563956478437,0.23431196820396724,1915.0,0.6473709642887115,0.06915073346808764,0.21771863327013918,11.602032090549779,0.1750635889625246,1915.0,0.6347567439079285,0.6197708426950864,"{'ridge_frequency_mae_cpx': 0.041015625, 'ridge_period_mae_pixels': 7.468780045124131, 'ridge_frequency_relative_mae': 0.3782068240401573, 'ridge_frequency_windows': 6.0}",0.1243824784759857,-0.11729670648096145
nist302-registered:00002325/00002325_1H_R_L01_BP_S21_1000PPI_8BPC_1CH_LP03-1_1,00002325,0.03894371866388534,0.18634277625812148,14.095625808566512,0.2893818776533148,1434.0,0.4052947759628296,0.04384875424227357,0.18518000822436362,13.580427405736913,0.22322351487220551,1434.0,0.4389437139034271,0.9031592718273591,"{'ridge_frequency_mae_cpx': nan, 'ridge_period_mae_pixels': nan, 'ridge_frequency_relative_mae': nan, 'ridge_frequency_windows': 0.0}",0.10635344941482495,-0.1923988101422787
nist302-registered:00002325/00002325_4A_X_606_IN_D800_1000PPI_8BPC_1CH_LP01-1_1,00002325,0.04606051432855516,0.2041018792190124,13.366712168536317,0.3964336744783033,2364.0,0.4351341128349304,0.03931920961021989,0.16853434756372987,14.053952208849207,0.31127220738679706,2364.0,0.4908826947212219,0.5515999640470665,"{'ridge_frequency_mae_cpx': nan, 'ridge_period_mae_pixels': nan, 'ridge_frequency_relative_mae': nan, 'ridge_frequency_windows': 0.0}",0.11430639957875703,-0.19124494543160492
nist302-registered:00002325/00002325_6E_X_074_BT_D800_1000PPI_8BPC_1CH_LP08-1_1,00002325,0.14080068482059058,0.34889986681459595,8.513952328850976,0.46549015607989547,274.0,0.6281924843788147,0.13722075050330634,0.34236957355789893,8.625802097104295,0.47124901011186554,274.0,0.6597158908843994,0.014367816059246113,"{'ridge_frequency_mae_cpx': nan, 'ridge_period_mae_pixels': nan, 'ridge_frequency_relative_mae': nan, 'ridge_frequency_windows': 0.0}",0.09000455749440948,0.10273726273726275
nist302-registered:00002325/00002325_6E_X_074_BT_D800_1000PPI_8BPC_1CH_LP14-1_1,00002325,0.07277374505951424,0.2302366958898631,11.380252749778121,0.13523997182031353,3558.0,0.6232771873474121,0.07347967069658762,0.2250104184425266,11.338327986778152,0.14674205535631324,3558.0,0.7090426087379456,0.3799420588841102,"{'ridge_frequency_mae_cpx': 0.0, 'ridge_period_mae_pixels': 0.0, 'ridge_frequency_relative_mae': 0.0, 'ridge_frequency_windows': 1.0}",0.12024409108524224,-0.10114864080261361
nist302-registered:00002325/00002325_6E_X_074_BT_D800_1000PPI_8BPC_1CH_LP18-1_1,00002325,0.05017820349169543,0.18168739095225903,12.994848915987305,0.22324834683986974,1571.0,0.6119575798511505,0.0725259908783155,0.22910047727053065,11.395063289845197,0.12334569062078325,1571.0,0.6207833737134933,0.42517417008669406,"{'ridge_frequency_mae_cpx': nan, 'ridge_period_mae_pixels': nan, 'ridge_frequency_relative_mae': nan, 'ridge_frequency_windows': 0.0}",0.13179189216526557,-0.0610251409460942
nist302-registered:00002325/00002325_6E_X_074_BT_D800_1000PPI_8BPC_1CH_LP21-1_1,00002325,0.03283115439284498,0.15208167367051412,14.83713846553987,0.1588174312302549,3240.0,0.4698649048805237,0.04657148225481212,0.17983057506750394,13.318799393307145,0.1229112911511791,3240.0,0.6096810400485992,0.3554867651306475,"{'ridge_frequency_mae_cpx': 0.07975260416666667, 'ridge_period_mae_pixels': 8.432028899812646, 'ridge_frequency_relative_mae': 0.4971358372948566, 'ridge_frequency_windows': 12.0}",0.11831938587435725,-0.061437393839387525
nist302-registered:00002325/00002325_6E_X_074_BT_D800_1000PPI_8BPC_1CH_LP23-1_1,00002325,0.03845809984795787,0.1570334512303133,14.150121773500835,0.27858822432936464,1065.0,0.5512380003929138,0.049760176898085734,0.18925046450655225,13.031180843918772,0.2024453565539206,1065.0,0.5523865222930908,0.3016357227658113,"{'ridge_frequency_mae_cpx': nan, 'ridge_period_mae_pixels': nan, 'ridge_frequency_relative_mae': nan, 'ridge_frequency_windows': 0.0}",0.11924010758202214,-0.11749509598322629
nist302-registered:00002325/00002325_6E_X_074_BT_D800_1000PPI_8BPC_1CH_LP26-1_1,00002325,0.018095460033713862,0.10765132961816554,17.42430371518821,0.34783736874275306,2817.0,0.4511018395423889,0.023614284525369712,0.12183175366907455,16.26825208308373,0.2936016932789885,2817.0,0.5235414206981659,0.3240275858459764,"{'ridge_frequency_mae_cpx': 0.0380859375, 'ridge_period_mae_pixels': 3.231247064771936, 'ridge_frequency_relative_mae': 0.2673093047917334, 'ridge_frequency_windows': 4.0}",0.11612633456599569,-0.02785440009750878
nist302-registered:00002326/00002326_1C_L_L01_BP_S06_1000PPI_8BPC_1CH_LP03-1_1,00002326,0.04222673385617802,0.18665180937573586,13.744125089870094,0.30594394146088544,2746.0,0.4805474877357483,0.05311199771496397,0.1983755657534832,12.748073630457753,0.1916593425208577,2746.0,0.5242317318916321,0.412116120373862,"{'ridge_frequency_mae_cpx': nan, 'ridge_period_mae_pixels': nan, 'ridge_frequency_relative_mae': nan, 'ridge_frequency_windows': 0.0}",0.12893488625859023,-0.31641970671664005
nist302-registered:00002326/00002326_1F_R_L01_BP_S06_1000PPI_8BPC_1CH_LP01-1_1,00002326,0.051164421399729425,0.20888447268255825,12.910319327912081,0.19214888043237321,1740.0,0.41270333528518677,0.050775973889776956,0.19363427706833544,12.943417380186766,0.2045938228188451,1740.0,0.5068272352218628,0.12826007328578795,"{'ridge_frequency_mae_cpx': nan, 'ridge_period_mae_pixels': nan, 'ridge_frequency_relative_mae': nan, 'ridge_frequency_windows': 0.0}",0.10764654058663325,-0.1478325757871798
nist302-registered:00002326/00002326_1F_X_L01_BP_S06_1000PPI_8BPC_1CH_LP03-1_1,00002326,0.04638428149079494,0.20330473958867892,13.336291663921479,0.21547445976493976,1856.0,0.36374431848526,0.039831371641623634,0.1780178683231874,13.997747378755976,0.15695193770406482,1856.0,0.4101595878601074,0.2832237867058963,"{'ridge_frequency_mae_cpx': nan, 'ridge_period_mae_pixels': nan, 'ridge_frequency_relative_mae': nan, 'ridge_frequency_windows': 0.0}",0.10729356865858895,-0.3341487312496837
nist302-registered:00002326/00002326_1F_X_L01_BP_S06_1000PPI_8BPC_1CH_LP06-1_1,00002326,0.05491564609795039,0.22265552749887377,12.603039024365659,0.22411218732802715,1053.0,0.5009037256240845,0.05234022529204048,0.20631937542532244,12.811644123251133,0.18455735487702885,1053.0,0.49360889196395874,0.2731338736607332,"{'ridge_frequency_mae_cpx': nan, 'ridge_period_mae_pixels': nan, 'ridge_frequency_relative_mae': nan, 'ridge_frequency_windows': 0.0}",0.11634696066266337,-0.31851050601276065
nist302-registered:00002326/00002326_1G_L_L01_BP_S06_1000PPI_8BPC_1CH_LP04-1_1,00002326,0.020723246943065494,0.1241855648158931,16.835421978177195,0.44428237471795656,5678.0,0.44256556034088135,0.024571018233828783,0.12707729279134172,16.095768457921924,0.31838082009538343,5678.0,0.5312520861625671,0.6849763113225364,"{'ridge_frequency_mae_cpx': 0.0693359375, 'ridge_period_mae_pixels': 7.863289013570264, 'ridge_frequency_relative_mae': 0.4929478171828026, 'ridge_frequency_windows': 64.0}",0.0990970039951685,-0.01942559175890486
nist302-registered:00002326/00002326_1G_R_L01_BP_S06_1000PPI_8BPC_1CH_LP08-1_1,00002326,0.09238586679317581,0.26907032965214966,10.34394462147919,0.10002628030888874,767.0,0.6008709967136383,0.10413045772991532,0.2760523933786146,9.824222225612015,0.07488977924725708,767.0,0.659173458814621,0.1225814323856812,"{'ridge_frequency_mae_cpx': nan, 'ridge_period_mae_pixels': nan, 'ridge_frequency_relative_mae': nan, 'ridge_frequency_windows': 0.0}",0.11297384232787762,-0.5155375830607195
nist302-registered:00002326/00002326_4D_X_288_IN_D800_1000PPI_8BPC_1CH_LP01-1_1,00002326,0.03240156298314408,0.13973339979788837,14.894340398371318,0.20518990172955165,2125.0,0.5505058169364929,0.04255592670005452,0.15870142033520868,13.710399478264591,0.20055290184695562,2125.0,0.5779079794883728,0.18663795717730072,"{'ridge_frequency_mae_cpx': nan, 'ridge_period_mae_pixels': nan, 'ridge_frequency_relative_mae': nan, 'ridge_frequency_windows': 0.0}",0.1147717665130017,-0.0023754375006057402
nist302-registered:00002326/00002326_6A_X_163_BT_D800_1000PPI_8BPC_1CH_LP01-1_1,00002326,0.035672763708021936,0.15613985482913836,14.47663242872249,0.22773002743297788,3707.0,0.5650181174278259,0.03807790718105249,0.1560243824630019,14.193269291083961,0.16815805521865893,3707.0,0.5708504915237427,0.46531815940037585,"{'ridge_frequency_mae_cpx': 0.05642361111111111, 'ridge_period_mae_pixels': 8.156569839573045, 'ridge_frequency_relative_mae': 0.4136582818585104, 'ridge_frequency_windows': 9.0}",0.11526141027684543,0.04370967521802395
nist302-registered:00002326/00002326_6C_X_083_BT_D800_1000PPI_8BPC_1CH_LP17-1_1,00002326,0.021499463385314,0.10841305045194403,16.67572379698599,0.24397706196935243,1075.0,0.5887750387191772,0.031131301872904332,0.1413545861355094,15.068027172745603,0.1810072089523668,1075.0,0.6279163062572479,0.3878365554302066,"{'ridge_frequency_mae_cpx': nan, 'ridge_period_mae_pixels': nan, 'ridge_frequency_relative_mae': nan, 'ridge_frequency_windows': 0.0}",0.11714746820834256,-0.1943018981469631
nist302-registered:00002326/00002326_6C_X_083_BT_D800_1000PPI_8BPC_1CH_LP25-1_1,00002326,0.04797063999910612,0.19006903948123416,13.190244873663712,0.03193593062872593,657.0,0.4863601326942444,0.05604564808732828,0.20570351852492474,12.51458104479112,0.06496705800536554,657.0,0.551150918006897,0.23527843855788802,"{'ridge_frequency_mae_cpx': nan, 'ridge_period_mae_pixels': nan, 'ridge_frequency_relative_mae': nan, 'ridge_frequency_windows': 0.0}",0.12342839479023039,-0.010760078142481054
nist302-registered:00002326/00002326_6C_X_083_BT_D800_1000PPI_8BPC_1CH_LP27-1_1,00002326,0.04419750855517923,0.18121713017722513,13.546022114480618,0.25231597622477686,2745.0,0.5980369448661804,0.05163145372686755,0.17774613459470712,12.870856468553793,0.20099951975417804,2745.0,0.7012199461460114,0.7307505619715434,"{'ridge_frequency_mae_cpx': 0.1015625, 'ridge_period_mae_pixels': 8.144068866293829, 'ridge_frequency_relative_mae': 0.8923511572894502, 'ridge_frequency_windows': 8.0}",0.11831089333378335,-0.14640300136558934
nist302-registered:00002334/00002334_1C_L_L01_BP_S21_1000PPI_8BPC_1CH_LP06-1_1,00002334,0.09757658868677851,0.30784985126072995,10.106543690522521,0.507237096954048,3843.0,0.5073449015617371,0.10513610124423839,0.3124270176099608,9.782481319353199,0.4187361156799603,3843.0,0.5550495088100433,0.9718382502121341,"{'ridge_frequency_mae_cpx': 0.0646701388888889, 'ridge_period_mae_pixels': 8.956356331808113, 'ridge_frequency_relative_mae': 0.5650941220324758, 'ridge_frequency_windows': 36.0}",0.0897310632856569,-0.12515354482634997
nist302-registered:00002334/00002334_1D_L_L01_BP_S21_1000PPI_8BPC_1CH_LP01-1_1,00002334,0.05682027051965734,0.20624449794806451,12.454967029447486,0.2535861125631851,1591.0,0.48386216163635254,0.06055025583449014,0.20187111096813723,12.178840175535859,0.25096086149800884,1591.0,0.5342061221599579,0.10855306902744091,"{'ridge_frequency_mae_cpx': nan, 'ridge_period_mae_pixels': nan, 'ridge_frequency_relative_mae': nan, 'ridge_frequency_windows': 0.0}",0.1136394794409864,-0.11332129976161896
nist302-registered:00002334/00002334_1G_R_L01_BP_S21_1000PPI_8BPC_1CH_LP01-1_1,00002334,0.02724764232330826,0.14588644412458449,15.646710702781663,0.17818447986804054,589.0,0.4056439995765686,0.030131540230978048,0.14913470266427978,15.2097866797092,0.19509543786517233,589.0,0.42486241459846497,0.09539178410623965,"{'ridge_frequency_mae_cpx': nan, 'ridge_period_mae_pixels': nan, 'ridge_frequency_relative_mae': nan, 'ridge_frequency_windows': 0.0}",0.12115842918588675,-0.3932471241944459
nist302-registered:00002334/00002334_1H_L_L01_BP_S21_1000PPI_8BPC_1CH_LP01-1_1,00002334,0.09222938124156271,0.29105686070994313,10.351307049941923,0.34177584636328884,3199.0,0.5070431232452393,0.09570557943795377,0.28305622114543433,10.190627430122614,0.26513171159707705,3199.0,0.656577080488205,0.6244401844484282,"{'ridge_frequency_mae_cpx': 0.04470486111111111, 'ridge_period_mae_pixels': 5.854780754950152, 'ridge_frequency_relative_mae': 0.3672357655116276, 'ridge_frequency_windows': 9.0}",0.10553368835992287,-0.17986769324900426
nist302-registered:00002334/00002334_1H_L_L01_BP_S21_1000PPI_8BPC_1CH_LP10-1_1,00002334,0.08839786093408619,0.28590891857094947,10.535582439887659,0.3568965640000073,4105.0,0.5088264346122742,0.0810979308112382,0.2644060331125643,10.909902265376157,0.28220407646659135,4105.0,0.5872005224227905,0.6063875546711355,"{'ridge_frequency_mae_cpx': 0.09654017857142858, 'ridge_period_mae_pixels': 6.165639537427256, 'ridge_frequency_relative_mae': 0.47340242759902557, 'ridge_frequency_windows': 14.0}",0.1055137124842761,0.10675952751419428
nist302-registered:00002334/00002334_1H_R_L01_BP_S21_1000PPI_8BPC_1CH_LP04-1_1,00002334,0.1042516061759378,0.3135800174352899,9.81917245246548,0.34642067649982733,3337.0,0.5401434898376465,0.11669145403205268,0.3208443497536173,9.329609486043681,0.2517592323434743,3337.0,0.5661734640598297,0.6661901255710047,"{'ridge_frequency_mae_cpx': 0.07254464285714286, 'ridge_period_mae_pixels': 7.474079855355312, 'ridge_frequency_relative_mae': 0.4848565500511003, 'ridge_frequency_windows': 14.0}",0.09770834649874964,-0.41094173357119795
nist302-registered:00002334/00002334_4G_X_066_IN_D800_1000PPI_8BPC_1CH_LP03-1_1,00002334,0.031291698765351886,0.14702014468790803,15.045708592126397,0.1829741826341542,3013.0,0.47174882888793945,0.03972319275674124,0.16770672664130362,14.009558522987778,0.15328668028108527,3013.0,0.5899319350719452,0.48416010949549176,"{'ridge_frequency_mae_cpx': nan, 'ridge_period_mae_pixels': nan, 'ridge_frequency_relative_mae': nan, 'ridge_frequency_windows': 0.0}",0.1211391291397179,-0.10744419162220768
nist302-registered:00002342/00002342_4F_X_452_IN_D800_1000PPI_8BPC_1CH_LP13-1_1,00002342,0.0172474757108809,0.10887711276222208,17.63274457985242,0.342182123041268,895.0,0.5118011087179184,0.02363400358357044,0.12600248014793716,16.26462702956121,0.25386107373335376,895.0,0.4739825129508972,0.1748839311183176,"{'ridge_frequency_mae_cpx': nan, 'ridge_period_mae_pixels': nan, 'ridge_frequency_relative_mae': nan, 'ridge_frequency_windows': 0.0}",0.1058889578563097,0.18107977096578948
nist302-registered:00002342/00002342_4F_X_462_IN_D800_1000PPI_8BPC_1CH_LP43-1_1,00002342,0.026494587482076497,0.12696985084062828,15.768428380161382,0.26999511372097323,1756.0,0.5193922966718674,0.03739699889056418,0.15857608792857864,14.27163248536517,0.24256629257407938,1756.0,0.5470578670501709,0.34671626603524436,"{'ridge_frequency_mae_cpx': nan, 'ridge_period_mae_pixels': nan, 'ridge_frequency_relative_mae': nan, 'ridge_frequency_windows': 0.0}",0.11460232836510435,-0.04932122896711012
nist302-registered:00002342/00002342_6E_X_153_BT_D800_1000PPI_8BPC_1CH_LP17-1_1,00002342,0.052296932946915314,0.19115620298875358,12.815237804116661,0.17574687379353818,3179.0,0.5713572353124619,0.05515055640857157,0.18913896096862687,12.584501016471208,0.19186840581298195,3179.0,0.6328489929437637,0.39058557367301183,"{'ridge_frequency_mae_cpx': nan, 'ridge_period_mae_pixels': nan, 'ridge_frequency_relative_mae': nan, 'ridge_frequency_windows': 0.0}",0.11240421383994874,0.08000769989171351
nist302-registered:00002360/00002360_1D_L_L01_BP_S06_1000PPI_8BPC_1CH_LP01-1_1,00002360,0.05509649869144192,0.20666627599939583,12.588759991028649,0.2383066763190439,2333.0,0.6109296232461929,0.056991850284726094,0.2106996370560102,12.441872430893014,0.19617415595791934,2333.0,0.591740146279335,0.6216676824392041,"{'ridge_frequency_mae_cpx': 0.03515625, 'ridge_period_mae_pixels': 2.8693587928763575, 'ridge_frequency_relative_mae': 0.2529278442664741, 'ridge_frequency_windows': 10.0}",0.09181229045244947,-0.20770907674752606
nist302-registered:00002360/00002360_1D_R_L01_BP_S06_1000PPI_8BPC_1CH_LP03-1_1,00002360,0.061928130169812086,0.23720859607683878,12.081120326852782,0.17827007200457057,1658.0,0.5216085314750671,0.06495307708558494,0.23486016288094125,11.874002698467654,0.166624317568391,1658.0,0.5988748669624329,0.18433712856100604,"{'ridge_frequency_mae_cpx': nan, 'ridge_period_mae_pixels': nan, 'ridge_frequency_relative_mae': nan, 'ridge_frequency_windows': 0.0}",0.10480127504876591,-0.09641110078747549
nist302-registered:00002360/00002360_1E_L_L01_BP_S06_1000PPI_8BPC_1CH_LP02-1_1,00002360,0.03502451273841856,0.15491037367224228,14.556278979119394,0.2282044076960742,2307.0,0.48588496446609497,0.03836186238956879,0.16456622234091492,14.161003168851291,0.22312769306358982,2307.0,0.5335233807563782,0.5337360672987086,"{'ridge_frequency_mae_cpx': 0.07271634615384616, 'ridge_period_mae_pixels': 4.452976066158717, 'ridge_frequency_relative_mae': 0.40540009157672896, 'ridge_frequency_windows': 13.0}",0.09922132523521282,-0.18382385812317928
nist302-registered:00002360/00002360_1E_R_L01_BP_S06_1000PPI_8BPC_1CH_LP01-1_1,00002360,0.04196319900888809,0.1650702631859124,13.771314113519274,0.23272309823901413,1855.0,0.4723632037639618,0.05049627268978569,0.18145751927419493,12.967406775248993,0.2358473109344049,1855.0,0.5934165418148041,0.3479578821780044,"{'ridge_frequency_mae_cpx': nan, 'ridge_period_mae_pixels': nan, 'ridge_frequency_relative_mae': nan, 'ridge_frequency_windows': 0.0}",0.10677313038147147,-0.21175212195344245
nist302-registered:00002360/00002360_1G_L_L01_BP_S06_1000PPI_8BPC_1CH_LP01-1_1,00002360,0.03944525356232959,0.17913797883173593,14.040052478589956,0.3283411379500357,2080.0,0.5006029307842255,0.04843040929631931,0.18900069012664833,13.148818606172679,0.2688133650251492,2080.0,0.5372839570045471,0.6296843274148178,"{'ridge_frequency_mae_cpx': 0.08984375, 'ridge_period_mae_pixels': 7.678382949243026, 'ridge_frequency_relative_mae': 0.5542973286875726, 'ridge_frequency_windows': 2.0}",0.11158780413440977,-0.1903066872792966
nist302-registered:00002360/00002360_1G_L_L01_BP_S06_1000PPI_8BPC_1CH_LP07-1_1,00002360,0.03146210442336583,0.13903822033969035,15.022122318434029,0.21563569818678097,1328.0,0.546981930732727,0.04540862636732167,0.17046934619815235,13.428616355162411,0.1404970797369294,1328.0,0.6402652859687805,0.57537700308126,"{'ridge_frequency_mae_cpx': nan, 'ridge_period_mae_pixels': nan, 'ridge_frequency_relative_mae': nan, 'ridge_frequency_windows': 0.0}",0.10131803460523904,-0.21625957913861046
nist302-registered:00002360/00002360_1G_L_L01_BP_S06_1000PPI_8BPC_1CH_LP10-1_1,00002360,0.044143479769504876,0.19458760227384655,13.55133434991128,0.4376523572550966,4482.0,0.5155528783798218,0.05610727056086417,0.20821335430338891,12.509808578192196,0.28852603508614016,4482.0,0.5364100635051727,1.1111713647195316,"{'ridge_frequency_mae_cpx': 0.06993140243902439, 'ridge_period_mae_pixels': 7.065847695468337, 'ridge_frequency_relative_mae': 0.46634658441442517, 'ridge_frequency_windows': 41.0}",0.12166757019222556,-0.06954426622525552
nist302-registered:00002360/00002360_1G_L_L01_BP_S06_1000PPI_8BPC_1CH_LP12-1_1,00002360,0.04116696709581729,0.18235488743003872,13.854511277090896,0.1038896108630188,576.0,0.49026012420654297,0.047871308813088126,0.1826886212349766,13.199246986402217,0.059776829717971075,576.0,0.5112374126911163,0.3879632178387668,"{'ridge_frequency_mae_cpx': nan, 'ridge_period_mae_pixels': nan, 'ridge_frequency_relative_mae': nan, 'ridge_frequency_windows': 0.0}",0.11224894906842597,-0.12385885263607367
nist302-registered:00002360/00002360_1G_R_L01_BP_S06_1000PPI_8BPC_1CH_LP01-1_1,00002360,0.023843894573984566,0.1290866591467345,16.226228070756573,0.25757886566031934,1210.0,0.44923698902130127,0.02599327672974391,0.1325310641576436,15.851389695968559,0.21558319137381168,1210.0,0.40332210063934326,0.36605533505664445,"{'ridge_frequency_mae_cpx': nan, 'ridge_period_mae_pixels': nan, 'ridge_frequency_relative_mae': nan, 'ridge_frequency_windows': 0.0}",0.11000987043393873,-0.18870737521085867
nist302-registered:00002360/00002360_1G_R_L01_BP_S06_1000PPI_8BPC_1CH_LP02-1_1,00002360,0.030667273386828117,0.15487120609847913,15.133248352237265,0.3567106338636037,2982.0,0.490913987159729,0.039028680526105766,0.1624795024143938,14.086161310123149,0.27289073831732596,2982.0,0.5900427997112274,0.695163388193112,"{'ridge_frequency_mae_cpx': 0.045247395833333336, 'ridge_period_mae_pixels': 3.6384689410683815, 'ridge_frequency_relative_mae': 0.285120873793898, 'ridge_frequency_windows': 12.0}",0.12069160935131466,-0.11332409956114858
nist302-registered:00002360/00002360_1G_R_L01_BP_S06_1000PPI_8BPC_1CH_LP03-1_1,00002360,0.029333660466814293,0.14154406969504704,15.32633739223809,0.4550231940536703,5209.0,0.5092224478721619,0.038917792902121426,0.16572555713677364,14.098517973247844,0.358567523951934,5209.0,0.5498476028442383,0.7802295436043657,"{'ridge_frequency_mae_cpx': 0.0975609756097561, 'ridge_period_mae_pixels': 10.857132409453078, 'ridge_frequency_relative_mae': 0.5638443681553773, 'ridge_frequency_windows': 41.0}",0.10891579188382151,0.04154011165295733
nist302-registered:00002360/00002360_1G_R_L01_BP_S06_1000PPI_8BPC_1CH_LP09-1_1,00002360,0.02482333100935929,0.13177585690898075,16.05139941535182,0.3490801154561494,4817.0,0.46998244524002075,0.03434468177999256,0.15320722936024822,14.641405032163146,0.2613926070869185,4817.0,0.5422601997852325,0.7668663736737514,"{'ridge_frequency_mae_cpx': 0.094921875, 'ridge_period_mae_pixels': 6.82226037221047, 'ridge_frequency_relative_mae': 0.5498464321201947, 'ridge_frequency_windows': 30.0}",0.1135659969280512,-0.1903608662006862
nist302-registered:00002360/00002360_1H_L_L01_BP_S06_1000PPI_8BPC_1CH_LP06-1_1,00002360,0.07775133867680345,0.26724055783026684,11.09292124809886,0.20698722809251466,1747.0,0.5099098682403564,0.07800897751117904,0.25336243027131355,11.078554144991354,0.2011386018133144,1747.0,0.5497356653213501,0.22315045772430714,"{'ridge_frequency_mae_cpx': nan, 'ridge_period_mae_pixels': nan, 'ridge_frequency_relative_mae': nan, 'ridge_frequency_windows': 0.0}",0.12287503000127747,-0.07306166176096211
nist302-registered:00002360/00002360_4G_X_336_IN_D800_1000PPI_8BPC_1CH_LP02-1_1,00002360,0.0694572857902876,0.23843353955902916,11.582821917901871,0.26217001245845245,2851.0,0.529497504234314,0.08260264526865685,0.25157577611090465,10.8300604460231,0.23366508325742957,2851.0,0.6101749241352081,0.5989979408171806,"{'ridge_frequency_mae_cpx': 0.046875, 'ridge_period_mae_pixels': 6.894989906470772, 'ridge_frequency_relative_mae': 0.4214418725906207, 'ridge_frequency_windows': 10.0}",0.11435408518720087,-0.04028448963307577
nist302-registered:00002360/00002360_5A_X_793_IN_D800_1000PPI_8BPC_1CH_LP04-1_1,00002360,0.03106258285848573,0.1425539516086612,15.077624354538559,0.31906878014607604,1712.0,0.43011215329170227,0.04675584900198531,0.17063375301310948,13.301640525904881,0.2398894665195418,1712.0,0.5847524851560593,0.5582831548752649,"{'ridge_frequency_mae_cpx': nan, 'ridge_period_mae_pixels': nan, 'ridge_frequency_relative_mae': nan, 'ridge_frequency_windows': 0.0}",0.11597778737788723,0.2712733190355523
nist302-registered:00002360/00002360_5A_X_796_IN_D800_1000PPI_8BPC_1CH_LP01-1_1,00002360,0.010544317193028563,0.0610606854732945,19.76981538153137,0.587899873424759,1189.0,0.5567313134670258,0.013499349009730235,0.09231888411975489,18.696871743419404,0.459844897714472,1189.0,0.5181981325149536,0.2789855490812929,"{'ridge_frequency_mae_cpx': nan, 'ridge_period_mae_pixels': nan, 'ridge_frequency_relative_mae': nan, 'ridge_frequency_windows': 0.0}",0.12450222812649381,0.011087609598468946
nist302-registered:00002360/00002360_5A_X_796_IN_D800_1000PPI_8BPC_1CH_LP02-1_1,00002360,0.0176110643671279,0.10182287166832886,17.542143956056066,0.4384826879671205,721.0,0.5006252378225327,0.02251585784335511,0.11087016021411726,16.47511501974943,0.3760478371605094,721.0,0.558600515127182,0.2237523066557978,"{'ridge_frequency_mae_cpx': nan, 'ridge_period_mae_pixels': nan, 'ridge_frequency_relative_mae': nan, 'ridge_frequency_windows': 0.0}",0.09979405063641494,0.21561815243269133
nist302-registered:00002360/00002360_6D_X_062_WT_D800_1000PPI_8BPC_1CH_LP03-1_1,00002360,0.04471623962199168,0.17564654385654438,13.495347252487482,0.2716377479250568,1011.0,0.5117759704589844,0.05059251896776119,0.19132099714052783,12.959136968206437,0.2165070472830543,1011.0,0.5428789556026459,0.16359290879512553,"{'ridge_frequency_mae_cpx': nan, 'ridge_period_mae_pixels': nan, 'ridge_frequency_relative_mae': nan, 'ridge_frequency_windows': 0.0}",0.125144211099441,-0.11945030524210982
nist302-registered:00002372/00002372_1C_R_L01_BP_S12_1000PPI_8BPC_1CH_LP01-1_1,00002372,0.08934787577187436,0.28949261211150185,10.489157683012557,0.21890492503081904,2148.0,0.5420584380626678,0.10042301760136181,0.29697214864763244,9.981667326934996,0.14715713374463738,2148.0,0.5132857859134674,0.09402177281972146,"{'ridge_frequency_mae_cpx': nan, 'ridge_period_mae_pixels': nan, 'ridge_frequency_relative_mae': nan, 'ridge_frequency_windows': 0.0}",0.11174241382880733,-0.3732852350649305
nist302-registered:00002372/00002372_1C_R_L01_BP_S12_1000PPI_8BPC_1CH_LP03-1_1,00002372,0.0526479652435175,0.2108624376232129,12.786184089151252,0.09448428514142168,838.0,0.5022911429405212,0.06965356483179494,0.23265280555000167,11.570566517144025,0.17210185819455234,838.0,0.5155864655971527,0.1083087191042769,"{'ridge_frequency_mae_cpx': nan, 'ridge_period_mae_pixels': nan, 'ridge_frequency_relative_mae': nan, 'ridge_frequency_windows': 0.0}",0.12664738569524236,-0.05175540535358612
nist302-registered:00002372/00002372_1D_L_L01_BP_S12_1000PPI_8BPC_1CH_LP03-1_1,00002372,0.07541272902809927,0.2637946281149704,11.225553427232612,0.09626250151358408,2507.0,0.5092929005622864,0.08486189729113593,0.2658575347185991,10.712872627666716,0.09516879790794402,2507.0,0.567924976348877,0.17214730613006657,"{'ridge_frequency_mae_cpx': nan, 'ridge_period_mae_pixels': nan, 'ridge_frequency_relative_mae': nan, 'ridge_frequency_windows': 0.0}",0.12218762161907341,-0.046153079483922485
nist302-registered:00002372/00002372_1D_R_L01_BP_S12_1000PPI_8BPC_1CH_LP03-1_1,00002372,0.09317070680442874,0.28762553941486474,10.307206098872744,0.10230606103469826,1330.0,0.5470144748687744,0.11370113804142908,0.3040342250264677,9.442351884113036,0.10455259098636613,1330.0,0.659603476524353,0.08764419761150778,"{'ridge_frequency_mae_cpx': nan, 'ridge_period_mae_pixels': nan, 'ridge_frequency_relative_mae': nan, 'ridge_frequency_windows': 0.0}",0.12257327877339863,0.20310447728610695
nist302-registered:00002372/00002372_1D_R_L01_BP_S12_1000PPI_8BPC_1CH_LP07-1_1,00002372,0.06569805547470159,0.23972673071924036,11.824474844600756,0.21983544955535012,1413.0,0.49422264099121094,0.0752525748095374,0.24740755766819997,11.23478635847827,0.2237148267543848,1413.0,0.49481523036956787,0.1582320226951736,"{'ridge_frequency_mae_cpx': nan, 'ridge_period_mae_pixels': nan, 'ridge_frequency_relative_mae': nan, 'ridge_frequency_windows': 0.0}",0.11706621242908129,-0.2769447616270879
nist302-registered:00002372/00002372_1E_R_L01_BP_S12_1000PPI_8BPC_1CH_LP04-1_1,00002372,0.041397514723141196,0.17614586412017896,13.83025730725091,0.3588092452668268,4091.0,0.45162391662597656,0.044594623785692546,0.17469768034190894,13.507174955691138,0.29944597810902895,4091.0,0.5000475943088531,0.9791064436070143,"{'ridge_frequency_mae_cpx': 0.07350852272727272, 'ridge_period_mae_pixels': 11.051884781723771, 'ridge_frequency_relative_mae': 0.8629290096349146, 'ridge_frequency_windows': 22.0}",0.11238367743119336,-0.09212033845331082
nist302-registered:00002372/00002372_1G_L_L01_BP_S12_1000PPI_8BPC_1CH_LP02-1_1,00002372,0.026492660254327165,0.1189283207291374,15.768744299335536,0.3947801092836015,5128.0,0.5721708238124847,0.03321369867779536,0.13661887406047532,14.786827586709945,0.2768543061048986,5128.0,0.6066919267177582,0.8446280880685825,"{'ridge_frequency_mae_cpx': 0.07523148148148148, 'ridge_period_mae_pixels': 9.334117726890392, 'ridge_frequency_relative_mae': 0.6023322373151624, 'ridge_frequency_windows': 54.0}",0.10114642096372457,-0.12826086784772617
nist302-registered:00002372/00002372_1H_R_L01_BP_S12_1000PPI_8BPC_1CH_LP10-1_1,00002372,0.10782945763072131,0.31315545230121405,9.67262579234328,0.07118876969407971,1183.0,0.612497091293335,0.11252392148915683,0.3109702260335018,9.487551409627121,0.06259401655450601,1183.0,0.6585071980953217,0.06544403932971425,"{'ridge_frequency_mae_cpx': nan, 'ridge_period_mae_pixels': nan, 'ridge_frequency_relative_mae': nan, 'ridge_frequency_windows': 0.0}",0.11745141906347299,-0.10752544362462366
