sample_id,mask_family,observed_fraction,selected_dataset_index,observed_fraction_canvas,missing_fraction_canvas,observed_fraction_fingerprint_roi,missing_fraction_fingerprint_roi,fingerprint_roi_pixels,reinjected_pairwise_diversity_mae,reinjected_mean_predictive_std,reinjected_uncertainty_error_spearman,reinjected_best_sample_index,reinjected_missing_roi_pixels,reinjected_coverage_50,reinjected_interval_width_50,reinjected_coverage_80,reinjected_interval_width_80,reinjected_coverage_90,reinjected_interval_width_90,reinjected_single_mse,reinjected_single_mae,reinjected_single_psnr,reinjected_single_ssim_map_mean,reinjected_single_pixels,reinjected_single_max_absolute_error,reinjected_single_orientation_error,reinjected_single_ridge_frequency_mae_cpx,reinjected_single_ridge_period_mae_pixels,reinjected_single_ridge_frequency_relative_mae,reinjected_single_ridge_frequency_windows,reinjected_mean_mse,reinjected_mean_mae,reinjected_mean_psnr,reinjected_mean_ssim_map_mean,reinjected_mean_pixels,reinjected_mean_max_absolute_error,reinjected_mean_orientation_error,reinjected_mean_ridge_frequency_mae_cpx,reinjected_mean_ridge_period_mae_pixels,reinjected_mean_ridge_frequency_relative_mae,reinjected_mean_ridge_frequency_windows,reinjected_best_of_k_mse,reinjected_best_of_k_mae,reinjected_best_of_k_psnr,reinjected_best_of_k_ssim_map_mean,reinjected_best_of_k_pixels,reinjected_best_of_k_max_absolute_error,reinjected_best_of_k_orientation_error,reinjected_best_of_k_ridge_frequency_mae_cpx,reinjected_best_of_k_ridge_period_mae_pixels,reinjected_best_of_k_ridge_frequency_relative_mae,reinjected_best_of_k_ridge_frequency_windows
socofing:000023:left_thumb,random_rectangles,0.10000000149011612,0,0.0999755859375,0.9000244140625,0.008389860764012852,0.9916101392359872,11204.0,0.23413571438952463,0.19665639102458954,0.07582357258160095,4.0,11110.0,0.38964896489648965,0.20939163012508868,0.6517551755175518,0.3721427345967958,0.7037803780378038,0.42639310275403147,0.08824602514583635,0.24127297416450094,10.543048473691126,0.037890241559261094,11110.0,0.9715146720409393,0.4156840778389774,0.052659254807692304,1.5316758737062217,0.29513712305649303,156.0,0.03836656790705516,0.1538710114912446,14.160470490084505,0.08751609680583264,11110.0,0.7495802342891693,0.44992214155211996,0.05806790865384615,2.354715029313196,0.31839507300064607,156.0,0.054062852351915804,0.17770176868681217,12.671010446894863,0.06449966461888006,11110.0,0.8970447182655334,0.6442233936741911,0.056790865384615384,2.062380442569592,0.3099370675867129,156.0
socofing:000030:left_thumb,irregular,0.30000001192092896,10,0.29998779296875,0.70001220703125,0.27589997251992304,0.724100027480077,10917.0,0.14018026608217374,0.11736182868480682,0.282734214091109,0.0,7905.0,0.15876027830487033,0.12425557689754213,0.2903225806451613,0.2226959568130148,0.3359898798228969,0.255509416784839,0.06693681864129047,0.19995822696124807,11.743349325424077,0.2542023804013222,7905.0,0.9257994592189789,0.11519710300487142,0.025510817307692307,0.6427741377595954,0.11412046705171514,130.0,0.056670420564346784,0.192641763291089,12.466435643463749,0.2579115968154412,7905.0,0.8602125272154808,0.1332724159947735,0.02980769230769231,1.100569471570196,0.1319802742405321,130.0,0.06693681864129047,0.19995822696124807,11.743349325424077,0.2542023804013222,7905.0,0.9257994592189789,0.11519710300487142,0.025510817307692307,0.6427741377595954,0.11412046705171514,130.0
socofing:000032:left_thumb,central_missing,0.5,20,0.5,0.5,0.2679832007863462,0.7320167992136538,11191.0,0.16963314879903918,0.14171838760375977,0.2237904614326753,0.0,8192.0,0.173828125,0.1503312718377856,0.3067626953125,0.2694828503823373,0.35400390625,0.30920004323052125,0.0809088378602838,0.2281269288035901,10.920040368016233,0.17814894792862612,8192.0,0.924545407295227,0.11927716387583637,0.024729567307692307,0.5474498508300819,0.11295084042718607,130.0,0.07215661051310872,0.22276152499205182,11.41723875549631,0.15696411091895338,8192.0,0.7630321960896254,0.11326076636469919,0.026923076923076925,0.6324026203543859,0.12040989464684403,130.0,0.0809088378602838,0.2281269288035901,10.920040368016233,0.17814894792862612,8192.0,0.924545407295227,0.11927716387583637,0.024729567307692307,0.5474498508300819,0.11295084042718607,130.0
socofing:000039:left_thumb,peripheral_only,0.699999988079071,30,0.70001220703125,0.29998779296875,0.7582840996660672,0.24171590033393275,11679.0,0.19683774471114046,0.1674470454454422,0.379819293232617,2.0,2823.0,0.22989727240524266,0.1762605987877192,0.38930216082182073,0.31288267694548266,0.43712362734679416,0.3584233696647371,0.10088002325976823,0.234339388062484,9.961948263002817,0.34609932393531967,2823.0,0.9627311825752258,0.05585538008633737,0.020032051282051284,0.4018635238177846,0.08967985056926873,39.0,0.07542762651191935,0.21005422607416585,11.22469558053566,0.3836456177071569,2823.0,0.9453406278043985,0.01930998733314701,0.016125801282051284,0.3360190448905628,0.07336898103160606,39.0,0.0946437713375213,0.22226937076247097,10.239079623949003,0.3968093126958511,2823.0,0.9900602400302887,0.02933990865786334,0.02123397435897436,0.41257518563134016,0.09850484810797304,39.0
socofing:000052:left_thumb,disconnected_fragments,0.10000000149011612,40,0.0999755859375,0.9000244140625,0.12412761714855433,0.8758723828514456,12036.0,0.17677392398998965,0.14810898900032043,0.17578875720764028,0.0,10542.0,0.2504268639726807,0.15695356953768277,0.443274520963764,0.2808562429387527,0.50199203187251,0.32215713407244273,0.06887803978260829,0.20093887634441085,11.61919221074005,0.11070036996165791,10542.0,0.9679337441921234,0.30641516244888894,0.03311491935483871,0.7963950364477302,0.16567435187670693,155.0,0.05433968277759837,0.18272635511653945,12.648829012206804,0.1266493360597838,10542.0,0.7751246988773346,0.3847015399337579,0.03155241935483871,1.1735475507187962,0.1560751743593992,155.0,0.06887803978260829,0.20093887634441085,11.61919221074005,0.11070036996165791,10542.0,0.9679337441921234,0.30641516244888894,0.03311491935483871,0.7963950364477302,0.16567435187670693,155.0
socofing:000054:left_index,stripes,0.4000000059604645,51,0.4000244140625,0.5999755859375,0.38226574431767135,0.6177342556823286,11131.0,0.15155768752999607,0.1275218427181244,0.35768244052864523,1.0,6876.0,0.197934845840605,0.12974739327827395,0.35747527632344384,0.24031127062282154,0.4077952297847586,0.2771658964043373,0.05956458257823843,0.1844485882467061,12.250118973556795,0.16947695735584833,6876.0,0.8465343415737152,0.13453997724595262,0.044196428571428574,1.056555129518514,0.18192156122324094,105.0,0.04914540620696329,0.17418491190224625,13.085170709591399,0.16954074437532862,6876.0,0.7596188634634018,0.14800933633798274,0.05081845238095238,1.752128105179258,0.20726126691018798,105.0,0.056628281104743904,0.17867740486554018,12.46966620751262,0.1657440552541507,6876.0,0.9041214510798454,0.12788151673565398,0.05063244047619048,1.5992752461942124,0.2003817934407691,105.0
socofing:000057:left_index,random_rectangles,0.30000001192092896,61,0.29998779296875,0.70001220703125,0.16549047282992238,0.8345095271700776,11336.0,0.17166973360812182,0.1449422389268875,0.2272407148441051,0.0,9460.0,0.1572938689217759,0.13963219533195959,0.3051797040169133,0.2714678199453787,0.353276955602537,0.3154130281498518,0.09235571172121164,0.24266996474618616,10.345362405345394,0.06309114677028196,9460.0,0.922789454460144,0.17095518723241915,0.050016389860139863,1.4513441562284464,0.1986379737850861,143.0,0.07626096766598013,0.2266785893822581,11.17697688318456,0.09119264125159099,9460.0,0.8168829046189785,0.17844103454068697,0.06015078671328671,1.9207388751378889,0.24256789561498526,143.0,0.09235571172121164,0.24266996474618616,10.345362405345394,0.06309114677028196,9460.0,0.922789454460144,0.17095518723241915,0.050016389860139863,1.4513441562284464,0.1986379737850861,143.0
socofing:000061:left_index,irregular,0.5,71,0.5,0.5,0.5362347188264058,0.46376528117359417,10225.0,0.181362153927217,0.15290817618370056,0.42122655098313333,1.0,4742.0,0.21826233656684943,0.16726143409913222,0.36798819063686206,0.28876937430073873,0.4247153099957824,0.3292720210346075,0.09330054028505874,0.22700347200559254,10.301158413323822,0.31897475863115254,4742.0,0.965995192527771,0.059449209940843885,0.029155344202898552,0.5557077027618352,0.12184952883399529,69.0,0.0654204310535194,0.1955447329519252,11.842865986465593,0.3416512078165224,4742.0,0.9517734041437507,0.04751060325568862,0.024513134057971016,0.4451685929403451,0.10176155236659655,69.0,0.07639623681854212,0.20173041889316728,11.16928033691239,0.36901742554688866,4742.0,0.9852468958124518,0.03875804134529124,0.020889945652173912,0.3703094789090083,0.08630286929159724,69.0
socofing:000064:left_index,central_missing,0.699999988079071,81,0.70001220703125,0.29998779296875,0.4999491301251399,0.50005086987486,9829.0,0.23755270118509647,0.19967612624168396,0.2268552881992751,0.0,4915.0,0.234587995930824,0.22137063793830444,0.40386571719226855,0.37846611557147514,0.4526958290946083,0.43083127478253197,0.11869647223938745,0.26501991211740816,9.25562188456822,0.14911896437449906,4915.0,0.9970428943634033,0.164162228104373,0.024655032467532468,0.4730463981905676,0.10945559556101286,77.0,0.08639259497591438,0.23845397298388177,10.63523480888244,0.15535455939888526,4915.0,0.909237913787365,0.2089185167456839,0.026532061688311688,0.62506473681202,0.11459216849836537,77.0,0.11869647223938745,0.26501991211740816,9.25562188456822,0.14911896437449906,4915.0,0.9970428943634033,0.164162228104373,0.024655032467532468,0.4730463981905676,0.10945559556101286,77.0
socofing:000066:left_index,central_only,0.10000000149011612,91,0.0999755859375,0.9000244140625,0.14247194920414022,0.8575280507958598,11497.0,0.25035750697261,0.2110883593559265,0.27611306933908225,1.0,9859.0,0.27345572573283294,0.2375468334642382,0.45572573283294454,0.3992909438053388,0.5204381783142307,0.4532056472523723,0.14295222714339534,0.29031872292731165,8.44809074104157,0.1135388546217749,9859.0,0.995156466960907,0.16473795124614887,0.03610568576388889,0.9561662717448264,0.15233821382342377,144.0,0.08435444808326835,0.22779107465014614,10.738920117460424,0.15778635493895113,9859.0,0.9482402764260769,0.14651489078790628,0.03879123263888889,1.183694210731562,0.159396771509836,144.0,0.12004725583448127,0.2624391519166234,9.206477630502153,0.08431991892951805,9859.0,0.9775428171269596,0.15635867089104674,0.047064887152777776,1.8390987915429815,0.19707108269540513,144.0
socofing:000068:left_index,disconnected_fragments,0.30000001192092896,101,0.29998779296875,0.70001220703125,0.3706236769255822,0.6293763230744178,12282.0,0.16667524581738927,0.1413106769323349,0.36217421200731176,1.0,7730.0,0.18227684346701165,0.14321088804773033,0.31151358344113844,0.2643339575308569,0.3578266494178525,0.3047083140252324,0.08852933275369919,0.22500409774734056,10.529128090490843,0.20073684398302988,7730.0,0.9735358338803053,0.18280528139577404,0.030026830808080808,0.6718117726181702,0.13692649569852702,99.0,0.06153013325103447,0.1958304266445941,12.109121443930972,0.22524584335252623,7730.0,0.8732561990618706,0.21142082520327998,0.03207859848484849,0.8773850597294465,0.14725631522966995,99.0,0.07036056789081489,0.1999068179216602,11.526706639437984,0.2085740482424555,7730.0,0.9103447180241346,0.21301900828693088,0.03736584595959596,1.0693447440952761,0.1718177526603201,99.0
socofing:000077:left_index,stripes,0.5,111,0.5,0.5,0.5028488817076282,0.4971511182923718,11759.0,0.17245583279243773,0.1449718326330185,0.3329976577876314,1.0,5846.0,0.1843995894628806,0.15588069043153774,0.3080738966814916,0.2742718182318104,0.3515224084844338,0.31373552749856787,0.10192054303968028,0.2453862623447948,9.917382710516181,0.19796276993629464,5846.0,0.9108830094337463,0.09169552543632767,0.02909936797752809,0.7518215096743738,0.12319474057303542,89.0,0.07646119783616179,0.22028596403416256,11.165589026345364,0.19187148871024617,5846.0,0.8891900591552258,0.10478648522337894,0.030328300561797753,0.6746962587690755,0.12838796183476023,89.0,0.09556819848703073,0.2360088828319618,10.196866006033165,0.1861672413150865,5846.0,0.9748924076557159,0.0845019383167103,0.031425561797752806,0.6294940933581246,0.1329912518858372,89.0
socofing:000081:left_index,random_rectangles,0.4000000059604645,121,0.4000244140625,0.5999755859375,0.22269863493174658,0.7773013650682534,11428.0,0.16295757466684144,0.13693992793560028,0.09504942444157842,4.0,8883.0,0.1659349318923787,0.14155472879620215,0.2971968929415738,0.2585918348798824,0.3361476978498255,0.29760420357444245,0.10440728789372967,0.26296982564457533,9.812691854184003,0.05635409702800742,8883.0,0.9612055411562324,0.5066876552692959,0.03412669573643411,0.6306056301811619,0.14068460798755414,129.0,0.09008088044787928,0.2456757627402101,10.453673776904765,0.08373467040421724,8883.0,0.8716935506090522,0.5116923371167368,0.04269622093023256,0.8372639007809028,0.1752759651526019,129.0,0.1039130265851182,0.25989235734875704,9.833300056727115,0.07201239136592573,8883.0,0.9879454961046576,0.5683780099895477,0.03797238372093023,0.7459657064242021,0.15531613819935866,129.0
socofing:000089:left_index,irregular,0.6000000238418579,131,0.5999755859375,0.4000244140625,0.6407922461019806,0.3592077538980194,11865.0,0.17703630127911274,0.15002575516700745,0.43143423760100025,4.0,4262.0,0.21938057250117315,0.16096318454767045,0.3728296574378226,0.28165077037343617,0.4178789300797748,0.3218799656486914,0.0967099032640041,0.22229005705634267,10.14529051121851,0.31719674444045365,4262.0,0.9914467926137149,0.08764701855078696,0.03170072115384615,0.6201651162440207,0.12336914083413725,52.0,0.057621241403355346,0.18042833072555975,12.39417389429098,0.4016940703445856,4262.0,0.8716014996170998,0.048463165428881724,0.022385817307692308,0.3841317322573188,0.08681401931851154,52.0,0.076137033506169,0.19835670080087495,11.184040484173625,0.3776334930236641,4262.0,0.9066644012928009,0.06670021046239268,0.023137019230769232,0.36444815338440467,0.08838281454236135,52.0
socofing:000093:left_index,central_missing,0.800000011920929,141,0.79998779296875,0.20001220703125,0.7153157849013987,0.2846842150986013,11511.0,0.2391623839304001,0.20112259685993195,0.29484241379328757,2.0,3277.0,0.28928898382667073,0.22981316845228586,0.47635032041501374,0.38172489274082877,0.5282270369240158,0.432362134170343,0.11318194716018609,0.25758428223585145,9.46222838818697,0.2692820428415809,3277.0,0.9644233584403992,0.10720907221673648,0.021484375,0.37459332222138797,0.08482267873893688,50.0,0.07048057249406678,0.21339992116605264,11.519305769285236,0.32860033219593354,3277.0,0.9023323506116867,0.058130663634836696,0.02546875,0.4844461477831166,0.09989600879254208,50.0,0.10188596169676555,0.24656153482086285,9.918856509065272,0.2710583644264457,3277.0,0.9397939406335354,0.09825226646571068,0.0203125,0.35081151801519683,0.08107974898188966,50.0
socofing:000096:left_middle,central_only,0.30000001192092896,152,0.29998779296875,0.70001220703125,0.45780551415797316,0.5421944858420269,10736.0,0.23050810826785212,0.1943032592535019,0.43177127995771525,1.0,5821.0,0.34598866174196874,0.22262300494875906,0.5466414705377083,0.3680244628966541,0.6086583061329669,0.4164916155459524,0.11784369329163435,0.2535598267274887,9.286936549040387,0.1687888135899669,5821.0,0.9378321468830109,0.17125566983378093,0.02980769230769231,0.7516693163013516,0.13497141065889995,65.0,0.05933660429106734,0.18573375087371552,12.266773110668492,0.22207433031285248,5821.0,0.775793120265007,0.2705799753913029,0.028185096153846154,0.6542577975419446,0.1320329363496258,65.0,0.08816344375817327,0.2204070946822777,10.54711454155161,0.20591511220704123,5821.0,0.8936862945556641,0.26113555866594246,0.03635817307692308,1.167011067308506,0.1731449368744878,65.0
socofing:000097:left_middle,disconnected_fragments,0.5,162,0.5,0.5,0.46314631463146316,0.5368536853685368,9090.0,0.16877457455899872,0.14140969514846802,0.3243872503118401,2.0,4880.0,0.17766393442622952,0.15143460829849126,0.3127049180327869,0.2683053226683472,0.3579918032786885,0.3072622274582992,0.08423680618245835,0.22656228516325277,10.744981076776172,0.223165023691616,4880.0,0.94251280836761,0.27649162826398427,0.03585587686567164,0.651340456503275,0.128929997570158,67.0,0.06622653338986884,0.20922568371819072,11.789679773863515,0.23622255470990525,4880.0,0.8627450913190842,0.15129673104658775,0.04256063432835821,0.8060475711147217,0.15426174800582526,67.0,0.07483967593794726,0.21350627461034177,11.25868101699366,0.22444563537951487,4880.0,0.9303918443620205,0.11972217681156823,0.0441347947761194,0.760617359654655,0.1576458023732187,67.0
socofing:000103:left_middle,stripes,0.699999988079071,172,0.70001220703125,0.29998779296875,0.8099216260442683,0.19007837395573168,11611.0,0.20907155942960082,0.1778097152709961,0.3819089047203824,4.0,2207.0,0.2338015405527866,0.18915055667214337,0.40009062075215224,0.33252239481161555,0.4535568645219755,0.380313007524773,0.09759742750450083,0.23275553745394434,10.105616294165445,0.3175711420777521,2207.0,0.9277300164103508,0.1850092170086431,0.024609375,0.4331455618646311,0.09187899096267468,10.0,0.0668146557030274,0.20097315330400145,11.751282651765933,0.35976208048007513,2207.0,0.7863600254058838,0.07834185176271416,0.021484375,0.3567687082803485,0.08087294188284962,10.0,0.08501139568856778,0.2117824022435361,10.705228536629093,0.347117858157751,2207.0,0.8970881029963493,0.16064123423374516,0.0171875,0.27478621883368676,0.06489306388350015,10.0
socofing:000107:left_middle,random_rectangles,0.6000000238418579,182,0.5999755859375,0.4000244140625,0.5273358932163101,0.47266410678368986,10938.0,0.172918279815458,0.14564059674739838,0.45418139279806846,1.0,5170.0,0.23829787234042554,0.15848249960798821,0.386073500967118,0.2752256696839859,0.43558994197292067,0.31414005970931835,0.10229029008806587,0.23048345442830695,9.901655897610958,0.19434933151582423,5170.0,0.9898035526275635,0.10679496645188485,0.04921875,1.238588392524969,0.21884159725069255,70.0,0.062347360685450506,0.1873864849794267,12.051819265319672,0.24485769121108458,5170.0,0.9434327445924282,0.0793462799106707,0.050502232142857144,1.421701366620304,0.21281971456109064,70.0,0.07488957016204974,0.20011619424485247,11.25578662093237,0.24236993637422125,5170.0,0.9570779167115688,0.09116118139475074,0.042689732142857144,1.4776235328846978,0.16937743773298453,70.0
socofing:000112:left_middle,irregular,0.800000011920929,192,0.79998779296875,0.20001220703125,0.8375012258507404,0.16249877414925962,10197.0,0.16932492745016164,0.14329664409160614,0.4389199102810493,3.0,1657.0,0.2739891369945685,0.1512898258689519,0.4815932407966204,0.26911637376213765,0.5286662643331321,0.30839188972653286,0.07171930003049709,0.19076783520742288,11.443639577375189,0.2420721452419476,1657.0,0.9212378785014153,0.11087923600306811,0.1025390625,1.3877138932555462,0.2909723183205157,4.0,0.04098913407283413,0.14921166748033277,13.873312563934812,0.30260803723251184,1657.0,0.7664123475551605,0.08252285564128747,0.083984375,1.0195163470305784,0.23962615104692903,4.0,0.05906469097046143,0.17174617148032012,12.28672063945891,0.28390867719558005,1657.0,0.8600243851542473,0.13707173933244327,0.1005859375,1.2770637996386824,0.29003261918347306,4.0
socofing:000115:left_middle,peripheral_only,0.20000000298023224,202,0.20001220703125,0.79998779296875,0.23095893009579815,0.7690410699042018,10543.0,0.14421833612440133,0.12158811837434769,0.20378249760206157,0.0,8108.0,0.16428219042920572,0.12282807070102136,0.30735076467686234,0.22861031125670417,0.3532313764183522,0.2638710581085984,0.07250522223186735,0.2138524897881638,11.39630711983424,0.11789358787336696,8108.0,0.921487744897604,0.5741538914957093,0.0545,1.0769296792532659,0.23123718478202435,125.0,0.06184873549780525,0.20170853232323238,12.08669175128464,0.12120889445446166,8108.0,0.761553093791008,0.4738158911613386,0.05834375,1.3552872843578667,0.2355989535782678,125.0,0.07250522223186735,0.2138524897881638,11.39630711983424,0.11789358787336696,8108.0,0.921487744897604,0.5741538914957093,0.0545,1.0769296792532659,0.23123718478202435,125.0
socofing:000118:left_middle,central_only,0.4000000059604645,212,0.4000244140625,0.5999755859375,0.6354469652898972,0.3645530347101028,10314.0,0.21381696081224905,0.17971576750278473,0.4661064462730485,2.0,3760.0,0.25611702127659575,0.19954505580219817,0.42367021276595745,0.3406799467985934,0.4696808510638298,0.3877249104640585,0.10943495363926387,0.23805024818061515,9.608439417309699,0.286726128280815,3760.0,0.9939726293087006,0.2474697696274714,0.03540826612903226,0.7997309875479821,0.1917773899912916,31.0,0.07554282943752698,0.20719665100084658,11.218067528141304,0.310846610850796,3760.0,0.8967183083295822,0.12357333972945538,0.03288810483870968,0.7666098211259744,0.1698143034778182,31.0,0.08991614991061651,0.22256024788985862,10.461622972862635,0.27560965989001524,3760.0,0.9503024518489838,0.18123984642180346,0.03540826612903226,0.9306712352981162,0.17348894461706485,31.0
socofing:000132:left_middle,disconnected_fragments,0.6000000238418579,222,0.5999755859375,0.4000244140625,0.6595993322203673,0.34040066777963274,11980.0,0.18605807037871513,0.15598925948143005,0.44982536545839974,1.0,4078.0,0.20279548798430602,0.17260838926656974,0.34624816086316823,0.2963479444947297,0.3854830799411476,0.33759446290411627,0.09713020026430057,0.2306917483672635,10.12645715829315,0.3340623060345187,4078.0,0.9611108601093292,0.0882639064025607,0.03307845744680851,0.8562709449410054,0.15405485802820446,47.0,0.07688997283118784,0.21464728053395196,11.141302925525544,0.30145326728358035,4078.0,0.85291438549757,0.12987145410785622,0.03274601063829787,0.8449722215476023,0.15452611009937067,47.0,0.09371684659133771,0.22771915089377384,10.281823330821355,0.33758312298146553,4078.0,0.9242255678400397,0.11013892688898767,0.02601396276595745,0.5604243122181861,0.12158192735305803,47.0
socofing:000138:left_middle,stripes,0.800000011920929,232,0.79998779296875,0.20001220703125,0.7831218974076117,0.21687810259238827,9065.0,0.1951877042090299,0.16685694456100464,0.3077253386545137,0.0,1966.0,0.23296032553407936,0.17632021105422857,0.3819938962360122,0.3104135774189677,0.41912512716174977,0.35511136620721395,0.09004006583064719,0.21957672565028125,10.455641961473464,0.2675822901194217,1966.0,0.9510971307754517,0.2739883678539097,0.03084590517241379,0.7314899948640898,0.1408258951591401,29.0,0.06846999113232675,0.2021206038447295,11.644997283789468,0.30662605146479976,1966.0,0.8737037777900696,0.14292166855013333,0.03502155172413793,1.240521032295093,0.16546973942759796,29.0,0.09004006583064719,0.21957672565028125,10.455641961473464,0.2675822901194217,1966.0,0.9510971307754517,0.2739883678539097,0.03084590517241379,0.7314899948640898,0.1408258951591401,29.0
socofing:000153:left_middle,random_rectangles,0.699999988079071,242,0.70001220703125,0.29998779296875,0.6513825084510705,0.3486174915489295,11537.0,0.18762999576665113,0.15861356258392334,0.3692054217348138,4.0,4022.0,0.2702635504724018,0.1653284195686442,0.4420686225758329,0.29797783560684105,0.4970164097463948,0.34219430761957337,0.08769245255393569,0.22205250249195646,10.57037783546506,0.1971417145546976,4022.0,0.9424552321434021,0.09499508980538766,0.03529829545454546,0.7047129436805541,0.1368008061318875,55.0,0.05252442215389448,0.17621748693638065,12.796387167755167,0.2685188168285278,4022.0,0.9162846803665161,0.08081387684908851,0.037144886363636366,1.0633856325276498,0.14643706820440022,55.0,0.06900296624889707,0.1932484856139811,11.611322397288475,0.2519333860417767,4022.0,0.9497181167826056,0.11428922930157001,0.041051136363636366,1.1147807705085275,0.16015329805874262,55.0
socofing:000161:left_ring,central_missing,0.20000000298023224,253,0.20001220703125,0.79998779296875,0.056794690458056796,0.9432053095419433,9191.0,0.129099912031641,0.10952509194612503,0.1655646617640168,4.0,8669.0,0.12884992502018688,0.105410733280304,0.2379743915099781,0.20419094137549193,0.27465682316299456,0.2371176774072212,0.08682539546639888,0.2385364820447912,10.613532299177624,0.07021869141941643,8669.0,0.94346147403121,0.2632528765341066,0.08621002906976744,2.0124893046989025,0.3118852166126301,129.0,0.06748587865895928,0.2177837132667498,11.707870932739983,0.08384479040202976,8669.0,0.7235733717679977,0.37838855876824956,0.0900859980620155,2.500876737356491,0.3239459596475604,129.0,0.06747500115303805,0.21401944959741173,11.70857099350059,0.08790876966013277,8669.0,0.8125170394778252,0.3147878908068082,0.0922359496124031,2.257715501740895,0.32341821224489997,129.0
socofing:000163:left_ring,peripheral_only,0.4000000059604645,263,0.4000244140625,0.5999755859375,0.4051700680272109,0.5948299319727891,7350.0,0.10439273985912248,0.08868569880723953,0.19257649223976517,3.0,4372.0,0.15667886550777677,0.08520533085169317,0.2865965233302836,0.16510964287385305,0.32479414455626715,0.1917444135479063,0.04893121801950708,0.1666473904428603,13.104139734375497,0.16640297287866804,4372.0,0.7747941017150879,0.21979764248081496,0.07527281746031746,2.1317523544647305,0.2691314964089517,63.0,0.0404288322924365,0.15550703095904425,13.933088022298909,0.1988536193793802,4372.0,0.6730547845363617,0.25304825478399084,0.07074652777777778,2.3364107079050336,0.25413793170012594,63.0,0.04402765312446873,0.15909580334046242,13.562744638081874,0.18074600938686716,4372.0,0.6940564960241318,0.27298454235889985,0.07669890873015874,2.266171526473995,0.2756013081877266,63.0
socofing:000185:left_ring,central_only,0.6000000238418579,273,0.5999755859375,0.4000244140625,0.779098110907983,0.22090188909201702,9846.0,0.14834880670185746,0.12410268187522888,0.3420841689637124,0.0,2175.0,0.1986206896551724,0.13284328119508151,0.33011494252873563,0.23580753817229436,0.3793103448275862,0.2701289571646986,0.04954438885501322,0.1682367140174597,13.050055243733485,0.24986921214241398,2175.0,0.7983229737728834,0.3755606524652104,0.046223958333333336,1.2915622900527706,0.1783474424398391,12.0,0.03985633908855808,0.1586257283860582,13.99502594914373,0.2746762103723569,2175.0,0.7632859200239182,0.3610904177265147,0.055013020833333336,1.4643429986605103,0.2183342929563291,12.0,0.04954438885501322,0.1682367140174597,13.050055243733485,0.24986921214241398,2175.0,0.7983229737728834,0.3755606524652104,0.046223958333333336,1.2915622900527706,0.1783474424398391,12.0
socofing:000200:left_ring,disconnected_fragments,0.800000011920929,283,0.79998779296875,0.20001220703125,0.8425699393681523,0.15743006063184772,9401.0,0.2074550209214559,0.1780877560377121,0.5041309024790744,0.0,1480.0,0.1864864864864865,0.1870109381506572,0.3033783783783784,0.3298836251972495,0.34054054054054056,0.37750785421278027,0.08846279037909388,0.20479085052360754,10.532393658127855,0.26121814408050303,1480.0,0.9673410058021545,0.13816746000601307,0.07589285714285714,1.7404206843437058,0.36118322691306126,14.0,0.08172220869598931,0.2208583402857216,10.876599042579231,0.2530042381059793,1480.0,0.8420853465795517,0.15786437518228696,0.07142857142857142,1.6049663478660439,0.33808778077227947,14.0,0.08846279037909388,0.20479085052360754,10.532393658127855,0.26121814408050303,1480.0,0.9673410058021545,0.13816746000601307,0.07589285714285714,1.7404206843437058,0.36118322691306126,14.0
socofing:000203:left_ring,severe_partial,0.20000000298023224,293,0.20001220703125,0.79998779296875,0.23320874391210783,0.7667912560878922,8829.0,0.14175861641698612,0.11976458877325058,0.18645317014907545,2.0,6770.0,0.11683899556868538,0.11995583381311228,0.20531757754800592,0.2246335080067904,0.23677991137370755,0.2595260660713497,0.10412494331354995,0.2647820376324711,9.824452220184734,0.12276977366539428,6770.0,0.8872885103337467,0.19120788360270063,0.044860197368421055,1.2406271330062137,0.2132708100208856,95.0,0.09076187483378298,0.2552943666241348,10.420965416372916,0.10681335722855438,6770.0,0.7785366922616959,0.13899698001146152,0.052220394736842105,2.074101847984621,0.23938640281136453,95.0,0.10029123675636237,0.26404038930677726,9.987370130874913,0.10132041596318511,6770.0,0.9272649879567325,0.2788464197267296,0.03441611842105263,0.9064195138287536,0.155071416781318,95.0
socofing:000206:left_ring,irregular,0.10000000149011612,303,0.0999755859375,0.9000244140625,0.09516997643890945,0.9048300235610905,11884.0,0.20772246032673336,0.1746675670146942,0.27985244556753786,1.0,10753.0,0.20301311261973404,0.1799615923608723,0.3622244954896308,0.3295798497261873,0.41820887194271367,0.3794526021812923,0.10032448370989942,0.2492996400299179,9.985930665556854,0.17551888396752385,10753.0,0.9851278057321906,0.15931464025186784,0.0351806640625,0.9268737209737239,0.14772387317484928,160.0,0.0711504266358116,0.21883980234919292,11.478224914332,0.17764746409084461,10753.0,0.831173874437809,0.11707752822382686,0.0363525390625,0.9839276576943459,0.1521849901370112,160.0,0.09167808637620445,0.23540337293295438,10.37734460439168,0.15090756628693197,10753.0,0.951452910900116,0.16534851054145913,0.03642578125,0.8596986812396704,0.15269609071833717,160.0
socofing:000214:left_ring,central_missing,0.30000001192092896,313,0.29998779296875,0.70001220703125,0.07129951355107714,0.9287004864489229,7195.0,0.14573877232315938,0.12315697222948074,0.10282382180107032,2.0,6682.0,0.10161628255013469,0.1259869419638178,0.18692008380724334,0.23120685268112087,0.21101466626758456,0.2662801562535552,0.13383774020268138,0.3048092857546367,8.734214048743459,0.057742070011856196,6682.0,0.9498588442802429,0.26366427018332284,0.06084890463917526,1.8233531153822489,0.2764261904959265,97.0,0.0971009799487227,0.26612295010640036,10.127763871447728,0.06732490342447134,6682.0,0.8505093455314636,0.14696770639576606,0.06479542525773196,1.8804352040159031,0.29806356960946717,97.0,0.0969304824488823,0.2532344823706654,10.135396256577627,0.07192698912098804,6682.0,0.8685495555400848,0.145443548821698,0.06729220360824742,1.6906401039049155,0.33952465046235786,97.0
socofing:000217:left_ring,peripheral_only,0.5,323,0.5,0.5,0.4881123919308357,0.5118876080691643,8328.0,0.11614660141671065,0.09854557365179062,0.3620011571649188,3.0,4263.0,0.1510673234811166,0.0968696792207356,0.25381186957541635,0.18390687004713954,0.28735632183908044,0.2129192669892742,0.08510945863927931,0.21776692411304568,10.70022171918059,0.27816733191740733,4263.0,0.9493981599807739,0.09509018266236374,0.038171600877192985,1.0977554787715171,0.19076061488846757,57.0,0.06913535893002784,0.20196749802332337,11.602997780873787,0.29307784219822064,4263.0,0.9077537730336189,0.06545053103471885,0.03673245614035088,1.9837429365591126,0.18438251803170183,57.0,0.07372337405276272,0.20246365619528406,11.323947969070536,0.30111399110094905,4263.0,0.9498535394668579,0.06458007864879987,0.0420093201754386,1.5301050647390517,0.2284158621844,57.0
socofing:000241:left_ring,central_only,0.699999988079071,333,0.70001220703125,0.29998779296875,0.9650620347394541,0.03493796526054593,10075.0,0.08418984609571371,0.07362466305494308,0.6397947960415183,0.0,352.0,0.15056818181818182,0.06542324003848163,0.2528409090909091,0.13282709314741872,0.2585227272727273,0.15529504418373108,0.037596027777270356,0.11449938362718305,14.248580381984821,0.6042469606210976,352.0,0.7854362726211548,0.06684396882564979,nan,nan,nan,0.0,0.035660575077551646,0.12037201560187069,14.478116574872619,0.6117420816330692,352.0,0.7519157752394676,0.05955171946368211,nan,nan,nan,0.0,0.037596027777270356,0.11449938362718305,14.248580381984821,0.6042469606210976,352.0,0.7854362726211548,0.06684396882564979,nan,nan,nan,0.0
socofing:000249:left_ring,stripes,0.10000000149011612,343,0.0999755859375,0.9000244140625,0.07123377331733391,0.9287662266826661,9167.0,0.13997282033966885,0.1195540651679039,0.30107721575211116,0.0,8514.0,0.16173361522198731,0.10674026320735025,0.33967582804792107,0.22063325683023832,0.39969462062485317,0.25859758803786764,0.038981419290531366,0.1514858705907647,14.091423525240758,0.16521684771269787,8514.0,0.877350389957428,0.2875830713991769,0.05371900826446281,2.3427515865921116,0.26396374504941067,121.0,0.03627471423598318,0.1553380116619063,14.403960001507219,0.1635304058668029,8514.0,0.7803921550512314,0.37151388962813503,0.05510717975206612,2.0958858515535503,0.26270946965258285,121.0,0.038981419290531366,0.1514858705907647,14.091423525240758,0.16521684771269787,8514.0,0.877350389957428,0.2875830713991769,0.05371900826446281,2.3427515865921116,0.26396374504941067,121.0
socofing:000256:left_little,random_rectangles,0.10000000149011612,354,0.0999755859375,0.9000244140625,0.004566683964711988,0.9954333160352881,9635.0,0.15803365803165115,0.1334182471036911,0.08100248199834219,0.0,9591.0,0.1436763632572203,0.1376160970974386,0.2558648733187363,0.2508120967572206,0.2948597643624231,0.2885440966438146,0.11252831455891117,0.27254942106345215,9.487381859127499,0.05785115473615848,9591.0,0.9929699297063053,0.3378056481735772,0.05728194962686567,1.637730347897917,0.270872891012897,134.0,0.10149070456182556,0.26384419423332156,9.935737325524526,0.05333856011892044,9591.0,0.9489772878587246,0.44822563224146367,0.059205923507462684,1.88331940257948,0.2939194111899503,134.0,0.11252831455891117,0.27254942106345215,9.487381859127499,0.05785115473615848,9591.0,0.9929699297063053,0.3378056481735772,0.05728194962686567,1.637730347897917,0.270872891012897,134.0
socofing:000263:left_little,irregular,0.30000001192092896,364,0.29998779296875,0.70001220703125,0.2025462962962963,0.7974537037037037,7776.0,0.12401185369822232,0.10582159459590912,0.1703006197310834,2.0,6201.0,0.1509433962264151,0.09848491394064192,0.3101112723754233,0.19586627194139772,0.3522012578616352,0.22832672460831627,0.05767398431497359,0.1889702850720552,12.39020045012962,0.14653069869692975,6201.0,0.8432066142559052,0.47953135868201724,0.08092570754716981,2.3038532042625772,0.40950191723908497,106.0,0.04317471210715986,0.1660034270598761,13.647705496652797,0.16264288098572097,6201.0,0.6931463181972504,0.4243800184639656,0.07160229952830188,2.0496175229130125,0.34605087159629405,106.0,0.04884589321903915,0.1717753689498829,13.111719442744773,0.1552921827966839,6201.0,0.7195881456136703,0.5063656617727463,0.0788620283018868,2.2279526247825823,0.40276448945520277,106.0
socofing:000274:left_little,central_missing,0.5,374,0.5,0.5,0.2615118081517279,0.7384881918482721,10967.0,0.18333602598205379,0.15422241389751434,0.2374117759362184,4.0,8099.0,0.20755648845536487,0.1612945456669086,0.3581923694283245,0.2911334935397716,0.4079515989628349,0.3344131428307258,0.09288585280045342,0.2370344460826859,10.320504272180461,0.17646311601421466,8099.0,0.9572762241587043,0.2297083375545569,0.034009176587301584,0.9620486154755655,0.15700070459716314,126.0,0.06997963464493247,0.21391165541229784,11.55028329245281,0.17989927093464358,8099.0,0.9199606766924262,0.15414811918514718,0.03289310515873016,0.8392522764656277,0.1481029142315675,126.0,0.0871019753008653,0.22985038225288232,10.599719959390816,0.15534788162986382,8099.0,0.9407552778720856,0.161165749619562,0.03524925595238095,0.728741068754117,0.1640019246843349,126.0
socofing:000284:left_little,peripheral_only,0.699999988079071,384,0.70001220703125,0.29998779296875,0.725634178905207,0.274365821094793,8988.0,0.1784919535204925,0.15043841302394867,0.4135656683431814,2.0,2466.0,0.2704785077047851,0.15253107586916345,0.49635036496350365,0.28299103786765517,0.5636658556366586,0.32647769186715236,0.05857194697517214,0.1785055471573626,12.323103394598327,0.17341420982635872,2466.0,0.8520824164152145,0.16365419008175972,0.06629464285714286,1.767856267753778,0.31009927668892495,35.0,0.030747749684152812,0.1402118150552694,15.121866631573972,0.21320598285627285,2466.0,0.6700385063886642,0.22867117812904747,0.06149553571428571,1.806372955000588,0.2635273514614918,35.0,0.03970197389711587,0.1449589946844282,14.011879005085593,0.22414609905307953,2466.0,0.797856792807579,0.18468412390447755,0.06875,1.8678741636872145,0.2746679530439343,35.0
socofing:000289:left_little,disconnected_fragments,0.10000000149011612,394,0.0999755859375,0.9000244140625,0.1589139344262295,0.8410860655737705,9760.0,0.26747437567190413,0.22489988803863525,0.13427920566909057,0.0,8209.0,0.23681325374588866,0.25711930542004385,0.4045559751492265,0.42692349404986063,0.4608356681690827,0.4835248902597995,0.13770059040545804,0.29569639494436817,8.610641976567813,0.061381811411072684,8209.0,0.9731505513191223,0.3214757800004821,0.037457606589147284,1.0314388114829236,0.2422216553130698,129.0,0.10190010019237929,0.2674479656771664,9.918253889771254,0.08448184941285763,8209.0,0.8997851004824042,0.27907430399830435,0.041030765503875966,1.1570918199251876,0.24814109974748003,129.0,0.13770059040545804,0.29569639494436817,8.610641976567813,0.061381811411072684,8209.0,0.9731505513191223,0.3214757800004821,0.037457606589147284,1.0314388114829236,0.2422216553130698,129.0
socofing:000291:left_little,stripes,0.30000001192092896,404,0.29998779296875,0.70001220703125,0.2736235595390525,0.7263764404609475,7810.0,0.13417176252926086,0.11363686621189117,0.16435010801493002,4.0,5673.0,0.13114754098360656,0.10984861516099369,0.24237616781244492,0.2122425053099907,0.27533932663493743,0.24637380202632297,0.07817890256187604,0.226970321864987,11.069104302796564,0.13495314103208703,5673.0,0.8793378453701735,0.2519558802892212,0.06209590517241379,1.6759528874134537,0.26364358869831106,87.0,0.06544994690673193,0.21226021077422494,11.840907014145653,0.14696979260725718,5673.0,0.7970621511340141,0.21256588918188005,0.06779813218390805,2.4166655040328404,0.27319763664325686,87.0,0.0705680899852626,0.212590207140328,11.513916371370232,0.15842903086969196,5673.0,0.8436211924999952,0.23106430178357565,0.05567528735632184,1.5603999622416527,0.2283511438770732,87.0
socofing:000293:left_little,random_rectangles,0.20000000298023224,414,0.20001220703125,0.79998779296875,0.04384133611691023,0.9561586638830898,8143.0,0.11337813992151832,0.09769319742918015,0.11453396431732525,4.0,7786.0,0.1234266632417159,0.08888133555352153,0.2347803750321089,0.17895534343762967,0.2666324171590033,0.20898001273233235,0.08980910576668212,0.24007997002409312,10.466796278790358,0.08038861006476412,7786.0,0.9743219595402479,0.3891865123433154,0.09189618644067797,3.0545253909524144,0.37465956303900355,118.0,0.07704935924352324,0.22327550139005212,11.132309686023978,0.09435569860925344,7786.0,0.9756462555378675,0.4155492515132291,0.0936175847457627,3.9550451731072687,0.3775554936337237,118.0,0.080325606386532,0.2270696871747585,10.951459872289098,0.0850793171536447,7786.0,0.9749541264027357,0.47413889462095865,0.08044226694915255,2.16885943704831,0.3416115360318144,118.0
socofing:000302:left_little,irregular,0.4000000059604645,424,0.4000244140625,0.5999755859375,0.36252062706270627,0.6374793729372937,9696.0,0.14033766083203555,0.11835699528455734,0.2885831230281855,1.0,6181.0,0.23750202232648437,0.11979929547135526,0.43083643423394274,0.22248642079518888,0.48924122310305773,0.25671546256980005,0.04416102816669035,0.15825083146654967,13.549608238222907,0.18358034993300199,6181.0,0.7685798108577728,0.2531717847079026,0.0538330078125,1.235767098741272,0.27550622376580086,96.0,0.02851619385657068,0.13272909332856914,15.449084415620513,0.23317223493059125,6181.0,0.667447566986084,0.23477194725394154,0.058308919270833336,1.5493803246431337,0.2844707813751036,96.0,0.0360704699829218,0.14099244416107196,14.42848198971912,0.2158813174947576,6181.0,0.7754490673542023,0.2768138572438682,0.057047526041666664,1.4000011516268287,0.3023757172018057,96.0
socofing:000303:left_little,central_missing,0.6000000238418579,434,0.5999755859375,0.4000244140625,0.4022876136474729,0.5977123863525271,10229.0,0.13802449166248312,0.11662568151950836,0.19996813687595338,1.0,6114.0,0.22178606476938176,0.11511722412770739,0.3999018645731109,0.21854845990649543,0.4470068694798822,0.2530255384994247,0.05720868304709674,0.18240983035119288,12.425380496467056,0.1052798898161268,6114.0,0.9093329310417175,0.1379567792666652,0.06783040364583333,1.7203553099576718,0.24903501823179086,96.0,0.04514694604476298,0.16281119340864378,13.453716221116178,0.1463015825627867,6114.0,0.7455002218484879,0.16873781051107467,0.06331380208333333,1.6937183132364488,0.23573392862992018,96.0,0.056037171436372164,0.17848433251104248,12.515237945243467,0.15143071488526838,6114.0,0.7899143099784851,0.2187245160235956,0.0733642578125,1.9530626324886038,0.2819938060106298,96.0
socofing:000308:left_little,peripheral_only,0.800000011920929,444,0.79998779296875,0.20001220703125,0.8504044662185257,0.14959553378147428,8777.0,0.1574866123582603,0.13303613662719727,0.3532529931268076,4.0,1313.0,0.22010662604722012,0.1321026198253864,0.4028941355674029,0.24944018051992914,0.44706778370144706,0.28855270075144335,0.04877823465081521,0.16373523775848467,13.117739214327644,0.2649273399738793,1313.0,0.7673798054456711,0.4628789049916237,0.061810661764705885,1.585252528209306,0.3602422064475575,17.0,0.039662485666347135,0.1576317084239624,14.016200718414833,0.27956795130686907,1313.0,0.649038702249527,0.506634983638245,0.05514705882352941,1.3750315930248187,0.34290083656006115,17.0,0.04435328816911565,0.15850050717887312,13.530741778442742,0.23762565608604788,1313.0,0.7172973453998566,0.6141607101684586,0.05698529411764706,1.4217549801650993,0.34853210024447134,17.0
socofing:000309:right_thumb,disconnected_fragments,0.30000001192092896,455,0.29998779296875,0.70001220703125,0.3927601086782803,0.6072398913217196,12514.0,0.2521104292150139,0.21183402836322784,0.29701010789776083,3.0,7599.0,0.2792472693775497,0.24154690677499377,0.44150546124490064,0.40232033450002025,0.49703908409001185,0.4559114770750291,0.1574863876744774,0.3068827074141821,8.02756978467042,0.24762095334597214,7599.0,0.9988024234771729,0.17709671765776847,0.025169136597938145,0.6788669025527371,0.112374355991889,97.0,0.08436356595333404,0.23031573270599892,10.738450714038068,0.28544753088965497,7599.0,0.943327724467963,0.18507967865426828,0.021786404639175257,0.504402221464851,0.09766217365439621,97.0,0.11253540661700466,0.25460662995082106,9.487108155157772,0.23846790098716178,7599.0,0.9928209185600281,0.17938719831622138,0.024283182989690722,0.6848148511458572,0.10945297709826997,97.0
socofing:000317:right_thumb,stripes,0.5,465,0.5,0.5,0.44181069958847735,0.5581893004115226,12150.0,0.2040531132599837,0.17165504395961761,0.23925417482430372,3.0,6782.0,0.24830433500442348,0.17981458247692245,0.4193453258625774,0.3240611281376678,0.4783249778826305,0.3721433100245829,0.09826771918538296,0.24410066682595702,10.075891238980898,0.08974918904822561,6782.0,0.9732362926006317,0.17693760079111742,0.03665865384615385,0.7363215756177992,0.14702500159254062,104.0,0.06715622190654505,0.2054945162618442,11.729137445067877,0.12362215240319444,6782.0,0.9469326119869947,0.1708179275043115,0.03876201923076923,0.7675741507412488,0.15453488685123548,104.0,0.09070882623421533,0.23345229168248394,10.423504527599752,0.10481877536727692,6782.0,0.9803554397076368,0.2239540940617715,0.035794771634615384,0.7037044740602596,0.14521848670777854,104.0
socofing:000318:right_thumb,random_rectangles,0.4000000059604645,475,0.4000244140625,0.5999755859375,0.25309137626465394,0.7469086237353461,12454.0,0.17195316659932597,0.14481069147586823,0.13608858711138241,4.0,9302.0,0.157815523543324,0.14715362516264074,0.2863900236508278,0.272645112415253,0.32616641582455386,0.3144756081661238,0.10787052271632533,0.26144915414405206,9.670972167687083,0.15784192920992823,9302.0,0.9941916167736053,0.15112430463537252,0.03965692934782609,0.7660467010847064,0.16184097726104232,138.0,0.0796547037084241,0.23329816257849037,10.987885734812162,0.17727556425228452,9302.0,0.9319861233234406,0.10459392574804845,0.03744904891304348,0.7302332015375257,0.15210096398534123,138.0,0.09526550543004418,0.24446095148648309,10.210643240547498,0.18815005226464135,9302.0,0.9822186827659607,0.23886042172961053,0.035665760869565216,0.6813613736061591,0.14996143707636173,138.0
socofing:000319:right_thumb,irregular,0.6000000238418579,485,0.5999755859375,0.4000244140625,0.46811083123425695,0.531889168765743,9925.0,0.129506960598712,0.10965297371149063,0.30691536388064405,1.0,5279.0,0.13165372229588937,0.10804293730489728,0.23981814737639703,0.2050647346285578,0.27789354044326575,0.2374053337364446,0.08632688444663132,0.22436604366776608,10.638539325749077,0.309293561544632,5279.0,0.9562600832432508,0.09963299159263708,0.0171875,0.38386228446388165,0.08392955568530404,80.0,0.07293341618583776,0.21030655363415846,11.370734436986023,0.37116324046666255,5279.0,0.8632003515958786,0.08791588228696404,0.013818359375,0.32246439891599066,0.06997896897203564,80.0,0.0789876664982083,0.21270864815880788,11.02440716177069,0.3928396632478744,5279.0,0.8824966475367546,0.08914687500005858,0.01572265625,0.375859742067429,0.08089880289822945,80.0
socofing:000321:right_thumb,central_missing,0.800000011920929,495,0.79998779296875,0.20001220703125,0.7391961798647035,0.26080382013529646,12565.0,0.26740013962298365,0.22517523169517517,0.17933515162114735,2.0,3277.0,0.29020445529447664,0.2567213452149718,0.4894720781202319,0.4267723439559727,0.549282880683552,0.483456010202973,0.15669685991146168,0.3142577537744987,8.049397063826465,0.11220130749230953,3277.0,0.9830086221918464,0.2354193067041807,0.06724877450980392,1.4169836638109243,0.2808511432992502,51.0,0.08680986405561761,0.23667026512116776,10.614309238842418,0.15764883008144753,3277.0,0.9416086263954639,0.19213610728182975,0.06357230392156862,1.3099209758165438,0.2589724266880049,51.0,0.12027972307703862,0.2691120754829064,9.198075804572243,0.2034392363779553,3277.0,0.98132389690727,0.20834282320108552,0.05912990196078431,1.2025694893336378,0.26358248280948476,51.0
socofing:000339:right_thumb,central_only,0.20000000298023224,505,0.20001220703125,0.79998779296875,0.261887636857668,0.738112363142332,12513.0,0.21674022613252175,0.1837884485721588,0.35554144521685954,3.0,9236.0,0.2922260718925942,0.20402927500518073,0.4637288869640537,0.34551326669930066,0.5146167171935903,0.39267459726400733,0.15640398811303236,0.29933493532196626,8.05752177149567,0.10474015913884181,9236.0,0.9971797466278076,0.30442857212672725,0.03503125,1.0332958192474357,0.15263181737374246,125.0,0.07325718216862578,0.2028453711832415,11.351497904510609,0.11811212747605254,9236.0,0.9930014009587467,0.16634786160974976,0.02959375,0.7885433872220169,0.12471174718962365,125.0,0.10017667474591742,0.22889519366097905,9.992333883329392,0.1067912648604354,9236.0,0.9997744560241699,0.1846923650855972,0.03059375,0.7672605872694008,0.13160764769211147,125.0
socofing:000345:right_thumb,disconnected_fragments,0.4000000059604645,515,0.4000244140625,0.5999755859375,0.4032480714575721,0.5967519285424279,12315.0,0.1701757686432405,0.14237432181835175,0.27192247912914314,2.0,7349.0,0.18274595183018097,0.14890006473720083,0.31378418832494215,0.27015365943858083,0.35596679820383725,0.31057152433904084,0.10868898830255629,0.25464839172436887,9.638144537213002,0.14623919471939464,7349.0,0.9960784311406314,0.3492157029377578,0.043381911057692304,1.041139689831491,0.18512424748500103,104.0,0.08786100634962835,0.23418889886838132,10.562038266843171,0.16020453555204797,7349.0,0.9960784311406314,0.259558113259017,0.042405348557692304,1.0363146194187136,0.18545547915838098,104.0,0.10846956881112974,0.25241273367169936,9.646920862497554,0.14967237595724442,7349.0,0.9999504089355469,0.3179533759725271,0.039400540865384616,1.0963662199356816,0.16758600942164545,104.0
socofing:000356:right_thumb,stripes,0.6000000238418579,525,0.5999755859375,0.4000244140625,0.5986682334508422,0.4013317665491578,12765.0,0.2458810001768778,0.2069357931613922,0.28316858920065513,0.0,5123.0,0.22838180753464768,0.2310220251703737,0.3925434315830568,0.3919237027823541,0.4522740581690416,0.44555759531968087,0.11659578982063702,0.26295004139070605,9.33317131315228,0.2520463054910723,5123.0,0.9833589792251587,0.06877212828411094,0.025760135135135136,0.5404067967907005,0.11007644784399279,74.0,0.10006824704078383,0.2554975172197372,9.997037079615914,0.23230726907512317,5123.0,0.9107903833501041,0.12842131120675343,0.023067989864864864,0.4635287895680954,0.09645717969807398,74.0,0.11659578982063702,0.26295004139070605,9.33317131315228,0.2520463054910723,5123.0,0.9833589792251587,0.06877212828411094,0.025760135135135136,0.5404067967907005,0.11007644784399279,74.0
socofing:000358:right_thumb,random_rectangles,0.5,535,0.5,0.5,0.3831578947368421,0.6168421052631579,12350.0,0.14896070291423896,0.1256246417760849,0.3446195115297365,0.0,7618.0,0.17117353636124968,0.12735422305326569,0.2939091625098451,0.23617647667668504,0.34260960882121294,0.2724505612178248,0.07594597572446543,0.2129047843064657,11.194952338744297,0.2461053762443909,7618.0,0.9959650035016239,0.18193193889507656,0.026375,0.7699223928429616,0.11760060098376218,125.0,0.06618392678068312,0.2037139874606093,11.79247469140655,0.2570777526763184,7618.0,0.8941106181591749,0.12340966108734183,0.023625,0.5424418418012964,0.10015312368848457,125.0,0.07594597572446543,0.2129047843064657,11.194952338744297,0.2461053762443909,7618.0,0.9959650035016239,0.18193193889507656,0.026375,0.7699223928429616,0.11760060098376218,125.0
socofing:000377:right_thumb,irregular,0.699999988079071,545,0.70001220703125,0.29998779296875,0.6744242620823873,0.32557573791761274,12332.0,0.16452455697142765,0.1386367231607437,0.2924950787541383,0.0,4015.0,0.23013698630136986,0.15038281678411167,0.37061021170610214,0.2618251171355526,0.42415940224159404,0.298972550586033,0.065844868653369,0.1924960263205662,11.814780643219297,0.5137308042244181,4015.0,0.964482843875885,0.05097167519195611,0.016531808035714284,0.2863414315863331,0.06886687316957153,56.0,0.05370311914292515,0.17999504242500622,12.700004892125353,0.528511853348719,4015.0,0.8614397570490837,0.04238846472184343,0.01513671875,0.2557343006953742,0.06420739511701402,56.0,0.065844868653369,0.1924960263205662,11.814780643219297,0.5137308042244181,4015.0,0.964482843875885,0.05097167519195611,0.016531808035714284,0.2863414315863331,0.06886687316957153,56.0
socofing:000380:right_index,peripheral_only,0.20000000298023224,556,0.20001220703125,0.79998779296875,0.2176726129956558,0.7823273870043442,10819.0,0.1361532337076272,0.1145932674407959,0.2665937821120537,3.0,8464.0,0.14756616257088848,0.11565363413472933,0.2737476370510397,0.21579521397491375,0.31025519848771266,0.24917574058830852,0.07590491228276756,0.21626092818957826,11.197301172762469,0.17181960270248198,8464.0,0.9117728173732758,0.16126514185149574,0.03759765625,0.7375079527266336,0.14468058517579102,128.0,0.05853784161452018,0.19730036026485254,12.325632947513004,0.21117126136677294,8464.0,0.831198095344007,0.08859434638721453,0.0328369140625,0.614833887751882,0.12726315672647448,128.0,0.06715230569721842,0.20632423776796524,11.72939071090756,0.18592667845989277,8464.0,0.923550128005445,0.14356001346638167,0.039794921875,0.7891831291355237,0.15411737946224793,128.0
socofing:000396:right_index,central_only,0.4000000059604645,566,0.4000244140625,0.5999755859375,0.573403324584427,0.426596675415573,11430.0,0.1769883390855261,0.14950478076934814,0.4172943545658359,4.0,4876.0,0.2752255947497949,0.16493014765749026,0.43252666119770306,0.2819755233940382,0.4805168170631665,0.3209906486395541,0.07200543259123261,0.1933707158715167,11.426347361327615,0.1801686214498772,4876.0,0.9481015801429749,0.279769012175151,0.04392361111111111,1.7403457676590992,0.2687090408885577,45.0,0.05195199467072928,0.1672813739508988,12.84397773268293,0.22035592208052784,4876.0,0.8909870348870754,0.214521215409335,0.04609375,2.2618342190914933,0.2867168389213031,45.0,0.06369631391850002,0.17882725368095356,11.95885699394234,0.21435077550113177,4876.0,0.9204196631908417,0.2513437400453758,0.04348958333333333,1.9521204697411747,0.2560821753879749,45.0
socofing:000406:right_index,disconnected_fragments,0.6000000238418579,576,0.5999755859375,0.4000244140625,0.7743554418421571,0.2256445581578429,10162.0,0.16194112955926027,0.14077864587306976,0.3452973126016462,1.0,2293.0,0.1831661578717837,0.13636321817170155,0.31661578717836897,0.2565480161560606,0.34627126035761013,0.29660961548418024,0.1099675744696076,0.23663691199854556,9.587353539771627,0.1312549859754119,2293.0,0.9971945285797119,0.24088451676335987,0.055908203125,2.2575455626257135,0.44536965220652747,16.0,0.08685959193883819,0.21294759998288504,10.611822152584677,0.16548160362401373,2293.0,0.9945847983472049,0.2555997664795673,0.052001953125,1.9982116854016636,0.3758698414581443,16.0,0.09966078127345522,0.2198442483371196,10.014757125751515,0.148707821821602,2293.0,0.9911668892018497,0.22557347268149808,0.069580078125,2.5675776468083087,0.5720071245746471,16.0
socofing:000407:right_index,stripes,0.800000011920929,586,0.79998779296875,0.20001220703125,0.772879091516366,0.22712090848363398,11976.0,0.2501787199452519,0.21137619018554688,0.4211692261889184,4.0,2720.0,0.2988970588235294,0.2464492034934023,0.48970588235294116,0.3999130002672182,0.5470588235294118,0.4510675991918235,0.12926459017191225,0.26881558462884964,8.88520426388452,0.27387601895018715,2720.0,0.9955693483352661,0.12685091878915689,0.027452256944444444,0.5284918895710994,0.11709581405408967,36.0,0.0728602390398142,0.21082647534049637,11.375094082587754,0.37127351463364255,2720.0,0.9027825817465782,0.11689330151812645,0.019314236111111112,0.3489886283780719,0.0841008449605982,36.0,0.11226863955393343,0.24855718349178513,9.497415400049515,0.31772508559904206,2720.0,0.9611960053443909,0.10086790163490579,0.027018229166666668,0.4723321736014243,0.11765021606142893,36.0
socofing:000422:right_index,random_rectangles,0.699999988079071,596,0.70001220703125,0.29998779296875,0.6358435792349727,0.3641564207650273,11712.0,0.18444697021459777,0.15648749470710754,0.4058744430438769,0.0,4265.0,0.2201641266119578,0.1636358877558781,0.35990621336459555,0.2930340440974845,0.4058616647127784,0.33616676287801994,0.0803764888113551,0.20745125967694789,10.948709695692111,0.2760247017615404,4265.0,0.938604861497879,0.06452507230262673,0.03204345703125,1.0232572114169236,0.1544979461671361,64.0,0.06695583564530844,0.19938470012361484,11.742115653568534,0.2928076879713362,4265.0,0.8980381935834885,0.03996866609185563,0.03082275390625,1.077152597833146,0.1511640010906178,64.0,0.0803764888113551,0.20745125967694789,10.948709695692111,0.2760247017615404,4265.0,0.938604861497879,0.06452507230262673,0.03204345703125,1.0232572114169236,0.1544979461671361,64.0
socofing:000424:right_index,central_missing,0.10000000149011612,606,0.0999755859375,0.9000244140625,0.022739662020091894,0.9772603379799081,12841.0,0.13055707622129173,0.1106751561164856,0.30208586252703484,0.0,12549.0,0.1778627779105905,0.11106544908550842,0.27540043031317235,0.20694215924048845,0.3089489202326879,0.23890106262548175,0.0894136313221827,0.23096089120483754,10.485962669230716,0.08261305155574893,12549.0,0.980384049937129,0.6117316026206698,0.04936290922619048,2.2490052031365297,0.2208708623450565,168.0,0.08906897490573525,0.23253553685836012,10.50273545947956,0.07289252526612498,12549.0,0.9803686123341322,0.5488437758756951,0.059268043154761904,2.60625040932029,0.2623527359533601,168.0,0.0894136313221827,0.23096089120483754,10.485962669230716,0.08261305155574893,12549.0,0.980384049937129,0.6117316026206698,0.04936290922619048,2.2490052031365297,0.2208708623450565,168.0
socofing:000425:right_index,peripheral_only,0.30000001192092896,616,0.29998779296875,0.70001220703125,0.3502624142107388,0.6497375857892612,12385.0,0.18089550802451979,0.15194396674633026,0.28904864013313736,4.0,8047.0,0.2325090095687834,0.16707736572982865,0.3713185037902324,0.2880509986097625,0.4144401640362868,0.32837554290307386,0.07868478152517029,0.21570968702793117,11.041092566975404,0.1663454997464439,8047.0,0.9721721392124891,0.45296424841138117,0.030593487394957982,0.6632395811597753,0.13137565979851004,119.0,0.060732156060640995,0.1957352012844912,12.165813006555064,0.19908845648839482,8047.0,0.8431174010038376,0.21808280488877804,0.031118697478991597,0.7441393728965933,0.12930131853825536,119.0,0.07819671239256415,0.21241956459169917,11.068115055051361,0.17280340273454217,8047.0,0.947805761359632,0.23306641630220634,0.030199579831932773,0.6169212636217184,0.12829993849594068,119.0
socofing:000429:right_index,central_only,0.5,626,0.5,0.5,0.6656374421061184,0.3343625578938816,12307.0,0.2109948038649298,0.17966361343860626,0.4184757101160107,3.0,4115.0,0.2894289185905225,0.20165239759377981,0.4658566221142163,0.3366574455567727,0.5190765492102065,0.38165912821110365,0.1055176023814044,0.23631647734858666,9.76675085584851,0.23977984967679666,4115.0,0.9948333501815796,0.16172401939872863,0.03677262931034483,1.2541284769600107,0.1912031890001283,29.0,0.06458730442309217,0.18801723479566007,11.898528405320254,0.27935884019821045,4115.0,0.8863807315938175,0.16829488801865936,0.04323814655172414,1.2765512939367605,0.23948133047163583,29.0,0.09766045138962265,0.22407886461543772,10.102812727247475,0.2340679756788715,4115.0,0.9985796213150024,0.12661968334362717,0.04283405172413793,1.5164030364894936,0.23746811345714766,29.0
socofing:000444:right_index,disconnected_fragments,0.699999988079071,636,0.70001220703125,0.29998779296875,0.8426705619522254,0.15732943804777455,11638.0,0.1720861420710838,0.14593665301799774,0.5135779715972802,3.0,1831.0,0.1720371381758602,0.15616685895891153,0.29000546149645,0.27374589900251695,0.3244128891316221,0.31293891235038535,0.09521546929086482,0.21986062508045912,10.212924877301297,0.2928703497833275,1831.0,0.9775490760803223,0.09128427104366606,0.03955078125,1.1255814474511872,0.23398229138950044,8.0,0.06488310013843523,0.19382997709840175,11.878684075507543,0.33493005742648857,1831.0,0.8626921735703945,0.11735366741084804,0.041015625,2.4602079705181263,0.23341054728068825,8.0,0.08636157045386829,0.20577088992886045,10.636794687781991,0.27625391874822414,1831.0,0.9459243379533291,0.08142046710877136,0.02587890625,0.8195878407818932,0.15174527980001906,8.0
socofing:000448:right_index,severe_partial,0.10000000149011612,646,0.0999755859375,0.9000244140625,0.13460432245870654,0.8653956775412934,12169.0,0.25040132136281973,0.21087314188480377,0.22669587240737046,2.0,10531.0,0.2344506694520938,0.23242507529002898,0.38457886240622924,0.3988444895732325,0.434336720159529,0.4543176276676336,0.15130166043057552,0.29913871981731166,8.201563058705366,0.09926855616940611,10531.0,0.9960705633275211,0.29788296440739853,0.03267728365384615,0.8827001581690658,0.17952657538952752,156.0,0.1181336002890957,0.2743198613693414,9.276265600942358,0.1061884404753999,10531.0,0.989035367500037,0.2817030768897668,0.03225160256410257,1.0736236338741298,0.17419650609709578,156.0,0.14104856881832728,0.2919589225452631,8.506313161548851,0.09816904489232074,10531.0,0.9959329362027347,0.28583437242038856,0.032552083333333336,0.9159695948724417,0.17742535179856697,156.0
socofing:000449:right_middle,irregular,0.10000000149011612,657,0.0999755859375,0.9000244140625,0.1136100545725153,0.8863899454274847,12094.0,0.2501161112614087,0.21228311955928802,0.2822613505770252,4.0,10720.0,0.4111007462686567,0.23197650975033418,0.6490671641791045,0.39837181786714654,0.7125,0.4538369205727506,0.11081466157170537,0.2574790935497731,9.554027755422442,0.09302792633169561,10720.0,0.9872580170631409,0.1912716566749987,0.047819648692810454,1.1814952143084738,0.21322694753705504,153.0,0.049068858582586576,0.17185978609275807,13.09194044261792,0.12346897272399422,10720.0,0.8693925440311432,0.14945800014720134,0.04937704248366013,1.3946361384239707,0.20886067270467581,153.0,0.06734356910122555,0.19207470796501902,11.717038704265159,0.09692816714988368,10720.0,0.973231852054596,0.1345138738329223,0.052006740196078434,1.2945017067886384,0.22108127077259127,153.0
socofing:000472:right_middle,central_missing,0.30000001192092896,667,0.29998779296875,0.70001220703125,0.14698443579766537,0.8530155642023346,10280.0,0.1648568338285573,0.13929909467697144,0.1335518208322087,0.0,8769.0,0.1522408484433801,0.13628280329682535,0.2921655833048238,0.2609135310725185,0.34314060896339377,0.30245710699774947,0.06746434232773856,0.21184949941524472,11.709257089771903,0.1293885833966907,8769.0,0.9647963037714362,0.31715891037357763,0.04249526515151515,1.464854132358841,0.18806189570438045,132.0,0.06244638867686063,0.21133475092269735,12.044926721507132,0.13108681097467456,8769.0,0.8108254261314869,0.2743573909357575,0.03799715909090909,1.066826219709411,0.1678780500958319,132.0,0.06746434232773856,0.21184949941524472,11.709257089771903,0.1293885833966907,8769.0,0.9647963037714362,0.31715891037357763,0.04249526515151515,1.464854132358841,0.18806189570438045,132.0
socofing:000484:right_middle,peripheral_only,0.5,677,0.5,0.5,0.5389358108108108,0.46106418918918923,11840.0,0.2082369256170269,0.17545877397060394,0.2786836552072407,4.0,5459.0,0.2478475911339073,0.1894447589219763,0.4183916468217622,0.33129986431773795,0.4705990108078403,0.3785848994496585,0.09481708896205038,0.2337723393940059,10.231133823552309,0.2618897262144971,5459.0,0.9680985803715885,0.0972129083324813,0.032351762820512824,0.5356947484647239,0.11736243287624415,78.0,0.06904671511383503,0.2066449805770706,11.608569780827418,0.27263135084881135,5459.0,0.8856815844774246,0.04515444786953352,0.03680889423076923,0.6222659355914965,0.13393097531308318,78.0,0.08494315712452298,0.22359734532897765,10.708716014065814,0.25757971268060315,5459.0,0.9189849495887756,0.0730416709484508,0.029647435897435896,0.5092685125089859,0.10846570283670356,78.0
socofing:000493:right_middle,central_only,0.699999988079071,687,0.70001220703125,0.29998779296875,0.9045862329169112,0.0954137670830888,11927.0,0.2345214124042246,0.1971086859703064,0.4174162611153273,1.0,1138.0,0.28295254833040423,0.2366994242519402,0.45694200351493847,0.37545206103153095,0.5307557117750439,0.42170293995806113,0.11904558390878875,0.25860087183772246,9.242867104616794,0.19112574780891192,1138.0,0.9345242902636528,0.49862145007106395,0.02734375,0.5986061519873876,0.11510010199287196,3.0,0.06688379451773195,0.2047338733066574,11.746790960450364,0.2340633245978292,1138.0,0.7774366103112698,0.2523509685737225,0.016927083333333332,0.31098899027885424,0.06944683191803899,3.0,0.0922066395057697,0.2222916663101398,10.352378056611212,0.23377962833362245,1138.0,0.9218387599103153,0.31784254453315197,0.0390625,0.8847406118386756,0.16588166534878124,3.0
socofing:000496:right_middle,stripes,0.10000000149011612,697,0.0999755859375,0.9000244140625,0.06664543355362688,0.9333545664463732,12559.0,0.21304538535331422,0.18120171129703522,0.1330513562899118,4.0,11722.0,0.26428937041460504,0.18778756423078694,0.43183757038048115,0.33834683445305,0.48370585224364443,0.38853325786047105,0.10905854002207208,0.25378614016386686,9.623403205553217,0.05212828899068115,11722.0,0.9849395751953125,0.3685130093473601,0.06818181818181818,2.1314191630921115,0.2552208819704061,165.0,0.0835481959937804,0.22788013127128362,10.780629231303138,0.06812380040835182,11722.0,0.9682513456791639,0.3130870808764242,0.07900094696969696,2.548125481520025,0.3004114958946678,165.0,0.10388631305845523,0.24977845487637215,9.83441666636656,0.08018729130189939,11722.0,0.9998605847358704,0.301010203480095,0.07234848484848484,2.71921997455036,0.27348825963851353,165.0
socofing:000503:right_middle,severe_partial,0.30000001192092896,707,0.29998779296875,0.70001220703125,0.33532154863897623,0.6646784513610238,9221.0,0.12371826695372803,0.10420789569616318,0.29966324168565694,0.0,6129.0,0.07537934410181106,0.09768200442401595,0.14831130690161526,0.19534560087299363,0.17376407244248654,0.22790013302265283,0.10116330904458674,0.2689875236500117,9.949769733539236,0.14211098003061293,6129.0,0.9411764703691006,0.35244982700494554,0.03999255952380952,1.1401959905498298,0.20638297113664225,84.0,0.10740140180761569,0.278963431475423,9.689900501696183,0.17188430290392637,6129.0,0.9411764703691006,0.3379245144823521,0.04385230654761905,1.4103573704903158,0.20461776741485674,84.0,0.10116330904458674,0.2689875236500117,9.949769733539236,0.14211098003061293,6129.0,0.9411764703691006,0.35244982700494554,0.03999255952380952,1.1401959905498298,0.20638297113664225,84.0
socofing:000504:right_middle,irregular,0.20000000298023224,717,0.20001220703125,0.79998779296875,0.21643286573146292,0.7835671342685371,11976.0,0.14907149205338416,0.1250646561384201,0.25173783484051826,0.0,9384.0,0.14034526854219948,0.12970745479981816,0.25788576300085253,0.23657798356005807,0.29614236999147486,0.2722014931468047,0.08105710061795689,0.22449961933322238,10.912089348669916,0.1894736337997499,9384.0,0.9514862280339003,0.14145433816606448,0.04035541373239437,0.9192868448809707,0.16325178444222532,142.0,0.07011087528215755,0.21793435061739905,11.54214611010514,0.1912772465808151,9384.0,0.8772639036178589,0.11851689577301737,0.03829225352112676,1.0638754296754724,0.15688936168258372,142.0,0.08105710061795689,0.22449961933322238,10.912089348669916,0.1894736337997499,9384.0,0.9514862280339003,0.14145433816606448,0.04035541373239437,0.9192868448809707,0.16325178444222532,142.0
socofing:000509:right_middle,central_missing,0.4000000059604645,727,0.4000244140625,0.5999755859375,0.1789637495422922,0.8210362504577078,10924.0,0.1568647492880911,0.13198821246623993,0.23817982805432214,3.0,8969.0,0.24673876686364143,0.13515884703265502,0.4390679005463262,0.2488130086354022,0.49213959192775114,0.2866977291696512,0.05092502435387267,0.17503201174841024,12.930687546351132,0.09947669787105719,8969.0,0.8204172253608704,0.5385792025643777,0.032952008928571426,0.6905247673891167,0.14194375925088945,140.0,0.033359110352956314,0.14611009815731685,14.767855399873524,0.1336004513367277,8969.0,0.6534352600574493,0.4599637701363502,0.03510044642857143,0.840610612626642,0.15482048645381236,140.0,0.04209105705276478,0.159273917025541,13.758101674708342,0.11022533344687986,8969.0,0.7810352742671967,0.461100388518146,0.042578125,1.0681354954910158,0.18715584961926005,140.0
socofing:000511:right_middle,peripheral_only,0.6000000238418579,737,0.5999755859375,0.4000244140625,0.645197010242687,0.35480298975731295,10837.0,0.12383383355618142,0.11136753857135773,0.6193062917425386,4.0,3845.0,0.21456436931079323,0.09679739176064381,0.3820546163849155,0.19543048951033654,0.41378413524057217,0.2283081887602341,0.03559439069231697,0.11444411095418278,14.486184369517135,0.17714659034655836,3845.0,0.8690370172262192,0.2026062990468728,0.0498218201754386,1.3286037036270328,0.22960756852510933,57.0,0.027241553457244362,0.11154055895944388,15.647681302881637,0.19372956804708502,3845.0,0.8439520448446274,0.21028567673994605,0.04851973684210526,1.3033198162383017,0.2191646078183044,57.0,0.03444544627209608,0.11125966253471216,14.62868184195235,0.2013658963776852,3845.0,0.8937728404998779,0.15666699320850425,0.05879934210526316,1.7141869396703127,0.32377301537482167,57.0
socofing:000522:right_middle,central_only,0.800000011920929,747,0.79998779296875,0.20001220703125,0.95027759634226,0.049722403657740055,12248.0,0.09034441051812007,0.07637305557727814,0.7329517475853549,4.0,609.0,0.12315270935960591,0.08104511982897428,0.20525451559934318,0.14362112776007757,0.2315270935960591,0.1644797970704453,0.07879122371423265,0.1722306390025321,11.035221543980978,0.4346497464516486,609.0,0.9597657285630703,0.11754184095376496,nan,nan,nan,0.0,0.060770644096267784,0.15245225114598013,12.16306160625326,0.4491151704752223,609.0,0.8590920493006706,0.14348703540623664,nan,nan,nan,0.0,0.06127739729227703,0.15174878557321228,12.126996892894034,0.4914339636695439,609.0,0.8777749463915825,0.19374505281201027,nan,nan,nan,0.0
socofing:000524:right_ring,stripes,0.30000001192092896,758,0.29998779296875,0.70001220703125,0.33652802893309225,0.6634719710669077,11060.0,0.19816184168080928,0.1677926778793335,0.3529025254103987,2.0,7338.0,0.22758244753338785,0.17471192329594015,0.3783047151812483,0.31471395485080794,0.43322431180158083,0.36138129870243046,0.10507962158217327,0.2420533157216345,9.784814998854909,0.14418640905070587,7338.0,0.9975337982177734,0.20665136120931615,0.04532657657657658,1.0247730148685272,0.17561957609116516,111.0,0.06964212281211625,0.2083778748393204,11.57127999307476,0.176593900747411,7338.0,0.8935544937849045,0.13354675952308853,0.055039414414414414,1.5543105200016831,0.21795968148233108,111.0,0.08393706510977467,0.21883118100537702,10.760462201246852,0.16928179290839104,7338.0,0.9760826220735908,0.16681828889729367,0.04444679054054054,1.1400040138450367,0.17786417097827448,111.0
socofing:000527:right_ring,random_rectangles,0.20000000298023224,768,0.20001220703125,0.79998779296875,0.05079397394136808,0.9492060260586319,9824.0,0.1417831862036728,0.12003139406442642,0.08690827103542213,4.0,9325.0,0.14777479892761394,0.11217712779147376,0.2840750670241287,0.22389249208465659,0.328686327077748,0.26113094684905086,0.06681291359486669,0.2106917319593117,11.75139589006924,0.08500932191458142,9325.0,0.8679326623678207,0.2871359645470176,0.06179511278195489,1.535447628429995,0.232909208106775,133.0,0.056519143311824956,0.19977430632587612,12.478044295865157,0.08678457906828964,9325.0,0.6343244835734367,0.21626183686375694,0.06558388157894737,1.9213864084771435,0.24692153017527926,133.0,0.06519660533732934,0.20839233344790323,11.857750165632744,0.08886589272260317,9325.0,0.8829978071153164,0.2857002451704055,0.05201480263157895,1.250367127666345,0.19471880784828824,133.0
socofing:000528:right_ring,irregular,0.4000000059604645,778,0.4000244140625,0.5999755859375,0.36885245901639346,0.6311475409836065,10370.0,0.11313140002892526,0.0950942113995552,0.3653018570504252,2.0,6545.0,0.1384262796027502,0.09828161766184842,0.24598930481283424,0.17952526180957273,0.28708938120702826,0.2066064765254808,0.060278149722821216,0.18656156397872156,12.198400871056075,0.4676591419976657,6545.0,0.872604250907898,0.03739625261623137,0.017613636363636363,0.370463549642588,0.073199086233723,110.0,0.04976866337840866,0.1742364820738937,13.030440228118625,0.4944950365846986,6545.0,0.7763919793069363,0.030721968027110517,0.01796875,0.37087903397378597,0.07559059537966041,110.0,0.05429497898035649,0.17786636470217254,12.652403306680402,0.4836008344176457,6545.0,0.8185903429985046,0.0310850120325676,0.01569602272727273,0.2752019781435072,0.06679618599096261,110.0
socofing:000530:right_ring,central_missing,0.6000000238418579,788,0.5999755859375,0.4000244140625,0.37660424994740166,0.6233957500525984,9506.0,0.1482308299415545,0.12439799308776855,0.25465221589376025,1.0,5926.0,0.20587242659466756,0.12942667734952862,0.3391832602092474,0.23528891264728466,0.38710766115423556,0.27057632441320334,0.07746747440600811,0.2184945414294,11.108806026677641,0.14967864371991751,5926.0,0.9269084930419922,0.1642664084522876,0.05855219414893617,1.4021643315748151,0.2227782322778603,94.0,0.0623519700026915,0.20037983832957862,12.051498204888478,0.14447457537797345,5926.0,0.8804553672671318,0.11822099465240768,0.048287898936170214,1.1348865653199138,0.18635415856830836,94.0,0.07504401025352961,0.21288984632812608,11.24683965881086,0.1248505879334919,5926.0,0.9475866556167603,0.15650210809620013,0.05784574468085106,1.2053677300473982,0.22271176154000766,94.0
socofing:000531:right_ring,peripheral_only,0.800000011920929,798,0.79998779296875,0.20001220703125,0.8194111441450082,0.18058885585499185,10427.0,0.1864231633367655,0.1589914858341217,0.4032438767990386,2.0,1883.0,0.28199681359532663,0.173191750676342,0.44609665427509293,0.29695392007278243,0.492299522039299,0.33820797653826257,0.07409326849646564,0.19480925561331977,11.302212466446445,0.3707560154085461,1883.0,0.9208650290966034,0.03591437200915699,0.0203125,0.3410905926746007,0.08363187040041317,25.0,0.05781211665810213,0.17838288013614612,12.379811296370718,0.3421235095957643,1883.0,0.8932605739682913,0.05550655267510226,0.01796875,0.3288365821094951,0.07266909452699458,25.0,0.0714163286594405,0.19008763367557463,11.462024795972932,0.3778991870736197,1883.0,0.9229699363932014,0.01348453212431033,0.02203125,0.41860505272257337,0.08927880205561987,25.0
socofing:000540:right_ring,disconnected_fragments,0.20000000298023224,808,0.20001220703125,0.79998779296875,0.2822727272727273,0.7177272727272728,11000.0,0.24798208310832096,0.20736049115657806,0.23532582636405622,3.0,7895.0,0.28296390120329323,0.22827327342785333,0.471564281190627,0.3948004520052668,0.5386953768207726,0.45030951153107124,0.10717050477657496,0.25751209420295335,9.69924723741482,0.10432023975015227,7895.0,0.9521144926548004,0.3458865419517644,0.041173986486486486,0.9892564694973474,0.21453280643595984,111.0,0.06821866521986492,0.21488838825685086,11.660967823387407,0.13308956570853753,7895.0,0.8476581498980522,0.30911611190394217,0.04954954954954955,1.2452734910777843,0.2039274315419118,111.0,0.10506670014442408,0.2511396380732965,9.785349075214056,0.1185911558224227,7895.0,0.952823219820857,0.3545939884454008,0.04954954954954955,1.5110974263070582,0.24151252692663777,111.0
socofing:000545:right_ring,stripes,0.4000000059604645,818,0.4000244140625,0.5999755859375,0.3752297794117647,0.6247702205882353,8704.0,0.12909250134227468,0.1085347980260849,0.27775525142601704,2.0,5438.0,0.1068407502758367,0.11168695004734322,0.1938212578153733,0.20480744701814635,0.22416329532916512,0.23584761267508073,0.09396734965529774,0.2488095740587822,10.270230222274602,0.14349034738639518,5438.0,0.8803963661193848,0.3214383691978057,0.04142441860465116,0.8097515169718454,0.1625795069676994,86.0,0.08436891875216085,0.24036878291237912,10.738175166505172,0.1579398314576942,5438.0,0.7544256746768951,0.2528260984555072,0.043059593023255814,0.964431969082625,0.17121356603012464,86.0,0.09205167357384529,0.24544164245722472,10.359683112634004,0.13144023931002513,5438.0,0.8670831844210625,0.23597719646222248,0.035110828488372096,0.8104795633932294,0.14075933489226494,86.0
socofing:000553:right_ring,random_rectangles,0.30000001192092896,828,0.29998779296875,0.70001220703125,0.13024264154089885,0.8697573584591012,11993.0,0.16972781770833442,0.14233960211277008,0.2305816641367731,2.0,10431.0,0.17246668584028377,0.14470763951497137,0.31741923113795417,0.2690624905139988,0.36909212923017926,0.3105141075136746,0.09495507602801387,0.24544031914879272,10.224818141599027,0.10403031639965779,10431.0,0.9601558428257704,0.20442059020260725,0.045930351307189546,0.9616970496361479,0.1843501020128669,153.0,0.06782575686534988,0.21497450503836288,11.686053512617441,0.13136088253784056,10431.0,0.8107257187366486,0.14895389452171348,0.05486621732026144,1.363304104133769,0.21189293183750565,153.0,0.07803477282956647,0.22196341523110105,11.07711829581288,0.14380492044480944,10431.0,0.9091185629367828,0.17976847101375695,0.05024509803921569,1.244630640228284,0.19271124843925638,153.0
socofing:000554:right_ring,irregular,0.5,838,0.5,0.5,0.4285425714574285,0.5714574285425715,9901.0,0.14367811054191476,0.12068499624729156,0.3931368908289256,1.0,5658.0,0.15623895369388477,0.12750921264875478,0.26917638741604805,0.22826808707774762,0.3061152350653941,0.2618543785540785,0.08171303503316195,0.21742529643435504,10.877086583828968,0.32550067854252157,5658.0,0.9507741928100586,0.091301775733098,0.02880859375,0.5285903503586642,0.11852269797147005,80.0,0.06458929355917503,0.20157003498097276,11.898394654960187,0.36260440848651676,5658.0,0.8893850073218346,0.06934867836449048,0.0236328125,0.4331729096513929,0.09501571727455217,80.0,0.07332917122827534,0.20584448101542188,11.347232234050544,0.35242362874934485,5658.0,0.9381388127803802,0.06825371775169581,0.0208984375,0.3612316336208812,0.08570490959278029,80.0
socofing:000558:right_ring,central_missing,0.699999988079071,848,0.70001220703125,0.29998779296875,0.5117969138875063,0.48820308611249374,10045.0,0.19157331282026807,0.1610763818025589,0.19237892297107037,2.0,4904.0,0.1980016313213703,0.16697249209073783,0.34828711256117456,0.304057218439476,0.3929445350734095,0.34975212722238863,0.13258679478089833,0.2804993044914105,8.774997281135246,0.146980622051591,4904.0,0.9772050958126783,0.08635914551021671,0.03814935064935065,0.7778913928461917,0.1793914721654174,77.0,0.09425492979481907,0.24386080857934156,10.256959257195575,0.17133213096938701,4904.0,0.9327530842274427,0.036297922098117344,0.04580965909090909,1.0996382099331736,0.20324380849181983,77.0,0.09747689046809652,0.2449411868046913,10.110983333454033,0.1992095456687546,4904.0,0.9429711680859327,0.0694826779521362,0.03926542207792208,0.8126278239165303,0.18092810081536045,77.0
socofing:000564:right_little,central_only,0.20000000298023224,859,0.20001220703125,0.79998779296875,0.37663917804515346,0.6233608219548465,7397.0,0.17555916180478287,0.1470210701227188,0.16803126870554025,4.0,4611.0,0.11993060073736717,0.15848238016126265,0.2170895684233355,0.27918698072330056,0.24615050965083496,0.31942184757731323,0.11166400704738784,0.2759597838991201,9.520867916087777,0.08646525082270115,4611.0,0.9529046406969428,0.4071961723696419,0.06892213983050847,1.6682330037818924,0.3428403636377631,59.0,0.09250221035276228,0.2633134617498078,10.338478896119012,0.11034886379242452,4611.0,0.7915105149149895,0.24013710745822045,0.0859375,3.1437264114090056,0.39368033600758534,59.0,0.10339452972382485,0.2646325261891979,9.855024377759438,0.10524152149066787,4611.0,0.9021695842966437,0.36380779413726433,0.06283103813559322,1.9030280408046363,0.31080511264731786,59.0
socofing:000584:right_little,disconnected_fragments,0.4000000059604645,869,0.4000244140625,0.5999755859375,0.4572662448528673,0.5427337551471327,9957.0,0.13818613024418835,0.1170140877366066,0.13834806111280548,1.0,5404.0,0.16654330125832717,0.1145653777888843,0.34826054774241305,0.218735733145171,0.41117690599555884,0.2534591849305998,0.05713096278512318,0.18739914546943345,12.431284570396958,0.15628082907359822,5404.0,0.7933379709720612,0.2624606336449014,0.06877966772151899,1.7879264461548046,0.25319558490816774,79.0,0.04206867380777127,0.16615587995448966,13.760411786662736,0.21013026366563642,5404.0,0.638757973909378,0.1842171865961548,0.06838409810126582,2.0436667669673048,0.25072357708945503,79.0,0.04970434996206972,0.17881148986568016,13.036056015714122,0.17665592367758415,5404.0,0.7243255972862244,0.31309217250306737,0.07115308544303797,1.9268467052025524,0.2605436133043699,79.0
socofing:000589:right_little,stripes,0.6000000238418579,879,0.5999755859375,0.4000244140625,0.5618551217955536,0.43814487820444636,9401.0,0.16519621926970088,0.13998658955097198,0.42948184085296065,1.0,4119.0,0.18135469774217042,0.14707693161678476,0.3061422675406652,0.2625020220662298,0.340616654527798,0.30097705221604476,0.08132178521630451,0.20942046561213512,10.89793096080728,0.24787339857722074,4119.0,0.9739960422739387,0.12980122245290937,0.031901041666666664,0.9375013469672782,0.18168642791137776,54.0,0.05747461275365952,0.18701448702224233,12.405239461920523,0.31706738229426695,4119.0,0.8615222126245499,0.07038249091813271,0.03747106481481482,1.2323598955733428,0.20425564059992402,54.0,0.0703838793363188,0.19054616873590519,11.525267999059688,0.27620005573340645,4119.0,0.9465531101450324,0.090740441082927,0.03117766203703704,1.163779993383348,0.15749636495234204,54.0
socofing:000594:right_little,random_rectangles,0.5,889,0.5,0.5,0.45409944334371166,0.5459005566562883,10599.0,0.16019121331922165,0.135764017701149,0.35052867373800883,0.0,5786.0,0.23591427583823021,0.1406722409406666,0.36778430694780506,0.2543540440728992,0.4073625993778085,0.29224797845031,0.10643368457230315,0.2400456787646525,9.729209029741913,0.17775529432411705,5786.0,0.9960784311406314,0.0617984972996048,0.03830030487804878,1.3657922354260679,0.17634119279974403,82.0,0.09014836076943902,0.222945779038711,10.45042165949452,0.19524618879907446,5786.0,0.9960784311406314,0.06325038323047234,0.04177782012195122,1.6815478191709528,0.19135509282234026,82.0,0.10643368457230315,0.2400456787646525,9.729209029741913,0.17775529432411705,5786.0,0.9960784311406314,0.0617984972996048,0.03830030487804878,1.3657922354260679,0.17634119279974403,82.0
socofing:000598:right_little,irregular,0.699999988079071,899,0.70001220703125,0.29998779296875,0.673719772403983,0.32628022759601705,11248.0,0.18250118609182842,0.15433509647846222,0.4080994724606422,1.0,3670.0,0.23651226158038147,0.1655666864454259,0.4035422343324251,0.2903084477822852,0.4534059945504087,0.3318890348945716,0.09535100861060758,0.22651573090144111,10.206747086829518,0.4358417702827856,3670.0,0.9923620223999023,0.048800544233065825,0.02027027027027027,0.5072557149973078,0.09267920313574476,37.0,0.05529254642223316,0.18037604458023584,12.573334087652107,0.5191913906119648,3670.0,0.9262289963662624,0.02830423665468907,0.018158783783783782,0.5416533864783515,0.08464210830079222,37.0,0.07240112334760133,0.1966906265496487,11.402546954067239,0.4841817418198889,3670.0,0.9388560019433498,0.04136546195674201,0.018686655405405407,0.3516450914214966,0.08860689286977398,37.0
