sample_id,mask_family,observed_fraction,selected_dataset_index,observed_fraction_canvas,missing_fraction_canvas,observed_fraction_fingerprint_roi,missing_fraction_fingerprint_roi,fingerprint_roi_pixels,reinjected_pairwise_diversity_mae,reinjected_mean_predictive_std,reinjected_uncertainty_error_spearman,reinjected_best_sample_index,reinjected_missing_roi_pixels,reinjected_coverage_50,reinjected_interval_width_50,reinjected_coverage_80,reinjected_interval_width_80,reinjected_coverage_90,reinjected_interval_width_90,reinjected_single_mse,reinjected_single_mae,reinjected_single_psnr,reinjected_single_ssim_map_mean,reinjected_single_pixels,reinjected_single_max_absolute_error,reinjected_single_orientation_error,reinjected_mean_mse,reinjected_mean_mae,reinjected_mean_psnr,reinjected_mean_ssim_map_mean,reinjected_mean_pixels,reinjected_mean_max_absolute_error,reinjected_mean_orientation_error,reinjected_best_of_k_mse,reinjected_best_of_k_mae,reinjected_best_of_k_psnr,reinjected_best_of_k_ssim_map_mean,reinjected_best_of_k_pixels,reinjected_best_of_k_max_absolute_error,reinjected_best_of_k_orientation_error
socofing:000023:left_thumb,random_rectangles,0.10000000149011612,0,0.0999755859375,0.9000244140625,0.008389860764012852,0.9916101392359872,11204.0,0.2063350986054105,0.18605291843414307,-0.0067017101319683066,34.0,11110.0,0.5816381638163817,0.2340018169862209,0.8226822682268227,0.4632426771634234,0.8962196219621962,0.583600392063575,0.08113604818238415,0.23054530329526168,10.907861488917288,0.05112472473426991,11110.0,0.9715956449508667,0.5459245575852147,0.02476906520234712,0.11811403057577372,16.0609038360888,0.12865865804856652,11110.0,0.7506568431854248,0.6500625087637084,0.04780098758390064,0.16551377260663508,13.205631306303955,0.086439726371908,11110.0,0.7838804721832275,0.8676382167383477
socofing:000039:left_index,peripheral_only,0.800000011920929,31,0.79998779296875,0.20001220703125,0.7973338485316847,0.20266615146831535,10352.0,0.2147574409665942,0.19338881969451904,0.4039209197047476,40.0,2098.0,0.33508102955195423,0.26870594507845047,0.6110581506196378,0.4830603422112301,0.7397521448999047,0.5888081462355995,0.1024917633653124,0.24118259613485643,9.893110347909218,0.25398111505801174,2098.0,0.9737198650836945,0.08176100164829785,0.060349684177087075,0.19885437680609006,12.193249983173732,0.36157257013151933,2098.0,0.7195334583520889,0.12107364240203493,0.0790496729726518,0.21140225923059064,11.020999223980155,0.3620600450952607,2098.0,0.9076278209686279,0.10098228862046726
socofing:000057:left_middle,random_rectangles,0.4000000059604645,62,0.4000244140625,0.5999755859375,0.26280516993776926,0.7371948300622307,12534.0,0.15759813051991944,0.1482098400592804,0.06491341407204057,13.0,9240.0,0.32564935064935063,0.17864903243202152,0.5494588744588744,0.3463400090308417,0.6341991341991342,0.44116500498106076,0.060453945604202655,0.1870025483582439,12.185753490924878,0.12882506085670525,9240.0,0.9098783116787672,0.1493965208996979,0.04316635947617457,0.16568449694671852,13.64854576918847,0.19254380338419005,9240.0,0.6943275630474091,0.08666514999281737,0.05666994979043784,0.17720786112565265,12.46647172143142,0.17820730717241193,9240.0,0.9107949733734131,0.12827946851069935
socofing:000066:left_ring,central_only,0.30000001192092896,93,0.29998779296875,0.70001220703125,0.42985831729928287,0.5701416827007171,11434.0,0.24320602682507908,0.21986715495586395,0.5242666985552745,30.0,6519.0,0.46816996471851513,0.3142408479069672,0.7031753336401289,0.5509393067955332,0.7807946003988342,0.6582365687435381,0.10214882422245358,0.2336855866953566,9.907666279217848,0.25270490377855154,6519.0,0.9961729943752289,0.11400088381966778,0.060161037929863374,0.18538326153457096,12.206846796749943,0.31633596797417135,6519.0,0.7948516309261322,0.08333969300118396,0.08994987871863762,0.21537051036508767,10.45999417886656,0.24946388710295023,6519.0,0.9923042058944702,0.11671677969897573
socofing:000081:left_little,random_rectangles,0.699999988079071,124,0.70001220703125,0.29998779296875,0.6088932806324111,0.3911067193675889,10120.0,0.20813768002706157,0.18689417839050293,0.2737996693270632,15.0,3958.0,0.3292066700353714,0.2642522781688255,0.5720060636685195,0.4669476092486686,0.6707933299646286,0.5651513959615744,0.10047610087220477,0.2417263407895493,9.97937226737275,0.23318199329151476,3958.0,0.9465908110141754,0.10456940867604046,0.06925621208411277,0.2107452890023207,11.595412655436308,0.23173155983973195,3958.0,0.8751718774437904,0.05955796525129981,0.09958236935920381,0.24083027800619453,10.018175447869472,0.22932754540309688,3958.0,0.9414714574813843,0.15453295931256072
socofing:000096:right_thumb,central_only,0.6000000238418579,155,0.5999755859375,0.4000244140625,0.810948600083577,0.18905139991642295,11965.0,0.17109604612986892,0.16488827764987946,0.641294877488859,12.0,2262.0,0.29089301503094606,0.21409701320131092,0.537577365163572,0.3740072080010761,0.6467727674624226,0.45894995651065407,0.08744097088016291,0.19761316395289769,10.582850289454019,0.24412332530969877,2262.0,0.9722338020801544,0.2690194025029517,0.04663140868265231,0.1564399665826808,13.31321464797236,0.3069731397505198,2262.0,0.8789247386157513,0.2863155629768721,0.06058187547634269,0.16427498324103093,12.176572860309154,0.29492806217793127,2262.0,0.9281928529962897,0.23162321152702847
socofing:000107:right_index,irregular,0.20000000298023224,186,0.20001220703125,0.79998779296875,0.09451486013986014,0.9054851398601399,9152.0,0.12396516473579133,0.11349456012248993,0.2585530803816447,26.0,8287.0,0.1497526245927356,0.13317434056376007,0.26873416194038857,0.2659394872156921,0.3446361771449258,0.34957310008609965,0.0883436568873383,0.24382860949180937,10.538246275688962,0.12737396608051332,8287.0,0.9450980387628078,0.2683532624417462,0.06994507084172438,0.2211882365832432,11.552428856277292,0.1516329072301847,8287.0,0.9450980387628078,0.24769138403463375,0.07427358896019051,0.21826460831230515,11.291655901149948,0.13543563198209013,8287.0,0.9450980387628078,0.2820996986231844
socofing:000118:right_middle,disconnected_fragments,0.10000000149011612,217,0.0999755859375,0.9000244140625,0.14496131257574346,0.8550386874242566,10727.0,0.2512151074985017,0.22229313850402832,0.3008426150995205,47.0,9172.0,0.5930004361098997,0.31897595301075526,0.8228303532490188,0.5717584425046541,0.8701482773658962,0.6854337004529587,0.06968855878982251,0.19758420554385714,11.568385169135851,0.1522014903644988,9172.0,0.958137184381485,0.26796297693862964,0.03709515888864054,0.15215355532736924,14.306827643778174,0.2341381221488305,9172.0,0.7219958603382111,0.262204915303389,0.06778147328191358,0.19201653792713336,11.688889956749225,0.16440446442256607,9172.0,0.9104942679405212,0.1877018718931794
socofing:000153:right_ring,irregular,0.5,248,0.5,0.5,0.5506019891816437,0.4493980108183563,11462.0,0.1982220886236412,0.18014012277126312,0.4202839499036907,38.0,5151.0,0.3859444768006212,0.24686405890614194,0.6342457775189284,0.44399588826246067,0.7309260337798485,0.5405788378746988,0.09589410812971676,0.22943934944240074,10.182080756797937,0.15363669045178854,5151.0,0.9681669175624847,0.21070907548077245,0.04737435943466846,0.1671209515713266,13.244566492321997,0.23292558733789112,5151.0,0.7678854018449783,0.1489816835301911,0.06796901825634007,0.19189744648980883,11.676890029765666,0.18116455386335692,5151.0,0.8954796195030212,0.1513687250977408
socofing:000185:right_little,disconnected_fragments,0.4000000059604645,279,0.4000244140625,0.5999755859375,0.43149847094801225,0.5685015290519877,9810.0,0.1519113293093345,0.13913288712501526,0.36428454542275623,22.0,5577.0,0.25121032813340505,0.16829045769511874,0.4721176259637798,0.33281346117218963,0.5825712748789672,0.42895975104525286,0.07251199212854638,0.2029462650023175,11.395901632970373,0.16259631486630133,5577.0,0.9448996745049953,0.13792209737710562,0.049107790468626344,0.17523491111768869,13.088496058576132,0.22261171798900156,5577.0,0.9149058423936367,0.273252114841725,0.058067311306783234,0.18178733582886447,12.36068282657236,0.2078222997290746,5577.0,0.9440069161355495,0.2449294935969102
socofing:000214:left_thumb,irregular,0.800000011920929,310,0.79998779296875,0.20001220703125,0.7742700918188383,0.22572990818116168,9693.0,0.18890447520665551,0.17160986363887787,0.3416192500035696,16.0,2188.0,0.3359232175502742,0.23013696515459356,0.5790676416819013,0.42133616949184727,0.6924131627056673,0.5193226341873243,0.09806296898913873,0.23290533813012856,10.084949620374218,0.48260200872323783,2188.0,0.9843427538871765,0.11819013480913698,0.055218203843327936,0.18352746505778064,12.579177243468502,0.574070858201181,2188.0,0.8131387820467353,0.05444142261868884,0.07160757963568237,0.19842300873753738,11.450410053495752,0.5748114419311761,2188.0,0.9578710179775953,0.042756616572185754
socofing:000249:left_index,disconnected_fragments,0.699999988079071,341,0.70001220703125,0.29998779296875,0.7741140799696797,0.22588592003032026,10554.0,0.17414965038814254,0.1569889336824417,0.22397752214854813,26.0,2384.0,0.4358221476510067,0.19252708001724825,0.7260906040268457,0.38599150846618546,0.8204697986577181,0.49469277709284976,0.041437139252097806,0.15500550269893051,13.826102351622891,0.16988134634943894,2384.0,0.7608122676610947,0.10877484300516148,0.025404024076335782,0.12645454085025712,15.950974843357809,0.26124086899665366,2384.0,0.5705471634864807,0.13994880902197857,0.03646638061101938,0.1418803820680302,14.381073394738884,0.2351171608893491,2384.0,0.8428246825933456,0.08620619712026173
socofing:000274:left_middle,central_missing,0.30000001192092896,372,0.29998779296875,0.70001220703125,0.13225933202357565,0.8677406679764244,12725.0,0.2210551297487147,0.19736739993095398,0.02831296285432771,36.0,11042.0,0.28889693896033325,0.26471040447746425,0.5365875747147256,0.4959181935350828,0.6535047998550987,0.6131241476208138,0.10771212323016517,0.2612201957894245,9.677354131768928,0.05912341516851475,11042.0,0.9909215569496155,0.3708325130493478,0.07718788386892411,0.23559176435476828,11.12450865232017,0.0667837748377346,11042.0,0.7985594272613525,0.49896494560076077,0.10648024104641006,0.2555090581892462,9.727309743909387,0.06462599476906272,11042.0,0.9790889918804169,0.5672397717123497
socofing:000291:left_ring,stripes,0.20000000298023224,403,0.20001220703125,0.79998779296875,0.13559322033898305,0.864406779661017,9912.0,0.16300419508837855,0.1475718766450882,0.2803835414501689,13.0,8568.0,0.2246732026143791,0.1778424132204885,0.42518674136321194,0.35774248850459706,0.5373482726423903,0.4631383328388134,0.10104173805836815,0.25135550580217253,9.95499191919606,0.11149818473064385,8568.0,0.9492825828492641,0.35189956294175384,0.06211316299493802,0.20521836032914642,12.06816354569109,0.14100273792817866,8568.0,0.7307237833738327,0.30176424821347353,0.07302974439658864,0.2141536313649219,11.365002193824491,0.126829588739517,8568.0,0.9752233028411865,0.22583403560416285
socofing:000303:left_little,central_missing,0.6000000238418579,434,0.5999755859375,0.4000244140625,0.4022876136474729,0.5977123863525271,10229.0,0.1891814536799461,0.1716407686471939,0.23454317214825066,38.0,6114.0,0.42361792607131177,0.21268098102867272,0.6880929015374551,0.4240235167081777,0.7885181550539745,0.5367325905884719,0.07793582605163273,0.21402410903654928,11.082628570920079,0.10837968427470243,6114.0,0.9320115745067596,0.35404847750696644,0.041415494692882374,0.15724351546993082,13.828371467858974,0.1647520420733204,6114.0,0.684100329875946,0.12184735348320094,0.05303928075844816,0.1750922122014224,12.754023738332043,0.1135708548545766,6114.0,0.8202144429087639,0.1426580219324824
socofing:000317:right_thumb,stripes,0.5,465,0.5,0.5,0.44181069958847735,0.5581893004115226,12150.0,0.21947014253146985,0.1958891600370407,0.28475234789595893,27.0,6782.0,0.35638454733117075,0.2765059848141614,0.6242996166322619,0.4926236584220127,0.7310527867885579,0.596369389971689,0.10273023179310697,0.24543701821288072,9.883017319739162,0.10235068157394,6782.0,0.9726159553974867,0.4420663436826597,0.06040953793038902,0.20120660863662662,12.188944861551516,0.11928577978338259,6782.0,0.8378694616258144,0.3074540118754534,0.08577459424304368,0.225489973638026,10.666413276981828,0.11129319522600443,6782.0,0.9722980838268995,0.3957495997532374
socofing:000321:right_index,peripheral_only,0.10000000149011612,496,0.0999755859375,0.9000244140625,0.12942025499158047,0.8705797450084195,12471.0,0.2580375878992899,0.22983983159065247,0.2527858547040878,8.0,10857.0,0.4146633508335636,0.34003605661668246,0.6958644192686746,0.5855203902102686,0.793036750483559,0.69174857306812,0.11930315244572809,0.2681498235284831,9.233480804562653,0.11578163431429303,10857.0,0.9943521614186466,0.5738631007385879,0.06615544672641926,0.21174152578087657,11.794343935649476,0.14757209031361634,10857.0,0.9826089139096439,0.3700317215936523,0.10514656767813872,0.25197956638702,9.782048995137878,0.12373362525112214,10857.0,0.9907699222676456,0.5857006505410216
socofing:000356:right_middle,stripes,0.800000011920929,527,0.79998779296875,0.20001220703125,0.772119721197212,0.22788027880278805,12195.0,0.23524075059136085,0.21440240740776062,0.3729240463752661,5.0,2779.0,0.4418855703490464,0.30620701175642856,0.7038503058654192,0.5323260567564895,0.7840949982007916,0.6344703450975935,0.11937187481465227,0.2558732538585581,9.230979851968286,0.24898094244518265,2779.0,0.9959172010421753,0.25210308561382866,0.05005402487635916,0.18084789868162696,13.005609948817039,0.3432109240829503,2779.0,0.7408915460109711,0.11942745918625489,0.07399759004915164,0.19937855024132026,11.307824241257563,0.30847315534056335,2779.0,0.9299100041389465,0.145330026009434
socofing:000380:right_ring,peripheral_only,0.4000000059604645,558,0.4000244140625,0.5999755859375,0.39769661755550945,0.6023033824444906,9638.0,0.13424647568512663,0.12279179692268372,0.25543594812150905,7.0,5805.0,0.165374677002584,0.1446346095122211,0.3397071490094746,0.28938538897766525,0.4472006890611542,0.3792987432285283,0.09143907629243682,0.23900097389645317,10.388681697860449,0.1998591332153611,5805.0,0.9945081472396851,0.3790591705651527,0.05744508532360876,0.20011240725255508,12.407471211643603,0.2019430542654012,5805.0,0.8119082003831863,0.312887690181431,0.06292243609878811,0.2018341418568279,12.011944716212177,0.18846597340045465,5805.0,0.8752869069576263,0.3569545974468485
socofing:000407:right_little,severe_partial,0.30000001192092896,589,0.29998779296875,0.70001220703125,0.43024673984426304,0.5697532601557369,10659.0,0.2415867915845283,0.2170526385307312,0.4152911731018294,29.0,6073.0,0.38827597562983696,0.3134573413012802,0.6323069323233986,0.5455144375862017,0.7296229211262967,0.6517408421399584,0.1220939580681986,0.266332797956862,9.133058269852182,0.2010679735907812,6073.0,0.997160792350769,0.14908004404803127,0.06358757594336409,0.2050155959937908,11.966277306774472,0.26954861794021706,6073.0,0.9176470562815666,0.12967643511376106,0.0887621411433958,0.22351164729011602,10.517722301495134,0.2822245553649865,6073.0,0.9742187559604645,0.08991285229777217
socofing:000429:left_thumb,peripheral_only,0.699999988079071,620,0.70001220703125,0.29998779296875,0.7298972435165552,0.27010275648344484,12262.0,0.22596561277231775,0.20169438421726227,0.38914033192267067,39.0,3312.0,0.3294082125603865,0.29503015574553737,0.5827294685990339,0.509668309228036,0.6944444444444444,0.6080669177489147,0.11237377926706496,0.2576457343577713,9.493350130380888,0.30913498110159543,3312.0,0.9536825120449066,0.07977292162548973,0.07096650577751958,0.2154452552701738,11.489465778752523,0.369084623772051,3312.0,0.9040496274828911,0.06628253190781143,0.09238637414850939,0.23285777032024402,10.343920771400779,0.3640873977923762,3312.0,0.9601292312145233,0.08887371667336944
socofing:000449:left_index,random_rectangles,0.30000001192092896,651,0.29998779296875,0.70001220703125,0.08415423585702224,0.9158457641429778,10659.0,0.1278596298447558,0.11806778609752655,0.19886207332906136,39.0,9762.0,0.29123130506043843,0.12894798262982407,0.6175988526941201,0.2740340403014216,0.740319606637984,0.36825134642246654,0.04807141534090626,0.16515571600533344,13.18113090983549,0.09034181245199874,9762.0,0.749019593000412,0.16530944360559224,0.026919043895394814,0.1275802796717624,15.699403693488076,0.16342773876575548,9762.0,0.749019593000412,0.18758171582991826,0.0353598327242019,0.13560996250102716,14.514897981591881,0.13037086075487597,9762.0,0.749019593000412,0.18978477413807338
socofing:000493:left_middle,central_only,0.20000000298023224,682,0.20001220703125,0.79998779296875,0.2735164009681996,0.7264835990318004,11981.0,0.20781312285067172,0.19723987579345703,0.4585767477573917,24.0,8704.0,0.2814797794117647,0.2481317774954197,0.4631204044117647,0.46635165869409007,0.5510110294117647,0.5782574752230977,0.1560949662175238,0.28956825466636527,8.066111019292656,0.0756036134647231,8704.0,0.9999846816062927,0.28196537889258827,0.08418388183290725,0.2206618322138103,10.747710522190006,0.13817764791982085,8704.0,0.9546069502830505,0.2126652985449321,0.08835395547622271,0.20476505709334827,10.537740029988285,0.1161361181902576,8704.0,0.9864534130319953,0.2045207217826424
socofing:000504:left_ring,random_rectangles,0.6000000238418579,713,0.5999755859375,0.4000244140625,0.42047531992687387,0.5795246800731262,10940.0,0.19312112246359076,0.17050297558307648,0.35268954705497446,10.0,6340.0,0.30236593059936906,0.23784602113914227,0.538801261829653,0.4304528118416151,0.644794952681388,0.5280922024144735,0.12028742402761115,0.2686233147909741,9.197797754939907,0.15428460275251465,6340.0,0.9999544024467468,0.23965582411833097,0.06470905029797872,0.20786194818502746,11.89034974051598,0.20510928537555406,6340.0,0.8225692212581635,0.17742315610261808,0.08293733469578754,0.22658508822618623,10.812499253924399,0.19438273428416988,6340.0,0.9384732227772474,0.2540653137971748
socofing:000522:left_little,central_only,0.5,744,0.5,0.5,0.7251328082066313,0.2748671917933687,10918.0,0.2001039454204356,0.18475504219532013,0.5043307044078311,38.0,3001.0,0.34355214928357214,0.25417189214158875,0.6027990669776742,0.4486030807994836,0.7110963012329223,0.5422158749763546,0.09914123150848549,0.2189701971170014,10.037456906959694,0.327132913582963,3001.0,0.9845953583717346,0.09271806917121332,0.05518038913353685,0.1768994056891249,12.58215241190072,0.37394747719356924,3001.0,0.9288369994610548,0.12152078762631906,0.06904403843345491,0.17952031655791342,11.608738143659714,0.3516654363651272,3001.0,0.9745227675884962,0.11647489906608477
socofing:000528:right_thumb,irregular,0.10000000149011612,775,0.0999755859375,0.9000244140625,0.09451013513513513,0.9054898648648648,11840.0,0.2205859087721676,0.1970721036195755,0.3086589222799862,22.0,10721.0,0.334390448652178,0.2701480431665837,0.5978919876877157,0.4951712180441546,0.7221341292789851,0.6075620148996342,0.10694389474793596,0.2535635783264,9.708440035465424,0.16594413179696152,10721.0,0.9883144497871399,0.46398995605493587,0.061786662165428684,0.20608188828357693,12.09105265576655,0.20354529230491622,10721.0,0.8503512139432132,0.249843173924309,0.08303542383858613,0.22531409601645927,10.807365932192823,0.176758491089123,10721.0,0.9401533007621765,0.2998538693831101
socofing:000540:right_index,central_only,0.800000011920929,806,0.79998779296875,0.20001220703125,0.9728551974580119,0.027144802541988144,11015.0,0.16346373996452443,0.15360765159130096,0.3190451486105479,43.0,299.0,0.5150501672240803,0.1894885322022996,0.6789297658862876,0.3670226554707141,0.7491638795986622,0.4590079723841769,0.06662486961478956,0.17956690786773943,11.76363627881061,0.17423142218364676,299.0,0.8064247220754623,0.26333011253978655,0.020892486396983,0.10871608490529268,16.80009871928152,0.3341472017165232,299.0,0.6506776809692383,0.20060362601120527,0.025230551006652828,0.11492773880527968,15.980732648793424,0.3084304327824225,299.0,0.5694041848182678,0.33867366948382155
socofing:000554:right_middle,irregular,0.4000000059604645,837,0.4000244140625,0.5999755859375,0.4535528596187175,0.5464471403812825,11540.0,0.1756505455300525,0.16294795274734497,0.4526400201599301,42.0,6306.0,0.2662543609261021,0.20686259321795167,0.4839835077703774,0.38710573821399774,0.589280050745322,0.48699164410082446,0.08232531912664613,0.20896558036000987,10.84466577109552,0.41197986076204035,6306.0,0.9199138875119388,0.10382961360974527,0.06000036167874349,0.18865105573227053,12.218461317062047,0.45348886277760403,6306.0,0.9268679600208998,0.05848954067179729,0.07961300797273782,0.2019858470622567,10.99015967070915,0.41673135221584545,6306.0,0.9689993839710951,0.0794108037558567
socofing:000584:right_ring,disconnected_fragments,0.30000001192092896,868,0.29998779296875,0.70001220703125,0.35140493018445096,0.648595069815549,11602.0,0.13918774361689298,0.12742789089679718,0.26698998621653625,9.0,7525.0,0.2851827242524917,0.1477417181932253,0.5557475083056478,0.30156097934729237,0.6817275747508306,0.3965782813905085,0.04779708383099608,0.16510995586251104,13.205985995121631,0.17720188325142297,7525.0,0.7920070141553879,0.3956365922704923,0.03651300936371149,0.1466290641048818,14.375523714821066,0.20094495925767658,7525.0,0.7552407830953598,0.35791169043655724,0.04549072842159419,0.16106953370016674,13.42077108961514,0.15764452798978648,7525.0,0.7949015498161316,0.2577330782977485
socofing:000598:right_little,irregular,0.699999988079071,899,0.70001220703125,0.29998779296875,0.673719772403983,0.32628022759601705,11248.0,0.18804194521230486,0.17183712124824524,0.43915938486038497,10.0,3670.0,0.34005449591280656,0.23069322295588435,0.5855585831062671,0.4195279209717743,0.68283378746594,0.5146519905893127,0.08900871995389521,0.21909672718619477,10.505674445646331,0.42946030472428776,3670.0,0.9567051511257887,0.0507873524303024,0.049642624621609184,0.17352638311788177,13.041452652766704,0.5080415398907018,3670.0,0.7898468933999538,0.031083840612289044,0.0708318972952197,0.19031905160991003,11.497711250827516,0.483317069077665,3670.0,0.9423761330544949,0.0410382032652519
