sample_id,mask_family,observed_fraction,inference_steps,samples_k,sampling_seconds,seconds_per_reconstruction,best_sample_index,pairwise_diversity_mae,mean_predictive_std,uncertainty_error_spearman,missing_roi_pixels,coverage_50,interval_width_50,coverage_80,interval_width_80,coverage_90,interval_width_90,single_mse,single_mae,single_psnr,single_ssim_map_mean,single_pixels,single_max_absolute_error,single_orientation_error,mean_mse,mean_mae,mean_psnr,mean_ssim_map_mean,mean_pixels,mean_max_absolute_error,mean_orientation_error,best_of_k_mse,best_of_k_mae,best_of_k_psnr,best_of_k_ssim_map_mean,best_of_k_pixels,best_of_k_max_absolute_error,best_of_k_orientation_error
socofing:000023:left_thumb,random_rectangles,0.10000000149011612,100.0,10.0,0.7457886250049341,0.07457886250049342,2.0,0.29450823052523906,0.2518230676651001,0.12277954907147466,11110.0,0.5285328532853285,0.3533232614196817,0.7933393339333933,0.5735982353761323,0.8677767776777677,0.6542391758368532,0.11154416318723494,0.2706335021905487,9.525531502738845,0.015168925934969714,11110.0,0.9792726635932922,0.585135657502264,0.04661573094255932,0.18064245996874373,13.314675015786886,0.09336494732316618,11110.0,0.6713990867137909,0.9597224020743081,0.09476052143133082,0.2463808983537552,10.23372558184323,0.03847804391875155,11110.0,0.9974421858787537,1.164104776902985
socofing:000023:left_index,random_rectangles,0.20000000298023224,100.0,10.0,0.7553333329851739,0.07553333329851739,8.0,0.3040240175958008,0.2599572241306305,0.08301760028453524,9772.0,0.5005116659844454,0.36564443922611933,0.7896029471960704,0.5922608542810734,0.866966844044208,0.6751792320543216,0.11339106575154738,0.2735128462729374,9.454211627945945,0.017973196983729543,9772.0,0.9964505434036255,0.37351125156203974,0.051398039635039625,0.1933575492631301,12.890534450498741,0.06421240680784779,9772.0,0.6768811047077179,0.28800561202255287,0.09965297845214145,0.25369893387417497,10.01509716471784,0.038480313174129845,9772.0,0.9709345996379852,0.6815493536031805
socofing:000023:left_middle,random_rectangles,0.30000001192092896,100.0,10.0,0.8228095419763122,0.08228095419763122,4.0,0.2998617242719949,0.25633031129837036,0.03740158617961531,9663.0,0.44851495394804924,0.35958388850631073,0.7590810307357964,0.5831104589609037,0.8596709096553865,0.6663999491675872,0.10380465117844902,0.2600597115893745,9.837831866043297,0.025027009803901042,9663.0,1.0,0.5659487847187964,0.05212075856798677,0.20124820872954696,12.829892721710142,0.07425357914131787,9663.0,0.6578531265258789,0.22185146442922488,0.0982066285555269,0.2534711612645827,10.078591980793004,0.019647057478956325,9663.0,0.9909549653530121,0.20158470722447722
socofing:000023:left_ring,random_rectangles,0.4000000059604645,100.0,10.0,0.8100914999959059,0.0810091499995906,2.0,0.2860434505279452,0.2445259392261505,0.1827440490729288,5967.0,0.41746271158035864,0.3389423175227788,0.710239651416122,0.5561080161048196,0.7985587397352103,0.6374497212333476,0.10971248962186052,0.26379182959733666,9.597439297169883,0.05877418044802282,5967.0,1.0,0.3870459921659177,0.057132644001936204,0.20617166180766086,12.431156770617946,0.09088590047870251,5967.0,0.6642778515815735,0.19644887593531965,0.10379225611157245,0.2534401105419963,9.838350477734,0.015501817413806051,5967.0,1.0,0.2762954103339916
socofing:000023:left_little,random_rectangles,0.5,100.0,10.0,0.7894425829872489,0.0789442582987249,6.0,0.25506817786842995,0.21903233230113983,0.3590489183848084,5418.0,0.512735326688815,0.29752968745110175,0.7534145441122185,0.4934690957983158,0.815983757844223,0.5708746611244148,0.10553512676575362,0.2527563020135917,9.766029638599164,0.054638993668137306,5418.0,0.9973001182079315,0.5013526948128433,0.0458045977039148,0.17093511794591662,13.390909268602675,0.177883815681509,5418.0,0.7050473988056183,0.1884271191371419,0.06719048642765975,0.19820416752825193,11.72692214810194,0.10164988961059268,5418.0,0.9211920201778412,0.8173520042808772
socofing:000023:right_thumb,random_rectangles,0.6000000238418579,100.0,10.0,0.7812297079944983,0.07812297079944983,8.0,0.291255527797189,0.25068992376327515,0.3025458613644782,6492.0,0.23028342575477512,0.3477028435932786,0.40542205791743685,0.5662227546551751,0.47828096118299446,0.6478182242353498,0.1391744277398458,0.2952072965630341,8.564405557579605,0.08025051531537791,6492.0,1.0,0.3273125783904065,0.10160057863867804,0.28436282771883115,9.931038186380318,0.09761767089783278,6492.0,0.7464491720311344,0.18018555463835165,0.13561722613416158,0.28841414999207327,8.676851427708886,0.04722131932148072,6492.0,1.0,0.2963491453379453
socofing:000023:right_index,random_rectangles,0.699999988079071,100.0,10.0,0.7898502500029281,0.07898502500029281,6.0,0.27512834325164975,0.23584137856960297,0.19538302141167616,4915.0,0.5173957273652086,0.3300927227459628,0.8144455747711089,0.5339021744732939,0.8948118006103764,0.6111419369597157,0.10679592788490747,0.265200537070253,9.71445306584899,0.04734216841073012,4915.0,0.826304703950882,0.432443406392349,0.03975809127468493,0.16956612820360933,14.005744735898594,0.09782302350529343,4915.0,0.5677913129329681,0.23533730304159117,0.06147151968606438,0.19388554414254847,12.113260502089974,0.05412834355731543,4915.0,0.8459051847457886,0.5721109401441187
socofing:000023:right_middle,random_rectangles,0.800000011920929,100.0,10.0,0.7939881249913014,0.07939881249913014,5.0,0.18456558786935576,0.1608535200357437,0.37181805545761754,3004.0,0.42676431424766975,0.20205253847290608,0.7273635153129161,0.3511940315038402,0.822237017310253,0.41935927178636284,0.04147969613438029,0.1504445124997915,13.821644337594973,0.13461465876780646,3004.0,0.7410705089569092,0.1589746220765155,0.02257222567609605,0.12573360664628636,16.464256163236133,0.23342014973557657,3004.0,0.5380800068378448,0.09116607639040446,0.029602542135457,0.12796957124168482,15.286709920493376,0.2129823572710678,3004.0,0.6833310127258301,0.04356445408367201
socofing:000023:right_ring,irregular,0.10000000149011612,100.0,10.0,0.7671863750147168,0.07671863750147168,8.0,0.2900138287515581,0.24838081002235413,0.15527668098721248,10663.0,0.5678514489355716,0.34653171184088,0.8247209978430086,0.5637803044580646,0.8892431773422114,0.645002958175306,0.08525072740537601,0.2312478101464247,10.69301906683932,0.027956466262476314,10663.0,1.0,0.509879527695947,0.03995971980100182,0.16801115325185223,13.98377565723968,0.12006568865401211,10663.0,0.6501798033714294,0.9747414826930794,0.07515080298391041,0.2165851335954031,11.240663746297244,0.04755991247109331,10663.0,1.0,1.2761812384330367
socofing:000023:right_little,irregular,0.20000000298023224,100.0,10.0,0.7563636249979027,0.07563636249979026,1.0,0.26280110763589576,0.22578221559524536,0.17517118888318775,8096.0,0.6311758893280632,0.30711337750254886,0.8509140316205533,0.5074257613428437,0.8980978260869565,0.5877863256673036,0.07217111754760638,0.21180574817715486,11.416365697333893,0.059280204902648785,8096.0,0.9818238914012909,0.3653297495050631,0.029825032390564693,0.1350412427340984,15.254190760051184,0.17737133457094786,8096.0,0.663577675819397,0.16986435285874157,0.06685802480143745,0.2019648063107,11.748464579933394,0.11518817777738832,8096.0,0.9951070845127106,0.11344696793080918
socofing:000030:left_thumb,irregular,0.30000001192092896,100.0,10.0,0.7661832910089288,0.07661832910089288,0.0,0.29225687023852576,0.25088757276535034,0.2222974281646512,7905.0,0.3678684376976597,0.3474542305382425,0.5905123339658443,0.5674444953555324,0.6712207463630614,0.6508352897666362,0.12105325407310268,0.27184267425974434,9.170235316497797,0.0794997059491208,7905.0,1.0,0.21422654860831092,0.07613830916606253,0.23622542056835277,11.183967719661286,0.14208022295414358,7905.0,0.7169952988624573,0.3573500666008324,0.12105325407310268,0.27184267425974434,9.170235316497797,0.0794997059491208,7905.0,1.0,0.21422654860831092
socofing:000030:left_index,irregular,0.4000000059604645,100.0,10.0,0.7754847089818213,0.07754847089818213,8.0,0.2793337520332684,0.2396000325679779,0.20822958530566316,6280.0,0.40429936305732483,0.3274475684686072,0.657484076433121,0.542162865838807,0.7364649681528662,0.6243799185876253,0.12632920809802542,0.28625161122222237,8.984962262517111,0.057232916361196554,6280.0,1.0,0.47083707921403234,0.06022926939738649,0.20694923866896112,12.20192404945109,0.12842503912559583,6280.0,0.6894939839839935,0.10657728407861339,0.0954551523418673,0.24212736600570997,10.202006249104311,0.07997619031704689,6280.0,0.9836364090442657,0.47556673442951547
socofing:000030:left_middle,irregular,0.5,100.0,10.0,0.7798371249809861,0.07798371249809861,5.0,0.26002615430611,0.22330521047115326,0.31994178025279335,6198.0,0.45466279444982255,0.30432200883330357,0.7295901903839949,0.5036764491802649,0.8142949338496289,0.5815859109504677,0.09709620804874941,0.24347169644873387,10.127977305004451,0.1617657926265671,6198.0,0.9996961057186127,0.06474657078762566,0.04625972815582011,0.17893369756723151,13.347969236789783,0.24817877086174528,6198.0,0.6979405581951141,0.09670633836437456,0.08236473709875543,0.22088545715185703,10.84258683463826,0.16112028589238186,6198.0,0.8991129696369171,0.13082921875806997
socofing:000030:left_ring,irregular,0.6000000238418579,100.0,10.0,0.7706429170211777,0.07706429170211777,2.0,0.23779274286121715,0.20471332967281342,0.29964363591349724,3993.0,0.4385174054595542,0.2744655084642079,0.689206110693714,0.4585008555393961,0.7640871525169046,0.5336157257417942,0.08882480445569968,0.2280572756561396,10.514657399197386,0.19348540568772524,3993.0,0.9776932597160339,0.2212253625814818,0.04572076262230637,0.17290172521225528,13.398865341845166,0.291909841410431,3993.0,0.6519415974617004,0.13367181394922167,0.06520082378925247,0.19551910626807667,11.857469170768764,0.26895059001443616,3993.0,0.9739927351474762,0.05532947000644646
socofing:000030:left_little,irregular,0.699999988079071,100.0,10.0,0.7685103749972768,0.07685103749972769,4.0,0.23080844358574754,0.19831334054470062,0.33139375337768023,2565.0,0.38323586744639376,0.2679056537836848,0.6007797270955165,0.4449318611668332,0.6807017543859649,0.5170406223540184,0.09593147016015337,0.24331333719150364,10.18038899869131,0.17567292525733771,2565.0,0.9737490117549896,0.190686962305969,0.050326107233082194,0.18464814684776767,12.98206661348837,0.2753430362793055,2565.0,0.6415765285491943,0.09205535947352726,0.0744949875986971,0.2130130686897051,11.278729478082216,0.2407132065684174,2565.0,0.8974025845527649,0.215416777096344
socofing:000030:right_thumb,irregular,0.800000011920929,100.0,10.0,0.7684850409859791,0.07684850409859792,1.0,0.22531279446223604,0.19800107181072235,0.4805476667260775,2001.0,0.2958520739630185,0.2531012992659907,0.49375312343828087,0.43191751266109646,0.552223888055972,0.5087416533885271,0.08543198596389003,0.21621836595021296,10.68379497849448,0.25333971556691126,2001.0,0.9959909911267459,0.08588103252047705,0.04943432450757861,0.1849040512543829,13.059713958587142,0.33343685374127596,2001.0,0.7150276298634708,0.053023861817486216,0.07707727814076186,0.2064878414717802,11.130736301520175,0.23201462851993312,2001.0,0.998725175857544,0.07722920191013904
socofing:000030:right_index,central_missing,0.10000000149011612,100.0,10.0,0.7743963749962859,0.0774396374996286,2.0,0.30336881371636787,0.25926676392555237,0.09636757853772818,9506.0,0.17041868293709236,0.3637490399376219,0.3155901535872081,0.591083744359523,0.37649905322953925,0.6740666365049122,0.21856929398469147,0.3896564821898428,6.604108505733738,0.01753090474530425,9506.0,1.0,0.41933187512382947,0.14665258022585764,0.3500732418889203,8.337102915787977,0.042299279853045886,9506.0,0.7504800409078598,0.41655744181867277,0.177033957280199,0.34421426237868635,7.519434226497821,0.012448919140923763,9506.0,1.0,0.36680824559078296
socofing:000030:right_middle,central_missing,0.20000000298023224,100.0,10.0,0.771583166992059,0.07715831669920589,8.0,0.3011536453262989,0.2579614520072937,0.10467492227661054,10900.0,0.43128440366972476,0.3606505131680484,0.6885321100917431,0.5868660090385227,0.7749541284403669,0.6694898748083399,0.12548374703093249,0.2842074721303145,9.014125214489429,0.038479904444876846,10900.0,0.9774191975593567,0.6028395821175564,0.06452652169280076,0.2160118460296354,11.902617449399388,0.06318151455324358,10900.0,0.6763045340776443,0.301241084136448,0.10627048818596987,0.2601024499962773,9.735873243521954,0.06101755835735801,10900.0,0.9722900390625,0.29715107582895844
socofing:000030:right_ring,central_missing,0.30000001192092896,100.0,10.0,0.7642162499832921,0.0764216249983292,5.0,0.2990098272217525,0.2558962404727936,0.06060999751926011,8870.0,0.47249154453213077,0.35648762507126863,0.7481397970687711,0.5815540324499265,0.8354002254791432,0.6654635603825027,0.11240436278665941,0.270971643318251,9.49216832028515,0.016163248087082742,8870.0,0.9960784316062927,0.2671958408650604,0.05273597977200665,0.19581604854129211,12.778929809017407,0.0662343868626373,8870.0,0.6323399245738983,0.3917701118771402,0.1089461370967472,0.26652776481165824,9.627881639244576,0.06333492607174694,8870.0,0.9977851808071136,0.6977841094610977
socofing:000030:right_little,central_missing,0.4000000059604645,100.0,10.0,0.764172208000673,0.0764172208000673,2.0,0.30492169949575676,0.26086074113845825,0.04667734204152333,6788.0,0.4397466116676488,0.36515098666847984,0.706246317030053,0.5931550841188001,0.7930170889805539,0.6777585945858821,0.12912985176835162,0.2929396129020643,8.889733475119176,0.010391236768826206,6788.0,1.0,0.515354213732668,0.06496726422587198,0.2169313962754075,11.873054210078084,0.050182305918338714,6788.0,0.6918128132820129,0.27713051714753517,0.11677158170284052,0.27328786404301786,9.326628371150887,0.0328617178951541,6788.0,1.0,0.3286682411598503
socofing:000032:left_thumb,central_missing,0.5,100.0,10.0,0.7720500830037054,0.07720500830037054,4.0,0.2946791464412753,0.2530841529369354,0.2518836253792518,8192.0,0.37451171875,0.35126732338085276,0.60302734375,0.5720322290588229,0.6893310546875,0.655920129653532,0.13390840132593737,0.28965628288176504,8.731921747801051,0.018001265928187432,8192.0,0.9878511726856232,0.47899580862462177,0.07785559629145361,0.23640506136905515,11.087101647124967,0.09170458418235405,8192.0,0.7481850907206535,0.2839696119377795,0.1275361958784352,0.2821695870960639,8.943665411957388,0.057115025087676546,8192.0,0.9995917677879333,0.14623071265281518
socofing:000032:left_index,central_missing,0.6000000238418579,100.0,10.0,0.7593121249810793,0.07593121249810793,1.0,0.290423445318477,0.24977771937847137,0.2663995002226981,6259.0,0.37625818820897905,0.3451897970335726,0.6136763061191883,0.5652860451261729,0.6932417319060553,0.6468513154761156,0.12356232536642785,0.27131443037984043,9.081139271405354,0.04375649376351673,6259.0,0.9882352948188782,0.46654042950496366,0.07317810963501135,0.22887003371519704,11.35618813566098,0.10440237158613692,6259.0,0.7441139798611403,0.15764878230389703,0.12141619127233326,0.271265355751685,9.157233947158495,0.07047978223320449,6259.0,0.9957022070884705,0.26482729942980626
socofing:000032:left_middle,central_missing,0.699999988079071,100.0,10.0,0.7674298329802696,0.07674298329802695,0.0,0.2967660077861652,0.25450560450553894,0.21299698432225891,4224.0,0.3678977272727273,0.3553002407266335,0.6131628787878788,0.5778417120095003,0.6877367424242424,0.6596883950543334,0.11720909072671312,0.2680215153130562,9.310387031699866,0.11304546286380471,4224.0,0.9921568632125854,0.12453303829785824,0.07663438108457461,0.236633488319278,11.155763457017294,0.1713018549028022,4224.0,0.7128741145133972,0.06679797766218952,0.11720909072671312,0.2680215153130562,9.310387031699866,0.11304546286380471,4224.0,0.9921568632125854,0.12453303829785824
socofing:000032:left_ring,central_missing,0.800000011920929,100.0,10.0,0.7555581670021638,0.07555581670021638,7.0,0.2799126255907771,0.24042046070098877,0.20478098907049885,3111.0,0.5014464802314368,0.33637641534348156,0.7798135647701704,0.5445703825117958,0.8553519768563163,0.621585885104605,0.1010118341170188,0.26023537041251205,9.956277431416424,0.0530101023797675,3111.0,0.9075737297534943,0.09906822466876614,0.04342347291464814,0.17384557986864896,13.622754455671764,0.07807944971829935,3111.0,0.6424492299556732,0.03692688489965517,0.0813477255789246,0.22402839819092107,10.896545851036567,0.11840173733052926,3111.0,0.9162901937961578,0.12121457259005367
socofing:000032:left_little,peripheral_only,0.10000000149011612,100.0,10.0,0.7533269999839831,0.07533269999839831,2.0,0.2862313542034242,0.24514174461364746,0.13351173831833363,6338.0,0.2729567686967498,0.3399274070362501,0.4544020195645314,0.5562168333570112,0.5198800883559482,0.6375939120755713,0.15717650725454885,0.32257612572012206,8.036123662620456,0.052377647921900604,6338.0,1.0,0.6479537282334903,0.10775822701012094,0.2858735039866503,9.675495628498023,0.0662627887087304,6338.0,0.7451750338077545,0.2279432683430069,0.15551883171666453,0.31649331079183796,8.082170148979424,0.08907448086790201,6338.0,1.0,0.30114472590815483
socofing:000032:right_thumb,peripheral_only,0.20000000298023224,100.0,10.0,0.7562128339777701,0.075621283397777,1.0,0.28410090420130035,0.2438248246908188,0.2357739122863881,9434.0,0.2812168751324995,0.3398212323734094,0.4632181471274115,0.5520252058983405,0.5241679033283867,0.6316811190328532,0.15174477807229447,0.31269364249095866,8.188862451845553,0.04818106850640589,9434.0,1.0,0.3787693740501458,0.0959519166081081,0.269712522398374,10.179463459518335,0.09799254076433436,9434.0,0.7882395684719086,0.20610824430614566,0.1346903670547682,0.290827220934843,8.706634635536037,0.08484901372928577,9434.0,1.0,0.23811697209064212
socofing:000032:right_index,peripheral_only,0.30000001192092896,100.0,10.0,0.7636122919793706,0.07636122919793706,7.0,0.27145950656131873,0.23421083390712738,0.2804184783530164,6948.0,0.2974956822107081,0.32088070445483313,0.4995682210708117,0.527083058836701,0.57426597582038,0.6055191068046295,0.13352612148678603,0.2854457958880892,8.744337657012531,0.09917898985955319,6948.0,0.9984432458877563,0.16928498124344918,0.08344199037431711,0.2460708801953495,10.786153450624314,0.16415082244857984,6948.0,0.8130976408720016,0.11172052838065193,0.12874640552587538,0.2782867848025324,8.902648871960459,0.15615057610575891,6948.0,0.9960784311406314,0.07552302758899108
socofing:000032:right_middle,peripheral_only,0.4000000059604645,100.0,10.0,0.7620963329973165,0.07620963329973166,3.0,0.2862789150126105,0.24718144536018372,0.25153138611075654,6001.0,0.29745042492917845,0.338439086306554,0.4959173471088152,0.5564234358939384,0.5674054324279286,0.6385387212201925,0.145629498266083,0.29969307900657993,8.367506467494506,0.14390814260709225,6001.0,0.9960784316062927,0.1553639153173708,0.0862426404534887,0.25329371091169894,10.642779553481393,0.15293665329501716,6001.0,0.7422322481870651,0.17497361343197385,0.12652902034326502,0.2722203663284624,8.978098544921556,0.11782387154342176,6001.0,0.9964756965637207,0.1899413951838704
socofing:000032:right_ring,peripheral_only,0.5,100.0,10.0,0.7563763749785721,0.07563763749785721,9.0,0.27317249836375546,0.23610278964042664,0.4102446512653291,4803.0,0.231105559025609,0.32427806281563193,0.39017280866125337,0.5298647954870754,0.45034353529044346,0.6085547885580431,0.15791103279909485,0.31258785434122704,8.015875259994372,0.06589557032136945,4803.0,1.0,0.19024039818317598,0.09346047314030971,0.2664567179683741,10.293720247058253,0.12494748556321605,4803.0,0.7614600658416748,0.07596223370219517,0.12639222835022368,0.2718423761295741,8.982796292844746,0.09076822113283488,4803.0,1.0,0.08963352363878052
socofing:000032:right_little,peripheral_only,0.6000000238418579,100.0,10.0,0.7601797500101384,0.07601797500101384,7.0,0.2683675686920468,0.23339802026748657,0.3515241763445433,3261.0,0.2707758356332413,0.3085383045110407,0.4575283655320454,0.5200792673448594,0.5259122968414597,0.6030485938495377,0.14358360823189165,0.2988337452885544,8.428951371186027,0.10751489108444033,3261.0,0.9992904663085938,0.08395011137336378,0.08551830780034776,0.2500419620262006,10.679409013474807,0.16909888768947182,3261.0,0.7155991494655609,0.09253640756084987,0.09280769934323274,0.22737720730103042,10.324159931391549,0.12217364958669011,3261.0,0.9955849046818912,0.16981661263236844
socofing:000039:left_thumb,peripheral_only,0.699999988079071,100.0,10.0,0.7485745420271996,0.07485745420271997,2.0,0.2850091116695912,0.24544379115104675,0.34965423427043085,2823.0,0.33616719801629474,0.34232840037255097,0.5543747786043216,0.5549946011284587,0.6379737867516826,0.6330263254603847,0.14195976696345472,0.2943599582847711,8.478347222475834,0.10499289335622582,2823.0,0.9876744449138641,0.05742291520604409,0.08394032302174839,0.24661727302324712,10.760293638558496,0.21576562423964132,2823.0,0.7483779489994049,0.011064982333757705,0.12506327403248163,0.27300354601218874,9.028702061077068,0.2580470993215916,2823.0,0.9921568622812629,0.02889235044817632
socofing:000039:left_index,peripheral_only,0.800000011920929,100.0,10.0,0.7566433329775464,0.07566433329775464,6.0,0.28868388846546605,0.24740685522556305,0.30873178871368484,2098.0,0.35605338417540516,0.3499038937129613,0.5829361296472831,0.5604539979757073,0.6677788369876072,0.6395421255042543,0.1506449551058546,0.30774919551067426,8.220454076771492,0.1036002025260643,2098.0,0.9917696109041572,0.032689613876035646,0.07881060349762578,0.23937503911276925,11.03415346841619,0.254963831327015,2098.0,0.6716586332768202,0.04241744591788898,0.11261863842597888,0.25974187630608686,9.483897276401766,0.2934807982230938,2098.0,0.9716309886425734,0.07691611964658474
socofing:000039:left_middle,central_only,0.10000000149011612,100.0,10.0,0.7557405000261497,0.07557405000261497,1.0,0.2820406134323598,0.24151521921157837,0.12410849260292264,10076.0,0.28900357284636763,0.33689178165777445,0.4906709011512505,0.5485122690726338,0.5713576816196904,0.6273762017068477,0.15671366327789527,0.32399828855541496,8.048931373698881,0.0014330787669807445,10076.0,0.9996490180492401,0.4898741213692227,0.09560959835368406,0.26935289609230245,10.194985062302539,0.07498510591206298,10076.0,0.7218130826950073,0.20451623401538868,0.1372577008367336,0.2994413469077793,8.62463280123203,0.07438659753183581,10076.0,0.9762938916683197,0.42128601827279244
socofing:000039:left_ring,central_only,0.20000000298023224,100.0,10.0,0.7566510420001578,0.07566510420001578,6.0,0.2848291873995799,0.24391821026802063,0.20820036631874755,7875.0,0.334984126984127,0.34381333473939746,0.5625396825396826,0.5539735200836543,0.645079365079365,0.6316156158776509,0.15488290714438938,0.3159602072137216,8.099965082735608,0.05951501748800245,7875.0,0.9993307590484619,0.08888345179875845,0.08806730287115051,0.2526345915754163,10.55185304055476,0.09575821941733265,7875.0,0.7541100084781647,0.10478063391486771,0.12441779253233833,0.2819145434363967,9.051175083424019,0.08016178507521571,7875.0,0.9921568632125854,0.13246125675996895
socofing:000039:left_little,central_only,0.30000001192092896,100.0,10.0,0.7527180410106666,0.07527180410106667,8.0,0.2787864490599226,0.23859812319278717,0.1822711420931838,3477.0,0.3111878055795226,0.33097960135872967,0.5251653724475123,0.5415689163194979,0.6134598792062123,0.6212385266873558,0.13124240877812213,0.29295520954046195,8.81925807320991,0.08994948657480517,3477.0,0.9661867916584015,0.17530471866922445,0.08998462812792019,0.2575757089077672,10.458316737762804,0.13260523920670003,3477.0,0.724616751074791,0.14666714441784479,0.12839174424476157,0.282356913496952,8.914629010663507,0.27537259761483135,3477.0,0.9882352948188782,0.2428973715582458
socofing:000039:right_thumb,central_only,0.4000000059604645,100.0,10.0,0.7647775829827879,0.07647775829827878,5.0,0.27670025810973203,0.23811917006969452,0.29590358081591334,6045.0,0.24383788254755998,0.3285566785865031,0.4267990074441687,0.538183694560238,0.4999172870140612,0.6164817900352974,0.16412508559975394,0.3244619184219863,7.848250343952832,0.0990423036471241,6045.0,1.0,0.2169670775910168,0.11558050976209805,0.29318689014847377,9.371153944311684,0.12927355448069797,6045.0,0.844317764043808,0.10913910246079812,0.14547703216430694,0.29900970097155155,8.372055674455632,0.12098329036540714,6045.0,0.9929811954498291,0.10477137705785441
socofing:000039:right_index,central_only,0.5,100.0,10.0,0.7599754160037264,0.07599754160037264,5.0,0.2704312226760097,0.23212508857250214,0.38938432930806005,3905.0,0.22483994878361074,0.3230853677769019,0.38591549295774646,0.524288624262535,0.44865556978233034,0.6014469861091327,0.180939244653828,0.34314292101249116,7.424672270145636,0.1308677064682056,3905.0,1.0,0.12093547141276666,0.1260191036729077,0.3066222185571887,8.995636136852987,0.20623184401111977,3905.0,0.7953389137983322,0.10307499224236434,0.15330380070271227,0.31521665351119527,8.14447077997849,0.14221722657996677,3905.0,1.0,0.20906302436261312
socofing:000039:right_middle,central_only,0.6000000238418579,100.0,10.0,0.7482969160191715,0.07482969160191714,8.0,0.23712194002409812,0.20608645677566528,0.45148301495844667,2544.0,0.23781446540880502,0.27469713138650703,0.3891509433962264,0.45684021090702065,0.4547955974842767,0.5315992683769677,0.11752038288271247,0.2630497238585219,9.298868022792503,0.18239892240640448,2544.0,0.9800225486978889,0.14650713854981443,0.08737666094568132,0.24758699690939934,10.58604555650404,0.24254489202240875,2544.0,0.8589067608118057,0.08872642101747943,0.1055482161866357,0.24510974416442644,9.765491020706518,0.17029512017440368,2544.0,0.9981364905834198,0.09319413553300421
socofing:000039:right_ring,central_only,0.699999988079071,100.0,10.0,0.7477224589965772,0.07477224589965772,2.0,0.24550465289731546,0.21188640594482422,0.24332377489849308,789.0,0.35107731305449935,0.28521408584483526,0.5449936628643853,0.47309069756243766,0.6108998732572877,0.5499253414637385,0.1061812121712805,0.2527965037754167,9.739523210339154,0.24832509241283415,789.0,0.8799899518489838,0.09692293127681088,0.0704437216798878,0.2204964956332409,11.521577074699277,0.2765755647789181,789.0,0.6720763146877289,0.19462289626598223,0.09641219689050859,0.23947724693127836,10.158680210020275,0.22199707596230878,789.0,0.9054777920246124,0.04264322077910324
socofing:000039:right_little,central_only,0.800000011920929,100.0,10.0,0.7453726669773459,0.0745372666977346,0.0,0.30171317352346644,0.2589291036128998,0.3288557677278702,420.0,0.34285714285714286,0.360102921334051,0.5928571428571429,0.5937744099895159,0.6571428571428571,0.6716389439503351,0.09866917275282162,0.23387606171447606,10.058185129286326,0.2591030484516897,420.0,0.8401054665446281,0.20666888288034693,0.07707132844336802,0.23716962375633774,11.131071552133939,0.31719247740597434,420.0,0.6009182333946228,0.2154134094220953,0.09866917275282162,0.23387606171447606,10.058185129286326,0.2591030484516897,420.0,0.8401054665446281,0.20666888288034693
socofing:000052:left_thumb,disconnected_fragments,0.10000000149011612,100.0,10.0,0.7551847079885192,0.07551847079885192,8.0,0.28569381241942743,0.24466462433338165,0.09465778376357813,10542.0,0.4455511288180611,0.34156133256834253,0.6864921267311705,0.5553976571929112,0.7548852210206792,0.6352550515724447,0.11114578568986178,0.2667850203496911,9.541069997786334,0.024525663124403598,10542.0,0.9960784316062927,1.0722171912435445,0.0620656750406564,0.2086238942487691,12.071485167608799,0.06544955541164424,10542.0,0.731293186545372,0.5578844157667701,0.1085582239110812,0.26315862110287114,9.643372706534652,0.02744593299463474,10542.0,0.9874046146869659,0.4686859827899325
socofing:000052:left_index,disconnected_fragments,0.20000000298023224,100.0,10.0,0.7455761669843923,0.07455761669843923,1.0,0.2791664059262686,0.24006618559360504,0.1441357980674468,9174.0,0.41944626117287986,0.3294608184821288,0.6413778068454328,0.5407170382325286,0.7061260082842816,0.622851283674325,0.12471861275393782,0.28196614944963433,9.040687284531186,0.030271995726712613,9174.0,0.9960784316062927,1.089947939663942,0.07223989690953493,0.2201645649451432,11.412228824571763,0.06660472978499771,9174.0,0.7802130430936813,0.8759903687466827,0.11679561398930827,0.27021380318830235,9.325734659223032,0.05618826895384384,9174.0,0.9882352948188782,0.8402471028315103
socofing:000052:left_middle,disconnected_fragments,0.30000001192092896,100.0,10.0,0.7584845419914927,0.07584845419914928,6.0,0.27317351283790164,0.23446981608867645,0.14286757525257268,7538.0,0.47704961528256834,0.3248952286370824,0.7145131334571504,0.5307821263793167,0.7852215441761741,0.608294142986299,0.1092005538013056,0.2660543584213171,9.617751591382302,0.05691755810505933,7538.0,0.9467245936393738,0.9557348649231385,0.05195789682924917,0.18777724459043832,12.843484367741006,0.13077468896838115,7538.0,0.6872303932905197,0.4616574944693338,0.09365226622456653,0.24102292971131528,10.284817089783774,0.05826626116506818,7538.0,1.0,0.713031041439044
socofing:000052:left_ring,disconnected_fragments,0.4000000059604645,100.0,10.0,0.7574818750144914,0.07574818750144914,0.0,0.27721088156311524,0.23730507493019104,0.23150463365072912,7024.0,0.4701025056947608,0.3314663760113723,0.7416002277904328,0.539162266173385,0.8226082004555809,0.6165836460020706,0.09109384656154175,0.23763304477841815,10.405109588626363,0.07681150793707615,7024.0,0.9939380288124084,0.6078486235523487,0.05038552670793892,0.1886397363567101,12.976941971571183,0.10509293681366177,7024.0,0.6973836421966553,0.6983426013946329,0.09109384656154175,0.23763304477841815,10.405109588626363,0.07681150793707615,7024.0,0.9939380288124084,0.6078486235523487
socofing:000052:left_little,disconnected_fragments,0.5,100.0,10.0,0.7362230829894543,0.07362230829894542,1.0,0.26271515398053125,0.22663186490535736,0.22558801666722575,5966.0,0.5135769359704995,0.3076907460756682,0.7619845792826014,0.5085717467665473,0.8348977539389876,0.5873179588283303,0.07859065637938341,0.21832324468046477,11.046290840380157,0.09941440322629327,5966.0,0.9346196353435516,0.4984738227992947,0.04096910719616266,0.16513140907463034,13.875435001426542,0.14981805494209988,5966.0,0.7423153817653656,0.4646501129194373,0.08006717759852469,0.21789492630754748,10.96545480285016,0.07793815843350504,5966.0,0.9176976978778839,0.7690521328412321
socofing:000052:right_thumb,disconnected_fragments,0.6000000238418579,100.0,10.0,0.7409989169973414,0.07409989169973415,8.0,0.2712905457944095,0.23469923436641693,0.3189682849577448,4347.0,0.32390154129284565,0.3211201851806587,0.5194386933517369,0.5262162967978167,0.5893719806763285,0.6047370339635598,0.12612063979818733,0.27715736630492466,8.992138347833345,0.040303612650008,4347.0,0.9998415112495422,0.10551513109964315,0.06976769614580924,0.22594377587176387,11.563456179651299,0.16956518698066886,4347.0,0.8015827499330044,0.07030349018739887,0.09532503426151102,0.23336340082358986,10.207930299611105,0.2084706620539466,4347.0,0.9911816110834479,0.14802105901577348
socofing:000052:right_index,disconnected_fragments,0.699999988079071,100.0,10.0,0.7431440000073053,0.07431440000073053,6.0,0.25294230515586974,0.22039079666137695,0.4458999649497696,1963.0,0.2511462047885889,0.2936352350489558,0.4314824248599083,0.48556242360639984,0.5007641365257259,0.5666125406075118,0.14454607799268737,0.2928659713431392,8.399936876615474,0.0842691642320875,1963.0,1.0,0.745276402210697,0.06917468282700717,0.22744516400104153,11.600528234670449,0.23633707480814556,1963.0,0.6720086932182312,0.3784182141180675,0.0979450744217165,0.23300504653823242,10.090173994370437,0.2165145262006129,1963.0,0.9997458457946777,0.2267079948134677
socofing:000052:right_middle,disconnected_fragments,0.800000011920929,100.0,10.0,0.7575161249842495,0.07575161249842495,1.0,0.22336652851698963,0.19265137612819672,0.5084879341071854,1168.0,0.4520547945205479,0.2607320222161608,0.708904109589041,0.4305720420094997,0.7996575342465754,0.49979168293895576,0.08144992618363044,0.20792404386176638,10.891093049473257,0.19315572515830337,1168.0,0.949575811624527,0.3135864045546592,0.04157302644800149,0.1606027986025055,13.811883584184022,0.334970455388872,1168.0,0.752182200551033,0.19275203565720034,0.06631940513246674,0.18936247863385774,11.783593779470142,0.2317715062847935,1168.0,1.0,0.32288290169153017
socofing:000052:right_ring,stripes,0.10000000149011612,100.0,10.0,0.7533283329976257,0.07533283329976256,1.0,0.28729647633222055,0.24579393863677979,0.08739471128462054,10886.0,0.45462061363218814,0.3446744813866285,0.7126584604078633,0.5585550607274653,0.7930369281646151,0.6383287293095591,0.12346302480830541,0.2841391256549615,9.084630871496998,0.03268973666119173,10886.0,0.990454226732254,0.6905402068671747,0.05820785338208001,0.204053603142812,12.350184165458607,0.07751707864331044,10886.0,0.7046521008014679,0.6626304015168287,0.10042021993905069,0.25392935434214314,9.981788317745432,0.03835914960832444,10886.0,0.9921568632125854,1.0207890442100431
socofing:000052:right_little,stripes,0.20000000298023224,100.0,10.0,0.7450058329850435,0.07450058329850436,8.0,0.28661349978856626,0.245162695646286,0.17229874804805093,9379.0,0.5064505810854035,0.34186322985331963,0.7845186053950315,0.5565072477623297,0.8605395031453247,0.6377016357944861,0.09750329520994902,0.2481242625481895,10.109807066879782,0.03431040492343861,9379.0,0.9838759899139404,0.7456634195711098,0.04710585591402154,0.18263556016623966,13.269251006617097,0.06530580481027162,9379.0,0.7247579097747803,0.4452350176813743,0.09466958279573456,0.24469702403985663,10.237895367931495,0.038818218365790386,9379.0,0.9841194450855255,0.645488074408867
socofing:000054:left_thumb,stripes,0.30000001192092896,100.0,10.0,0.759290834015701,0.07592908340157009,6.0,0.30256654910265396,0.25958168506622314,0.1341044120192538,8917.0,0.32196927217674104,0.36306379897649665,0.528540989121902,0.5904924234955437,0.6032297858023999,0.6724228881256883,0.1502449195712647,0.3073272081274776,8.232002044464808,0.0751212647294268,8917.0,1.0,0.2613198497420763,0.0963478242706488,0.26801604404335294,10.161580881483335,0.06133685249986226,8917.0,0.7976555223576725,0.5017651968164025,0.13093252578076864,0.2828164089236522,8.829524541946505,0.000315063523887467,8917.0,0.9960784316062927,0.704419222351668
socofing:000054:left_index,stripes,0.4000000059604645,100.0,10.0,0.7517316659796052,0.07517316659796051,1.0,0.2938235015827069,0.25241023302078247,0.20446304992756958,6876.0,0.356457242582897,0.3507720103986895,0.6032577079697499,0.569949603115857,0.6964805119255381,0.6534481693527304,0.12222082381130463,0.27424008244352766,9.128547933088942,0.016336446670512213,6876.0,0.9665470123291016,0.31189201192158605,0.0764675257697768,0.23860564858096242,11.165229618826931,0.09416136654060243,6876.0,0.7194483876228333,0.4188483640362701,0.12196117508091134,0.2707968505008396,9.137783999126171,0.09898370293017376,6876.0,1.0,0.5179296842468563
socofing:000054:left_middle,stripes,0.5,100.0,10.0,0.7377530419907998,0.07377530419907999,3.0,0.2858034008747684,0.24539510905742645,0.23089006306375673,6092.0,0.43827971109652003,0.3380932415641712,0.7025607353906763,0.5551984443849666,0.7856204858831254,0.6373277055546004,0.12101630773907986,0.2760272153683168,9.171561017176323,0.05702132720658957,6092.0,0.9843137264251709,0.823176039152937,0.0563686447207259,0.19988418430412824,12.489624068577596,0.12403794844713945,6092.0,0.6926336139440536,0.34459648316314767,0.10235970660297145,0.24902716175073944,9.898709676157736,0.08478474770277045,6092.0,0.9546331763267517,0.6660406410842218
socofing:000054:left_ring,stripes,0.6000000238418579,100.0,10.0,0.7415518329944462,0.07415518329944462,4.0,0.282563013420691,0.24210070073604584,0.29035570541786176,5426.0,0.414485809067453,0.33382548102913334,0.672687062292665,0.5491869237841032,0.756542572797641,0.6303632311198902,0.1263179572198353,0.2793199954052561,8.985349062369911,0.13645720198521624,5426.0,0.9607197940349579,0.1587680210101463,0.05931115746585505,0.20387250961515457,12.268636005640541,0.14143078594166417,5426.0,0.6562797129154205,0.2057375326663488,0.10872217648487893,0.2590167838606367,9.63681862144661,0.11593832095366022,5426.0,0.9522275626659393,0.4137784184493962
socofing:000054:left_little,stripes,0.699999988079071,100.0,10.0,0.7476608330034651,0.07476608330034651,0.0,0.2894174155491154,0.2509233355522156,0.3005424366570805,3075.0,0.3388617886178862,0.3436210219210725,0.5603252032520325,0.5624635689966078,0.6357723577235772,0.6448627557720595,0.10161571658625373,0.23635268681902227,9.930391158827302,0.08875924276939676,3075.0,1.0,0.14273807152002185,0.07064053277535776,0.23180429813338488,11.50946033941736,0.13116803663861484,3075.0,0.6395909190177917,0.055475220202580965,0.10161571658625373,0.23635268681902227,9.930391158827302,0.08875924276939676,3075.0,1.0,0.14273807152002185
socofing:000054:right_thumb,stripes,0.800000011920929,100.0,10.0,0.7459515829978045,0.07459515829978045,6.0,0.2642082655921528,0.22890178859233856,0.3453624144142288,2508.0,0.3185805422647528,0.31007312922671654,0.5115629984051037,0.5119602099548212,0.5917065390749602,0.5902686307096832,0.12775898355457965,0.28052707785347614,8.936085520855507,0.06917907116611238,2508.0,0.9637675285339355,0.4198943684974337,0.058039402162850605,0.20979126633877943,12.362770696786892,0.1281290606029308,2508.0,0.5388823077082634,0.12337079376221041,0.060751287361095654,0.18222748090463292,12.164445146367083,0.10327956838833233,2508.0,0.9251547157764435,0.11520845095734268
socofing:000054:right_index,severe_partial,0.10000000149011612,100.0,10.0,0.7464962079830002,0.07464962079830002,6.0,0.27785332907713894,0.23817387223243713,0.15455375150412448,10066.0,0.2852175640770912,0.33057626694168457,0.4745678521756408,0.5397765388139762,0.5436121597456786,0.6187070547893403,0.13513485095326186,0.2949855420792121,8.692326330297202,0.0612804473993693,10066.0,1.0,0.2279485550301155,0.09349523374820122,0.2656960812355296,10.292105282677644,0.09714891122712661,10066.0,0.7482277303934097,0.16110511924020202,0.13259986744109467,0.2900609623527159,8.774569100913505,0.07847802365891002,10066.0,0.9946090574376285,0.17650468868104133
socofing:000054:right_middle,severe_partial,0.20000000298023224,100.0,10.0,0.7650148750108201,0.07650148750108202,3.0,0.27820853819142166,0.23895099759101868,0.19620763357732598,9388.0,0.32349808265871327,0.3311346586465099,0.5423945462292288,0.5385347301572954,0.6144013634426928,0.6192097659428728,0.14407541061667775,0.30546804951929657,8.414101340002713,0.03202515933491081,9388.0,0.9952018857002258,0.7207617744835179,0.0774456504405281,0.2397543178182008,11.11002968385366,0.08049415100229196,9388.0,0.723569244146347,0.3780932794925841,0.11631108239132623,0.26877957313007256,9.343789027084043,0.07700655526547269,9388.0,0.9913702607154846,0.41745912029448945
socofing:000054:right_ring,severe_partial,0.30000001192092896,100.0,10.0,0.7411107909865677,0.07411107909865677,5.0,0.27702697819334815,0.23792347311973572,0.2363752580929264,6931.0,0.3392006925407589,0.32636511236184124,0.5469629202135334,0.5372768467818654,0.623575241667869,0.6184160538969091,0.13030802615209966,0.2880310966759434,8.850288336641105,0.0793476958605099,6931.0,0.9946708083152771,0.4993391079087379,0.07881061676641696,0.23978347648292578,11.03415273722495,0.09425228018907576,6931.0,0.7187106013298035,0.15866825021312367,0.11853417679358745,0.27102316766703194,9.261564120770197,0.08645273728985171,6931.0,0.9937339425086975,0.20090596397429322
socofing:000054:right_little,random_rectangles,0.10000000149011612,100.0,10.0,0.7392254589940421,0.07392254589940421,3.0,0.29664768038562095,0.25366708636283875,0.10565108381956656,10576.0,0.30786686838124055,0.3564423007387583,0.5068078668683812,0.5775660439347919,0.5893532526475038,0.6589445527151238,0.17665535264218715,0.3446081914916443,7.528731989438418,0.014795230881750136,10576.0,1.0,0.7141649646532574,0.09962242918749094,0.2745471668177645,10.01642872663258,0.05353530626413084,10576.0,0.7557208528742194,0.637344965055564,0.1391888534873494,0.2991390313390282,8.563955424752018,0.037361396722487644,10576.0,1.0,0.4245732020726768
socofing:000057:left_thumb,random_rectangles,0.20000000298023224,100.0,10.0,0.7507123749819584,0.07507123749819584,3.0,0.3008346383610574,0.2577657997608185,0.124603503500749,11889.0,0.35419295146774327,0.3603997684909293,0.5811254100428968,0.5858253897813143,0.6628816553116326,0.6688512948820684,0.14436581718098623,0.3037510723783417,8.40535626482978,0.030172237251463938,11889.0,0.9960674638859928,1.1933465812307051,0.08630912466880179,0.25210760349037425,10.639432879020834,0.04936134508575786,11889.0,0.7913701515644789,0.8034368273192604,0.13495742692911206,0.29335320109814195,8.698032105103719,0.01055690436517841,11889.0,0.9955589766614139,0.4898783229885659
socofing:000057:left_index,random_rectangles,0.30000001192092896,100.0,10.0,0.744381083000917,0.0744381083000917,9.0,0.30511892069616814,0.2612742781639099,0.1665568175919551,9460.0,0.34608879492600425,0.3667188144479947,0.5744186046511628,0.5943801299566068,0.6513742071881606,0.6775683503043511,0.14998477525223675,0.30823782534652583,8.239528233411143,0.03351128609478107,9460.0,1.0,0.2231172961781938,0.09066730610829277,0.2589886184593261,10.42549287762775,0.062201251083628596,9460.0,0.7314983010292053,0.42730259189339176,0.14041609006836817,0.2999794140384763,8.525831242038766,0.036607118976599226,9460.0,0.9999986588954926,0.8530520538064157
socofing:000057:left_middle,random_rectangles,0.4000000059604645,100.0,10.0,0.750747207988752,0.0750747207988752,2.0,0.2937285175842125,0.2517941892147064,0.15017786304964928,9240.0,0.3185064935064935,0.3501181508684571,0.5304112554112554,0.5704822989295184,0.611038961038961,0.6538824251176409,0.16528279481823938,0.3315624050475008,7.8177235214175145,0.050322377202530036,9240.0,0.9995865821838379,0.5258988786093045,0.08958747220014528,0.2597754621385895,10.477527172881393,0.10483282728625641,9240.0,0.7502856235951185,0.4446783051825885,0.10805101959577097,0.25864596130206446,9.663711306527631,0.094819764708505,9240.0,0.9843137264251709,0.49482648267424384
socofing:000057:left_ring,random_rectangles,0.5,100.0,10.0,0.7530482499860227,0.07530482499860228,2.0,0.2960956638449109,0.25463804602622986,0.20602570868583056,8065.0,0.3992560446373218,0.3515217243793657,0.6339739615623062,0.576390684311684,0.7186608803471791,0.6597874807516979,0.1253846564550466,0.2784772555195419,9.017556056473186,0.067315849480562,8065.0,0.9976575374603271,0.4840257117713416,0.0768860840632646,0.2325715317560033,11.1415225787648,0.11054121385553402,8065.0,0.7653760835528374,0.458266234544357,0.12245973503066021,0.2739025132217885,9.120066845936277,0.11485877449123065,8065.0,0.9921568622812629,0.29962274131609007
socofing:000057:left_little,random_rectangles,0.6000000238418579,100.0,10.0,0.7596226669847965,0.07596226669847965,3.0,0.28437111102859636,0.2450229376554489,0.2961773180779488,6212.0,0.3831294269156471,0.33614180963282536,0.6262073406310367,0.5514110510287289,0.7137797810688989,0.6343152540966781,0.12922598254540593,0.28336129125085624,8.886501570714668,0.09618288434748883,6212.0,0.9995011389255524,0.1622392524051761,0.06402504373354317,0.21533277479810875,11.936501162061944,0.16505271286817627,6212.0,0.6635459512472153,0.2089254069065643,0.09854569426489827,0.24541694181319088,10.063623465022085,0.1607662171346521,6212.0,0.9943186636082828,0.21309570899085303
socofing:000057:right_thumb,random_rectangles,0.699999988079071,100.0,10.0,0.7525750840140972,0.07525750840140973,2.0,0.2928389635773856,0.2523583769798279,0.29649764656569827,4432.0,0.3910198555956679,0.3495514239285424,0.628158844765343,0.5698363767829236,0.7138989169675091,0.6515145956720175,0.13888299514913044,0.2948838671037275,8.573509260766166,0.05579187990245345,4432.0,0.9960784316062927,0.6531646584130272,0.07223364719748246,0.22586265129048969,11.412604563323978,0.13440949087256734,4432.0,0.746374424546957,0.23040713407848323,0.12500597730670246,0.2776395175187842,9.030692201979175,0.13732426936943185,4432.0,0.9952276344411075,0.21851328318468277
socofing:000057:right_index,random_rectangles,0.800000011920929,100.0,10.0,0.7529935839993414,0.07529935839993414,5.0,0.2928014983872718,0.2547631859779358,0.2644107297634371,3092.0,0.3651358344113842,0.3470904824346844,0.5970245795601552,0.5696605472831492,0.6804657179818887,0.6526105146773187,0.13950040213287143,0.29214335348951675,8.554245404632487,0.0787568276795406,3092.0,0.9753005504608154,0.05016486423224581,0.07966123135034614,0.23587571261923537,10.987529848394757,0.11892917887826937,3092.0,0.8268536906689405,0.0681451418855855,0.12579324832383362,0.2727106194113373,9.003426680671518,0.09351353461353443,3092.0,0.9729902148246765,0.04700754506855669
socofing:000057:right_middle,irregular,0.10000000149011612,100.0,10.0,0.7532691250089556,0.07532691250089556,6.0,0.2930622022009819,0.2506909668445587,0.15195092135443197,10544.0,0.3337443095599393,0.35049262837039047,0.5524468892261002,0.5703902519151162,0.6369499241274659,0.6516013726155373,0.14863022162760187,0.31145562320406733,8.2789287461568,0.026196967396400206,10544.0,0.9965007603168488,0.2208057201289249,0.09060198688624423,0.2591112744266645,10.428622782142421,0.035508841590246094,10544.0,0.7601107936352491,0.21954038992076505,0.14041205957196393,0.2995815557754162,8.5259559034981,0.046057210268557185,10544.0,0.9915176630020142,0.6105459448501221
socofing:000057:right_ring,irregular,0.20000000298023224,100.0,10.0,0.7548614580009598,0.07548614580009598,7.0,0.28587229882515325,0.24560588598251343,0.20811362681844764,9777.0,0.3475503733251509,0.33839152950343515,0.5746138897412294,0.5547747996722895,0.6577682315638744,0.6372549232807616,0.12032458017097965,0.27311233152232745,9.19645644961179,0.0865878026858549,9777.0,0.9960784311406314,0.4505101231189802,0.07373485284673341,0.23309795433014113,11.323271821391934,0.10811857136289986,9777.0,0.7266677916049957,0.35240496970072777,0.12221711842959707,0.27293792717682513,9.128679600604576,0.1102301336697431,9777.0,1.0,0.2095011255514118
socofing:000057:right_little,irregular,0.30000001192092896,100.0,10.0,0.7530934170063119,0.0753093417006312,5.0,0.278121273841731,0.23920342326164246,0.2816757371079898,7827.0,0.3583748562667689,0.3284705783683967,0.6067458796473745,0.5390268261205408,0.6972019931008049,0.6203995002504812,0.1430840549292951,0.3008094997112752,8.444087606640819,0.08401069855612633,7827.0,1.0,0.6090388395461852,0.06501694336591608,0.2179447865772574,11.869734517965158,0.16203089160878303,7827.0,0.7786285728216171,0.13486473960056025,0.10715108669221501,0.2549630385318204,9.700034201234185,0.11654437820677142,7827.0,0.9935787320137024,0.24950110021994487
socofing:000061:left_thumb,irregular,0.4000000059604645,100.0,10.0,0.749527667008806,0.07495276670088061,2.0,0.2729729602737795,0.2360367476940155,0.33665419449734113,5602.0,0.3211353088182792,0.31891364502756775,0.549982149232417,0.5287022704925549,0.6365583720099964,0.6105992106947568,0.12386252635045862,0.2728488472850926,9.070600661892428,0.20740154504168085,5602.0,0.9935313761234283,0.07633043714979548,0.07226716656920062,0.22800510243410613,11.410589726444421,0.2763413748029452,5602.0,0.7708307802677155,0.06993807867665243,0.11223915223476238,0.25549960919359604,9.498556222822188,0.23228128663451972,5602.0,1.0,0.053837793070300545
socofing:000061:left_index,irregular,0.5,100.0,10.0,0.7679217920231167,0.07679217920231167,0.0,0.27084525765773365,0.23347093164920807,0.31091277020351166,4742.0,0.3125263601855757,0.3179696280303408,0.5385913116828343,0.5257727216230017,0.6202024462252215,0.6051255953907086,0.11643977351083075,0.26227948282704305,9.3389864798668,0.17862211505198766,4742.0,0.9984865784645081,0.06331648657293774,0.07446630033045303,0.23127671204961425,11.280402224421417,0.19682459004721178,4742.0,0.8639320358633995,0.058025199095182785,0.11643977351083075,0.26227948282704305,9.3389864798668,0.17862211505198766,4742.0,0.9984865784645081,0.06331648657293774
socofing:000061:left_middle,irregular,0.6000000238418579,100.0,10.0,0.7442569170088973,0.07442569170088972,1.0,0.2691623434677395,0.23254896700382233,0.3288938257465582,3763.0,0.3380281690140845,0.3134950808180858,0.5503587563114536,0.5208556100785526,0.6311453627424927,0.6025502022849794,0.11678910105536254,0.2641070072859409,9.325976843843188,0.22798829733876178,3763.0,0.9910295307636261,0.03875587940665565,0.06951917610207724,0.22243157559867188,11.578953835162626,0.2625967024512382,3763.0,0.7992730289697647,0.04769173438338859,0.09641123982018093,0.22846746198655288,10.15872332203707,0.26689441332594077,3763.0,0.9694250822067261,0.07046135728301517
socofing:000061:left_ring,irregular,0.699999988079071,100.0,10.0,0.7482302919961512,0.07482302919961512,9.0,0.2419603038671895,0.21027573943138123,0.41939552236370764,2144.0,0.3185634328358209,0.28085216588632606,0.5167910447761194,0.46618160171879086,0.5876865671641791,0.5423310893288911,0.101056600764465,0.24344977354213818,9.954353141926216,0.20222145626498247,2144.0,0.9833725672215223,0.07811689532011329,0.05666695037479224,0.20082525792966055,12.466701590020065,0.29726315921400637,2144.0,0.6927947625517845,0.05548514701043951,0.08240383273274512,0.21380578959491034,10.840525881090597,0.28748707711412647,2144.0,0.9256027638912201,0.03917035084412859
socofing:000061:left_little,irregular,0.800000011920929,100.0,10.0,0.7519533339946065,0.07519533339946065,8.0,0.2642185188912548,0.22849437594413757,0.46553916227373543,1222.0,0.27577741407528644,0.3125698278168805,0.46808510638297873,0.5126952883191468,0.5343698854337152,0.5892068955821705,0.1614882045986612,0.31049750080109617,7.918591938579168,0.2185624437982242,1222.0,1.0,0.06965507931280492,0.08242467516209007,0.243650133748205,10.83942755747925,0.2926260708280837,1222.0,0.7058623433113098,0.06345726489156917,0.1108375380811513,0.24738880665896615,9.553131293138883,0.29980287838836045,1222.0,0.9620519275777042,0.05519830498272893
socofing:000061:right_thumb,central_missing,0.10000000149011612,100.0,10.0,0.7564882079896051,0.07564882079896051,1.0,0.2992876250471044,0.25574567914009094,0.08305481839482763,11148.0,0.268388948690348,0.3583831285244468,0.45523860782203085,0.5821162809102198,0.5312163616792249,0.6654062962938122,0.1935625472255595,0.3630533976634332,7.131786713395777,0.017617434350966407,11148.0,1.0,0.636734245073753,0.11641520781348709,0.2996621940377782,9.339902822457313,0.025976618101102345,11148.0,0.7564080352894962,0.34541404454340296,0.16172457114355618,0.32694027472941883,7.912239918352343,0.048755682510884864,11148.0,0.9997453391551971,0.5238711477653631
socofing:000061:right_index,central_missing,0.20000000298023224,100.0,10.0,0.748086500010686,0.0748086500010686,3.0,0.3034796962800452,0.25965631008148193,0.049359617730778384,10509.0,0.14958606908364258,0.36276745532040866,0.26605766485869253,0.5903951421032646,0.3104957655343039,0.6749034511607974,0.19415387435395634,0.3618810485836389,7.118539386551175,0.036555821494651176,10509.0,1.0,0.3467498069808395,0.15824865739031832,0.3673283109440602,8.006599659264026,0.048942806812919,10509.0,0.804200766608119,0.20725933754497855,0.17615727728168123,0.34087039153587445,7.540994108534754,0.025696613266282073,10509.0,1.0,0.2662721332016384
socofing:000061:right_middle,central_missing,0.30000001192092896,100.0,10.0,0.7583888749941252,0.07583888749941252,0.0,0.3060945442482275,0.2620532810688019,0.08949823766071886,8917.0,0.23640237748121565,0.3664490798219004,0.4117976898059886,0.596583474335802,0.48401928899854213,0.6804899754183794,0.18192877937191826,0.3454943874356747,7.400985943187256,0.06507113888102468,8917.0,1.0,0.4752670361337255,0.13898245861923342,0.328795607613419,8.570400098581676,0.04769439637281382,8917.0,0.8131042700260878,0.13355457743780486,0.18192877937191826,0.3454943874356747,7.400985943187256,0.06507113888102468,8917.0,1.0,0.4752670361337255
socofing:000061:right_ring,central_missing,0.4000000059604645,100.0,10.0,0.7780293750111014,0.07780293750111014,7.0,0.315568593383261,0.2701288163661957,0.13722472138751562,8123.0,0.28819401698879726,0.3820888758224835,0.4827034346916164,0.6164500151107014,0.5495506586236613,0.6994916116536052,0.20188185760521501,0.3658145632998745,6.949027077823046,0.07500467497510954,8123.0,1.0,0.23588507546870088,0.11915081394464215,0.3014238575588883,9.23902986549088,0.06452572295849286,8123.0,0.7293302398175001,0.08449103540427105,0.16233399415075228,0.3241064657456485,7.895905256070335,0.039310839489860264,8123.0,1.0,0.36223005962135363
socofing:000061:right_little,central_missing,0.5,100.0,10.0,0.7530312919989228,0.07530312919989228,8.0,0.31154974409796854,0.2668105363845825,0.15824096778146537,4685.0,0.2589114194236926,0.376657274161866,0.43649946638207043,0.6087020706379809,0.4954108858057631,0.6909987061248899,0.2032067345900236,0.36698067251149574,6.920619029490512,0.026419038585410302,4685.0,1.0,0.1565938961321769,0.12737695922363174,0.3145901843836867,8.949091229190346,0.042723216271779746,4685.0,0.8008178770542145,0.22086824299601296,0.16632489057831445,0.32272180562477115,7.7904275359512445,0.04308404873176273,4685.0,1.0,0.6667319777147914
socofing:000064:left_thumb,central_missing,0.6000000238418579,100.0,10.0,0.759888291999232,0.0759888291999232,3.0,0.31004956936315237,0.26629599928855896,0.14822745870240817,6554.0,0.3509307293256027,0.3749295305648263,0.5698809887091852,0.6046076849926016,0.6504424778761062,0.6873927792230138,0.16044691549081147,0.3225299844625305,7.946686275756214,0.08158619304634394,6554.0,0.996055006980896,0.8908956616089603,0.10531155375184548,0.2749976771655596,9.775239796652867,0.0747455850843758,6554.0,0.7909361086785793,0.4392727455188012,0.15597714006868318,0.3157574078733875,8.069390469629047,0.08362110017355477,6554.0,0.9960784311406314,0.1517860494727346
socofing:000064:left_index,central_missing,0.699999988079071,100.0,10.0,0.7519659170066006,0.07519659170066006,1.0,0.2851242245204357,0.24557000398635864,0.23082446071775659,4915.0,0.32451678535096645,0.33804166078840364,0.5438453713123093,0.5544035671104129,0.6205493387589013,0.635603087971921,0.18422079357106513,0.34496322412276875,7.346613512102809,0.03857451530921165,4915.0,1.0,0.1289805658155979,0.09728086629803166,0.2627032042348365,10.11972570608556,0.09133149322823374,4915.0,0.8278989791870117,0.3939188054620138,0.12984342950502897,0.2857392736350585,8.86580022175664,0.07099442924262674,4915.0,0.9689454426988959,0.30160460692332697
socofing:000064:left_middle,central_missing,0.800000011920929,100.0,10.0,0.7646465419966262,0.07646465419966261,5.0,0.285617675935208,0.2464076280593872,0.29995260931130824,3277.0,0.3515410436374733,0.343814225002855,0.5923100396704303,0.5528826399187071,0.6676838571864511,0.6340997131834096,0.12690206226294912,0.2751643860747888,8.965313202052036,0.061624935769474656,3277.0,0.9976707696914673,0.02920146763878653,0.07992047141510071,0.2395554275590407,10.973419630656938,0.10006290946238619,3277.0,0.8175966143608093,0.0687925866023404,0.12010964981685805,0.2663148102368438,9.204220992260884,0.10337776504889526,3277.0,0.974726527929306,0.1401765517590206
socofing:000064:left_ring,peripheral_only,0.10000000149011612,100.0,10.0,0.7592302090197336,0.07592302090197336,1.0,0.29039160457257784,0.24853093922138214,0.16666989828743792,8568.0,0.31512605042016806,0.3500777486708262,0.5165732959850607,0.565474389469465,0.5899859943977591,0.644448416150522,0.1491629957321325,0.31393324470223144,8.263389030201054,0.05031998204798737,8568.0,0.9973185062408447,0.36653388184477326,0.09374313490068027,0.263887982485715,10.280605271620667,0.08488387224712281,8568.0,0.8001037091016769,0.1851285091507169,0.13697999534184127,0.29594146055308534,8.63342852894793,0.0932336036880532,8568.0,1.0,0.20436607657845726
socofing:000064:left_little,peripheral_only,0.20000000298023224,100.0,10.0,0.7581432090082671,0.07581432090082671,2.0,0.29797402631315134,0.25475046038627625,0.11536341394815518,5762.0,0.2788962165914613,0.35502941154411627,0.4730996181881291,0.5805393424729471,0.5484206872613676,0.6633297086064598,0.18879855717931815,0.35347170343906065,7.240013289545537,0.054073720658012095,5762.0,1.0,0.6281051284745144,0.11156212747182166,0.2921908919927229,9.52483212401123,0.05191811658010848,5762.0,0.7629577219486237,0.24827263985663517,0.15948934357262554,0.32186401986012075,7.972683294231953,0.014791192138239212,5762.0,1.0,0.10620331522183196
socofing:000064:right_thumb,peripheral_only,0.30000001192092896,100.0,10.0,0.7700299590069335,0.07700299590069334,4.0,0.28197680652115625,0.2421446293592453,0.20708592567359227,8423.0,0.33729075151371246,0.3367756634285455,0.5489730499821917,0.5484270410870736,0.6210376350468954,0.6273089372365516,0.12645066004826375,0.28375969776213894,8.980788993795164,0.06534812142574889,8423.0,0.9846188426017761,0.18130338168265828,0.07594046921096682,0.23673383784573823,11.195267238264005,0.12914676552959511,8423.0,0.763213514816016,0.09909341679725374,0.12142335987942163,0.2749283402292654,9.156977540285105,0.06885867158679679,8423.0,0.9905861020088196,0.24072308325565023
socofing:000064:right_index,peripheral_only,0.4000000059604645,100.0,10.0,0.7481265410024207,0.07481265410024207,6.0,0.2853886871850518,0.245499849319458,0.2741497372664817,6472.0,0.3377626699629172,0.3386357372559893,0.5571693448702101,0.555172612230732,0.6381334981458591,0.6360832956222395,0.14155023663694083,0.2946668659194116,8.490894002654503,0.12772666015739323,6472.0,0.99935382604599,0.0622400306404927,0.07704179085546822,0.2384836812075101,11.132736304836248,0.19628186923487134,6472.0,0.6990623436868191,0.05981086910064816,0.11972269423435081,0.2697420290523647,9.218235183775732,0.162068516892139,6472.0,0.9958913917653263,0.06698196445682209
socofing:000064:right_middle,peripheral_only,0.5,100.0,10.0,0.7533711659780238,0.07533711659780237,1.0,0.2788602282037579,0.24036350846290588,0.32314344546428403,5242.0,0.3580694391453644,0.33084107139060764,0.59252193819153,0.5411827554892874,0.6797024036627242,0.6214140079781918,0.12545385666012415,0.2771221767065962,9.015159832097515,0.11313117669054075,5242.0,0.9960784311406314,0.053246278794878456,0.06993410194178634,0.22368046746812037,11.553109977366386,0.20543188988381364,5242.0,0.7442880868911743,0.0342416476468332,0.10630302630065919,0.25313231011480236,9.734543715353256,0.2099303281024827,5242.0,0.968445897102356,0.05190642773560367
socofing:000064:right_ring,peripheral_only,0.6000000238418579,100.0,10.0,0.7676500839879736,0.07676500839879737,0.0,0.26387855583800907,0.22828145325183868,0.33424787480740664,4087.0,0.33423048690971374,0.3089846949399991,0.5634940053829215,0.5102815932965903,0.6528015659407879,0.5897937519719643,0.10269615544756841,0.24877713667183243,9.884458144276394,0.18572249698463314,4087.0,0.9504573903977871,0.07529171981278757,0.0704523034042139,0.22267270176075554,11.521048032730572,0.20011110115994182,4087.0,0.746301231905818,0.05804657783781914,0.10269615544756841,0.24877713667183243,9.884458144276394,0.18572249698463314,4087.0,0.9504573903977871,0.07529171981278757
socofing:000064:right_little,peripheral_only,0.699999988079071,100.0,10.0,0.761626833002083,0.0761626833002083,6.0,0.27012425794444206,0.23391276597976685,0.3825566410614767,3009.0,0.34995014955134596,0.3162731605808812,0.5925556663343303,0.523675898835682,0.673645729478232,0.6039304207184655,0.15046188046688427,0.30852322485350536,8.22573514686924,0.04394601647928311,3009.0,0.9960784311406314,0.1373624955248665,0.06374454163345225,0.21094684405456615,11.955569974032173,0.22067836972030905,3009.0,0.7408795654773712,0.044568298601621086,0.08165944456591612,0.21439455618033226,10.879935784024665,0.3033495457863928,3009.0,0.9645895063877106,0.08935095887901869
socofing:000066:left_thumb,peripheral_only,0.800000011920929,100.0,10.0,0.764051667007152,0.0764051667007152,2.0,0.28144787285143125,0.2419825941324234,0.4792998338990606,1653.0,0.35571687840290384,0.34471427287773443,0.6309739866908651,0.5481273133089091,0.7114337568058077,0.6217213582691463,0.14191792161826283,0.2897091642880212,8.479627576894147,0.2200623045154957,1653.0,0.9701367011293769,0.01552521300834863,0.07683162880308154,0.22863649400187733,11.14459959826456,0.3275663328818023,1653.0,0.8079998791217804,0.011421177704890331,0.11219901000128837,0.25397039946034566,9.500109751019108,0.3337803944158746,1653.0,0.9764705896377563,0.011356336728393906
socofing:000066:left_index,central_only,0.10000000149011612,100.0,10.0,0.7666637079964858,0.07666637079964858,4.0,0.28256627865444417,0.24205875396728516,0.1072571451976817,9859.0,0.28126584846333297,0.33838016909809476,0.466173039862055,0.5496184166866573,0.5350441221219191,0.6280965780317691,0.16715614930351758,0.3338585890334476,7.7687764204801,0.02710395225679312,9859.0,1.0,0.6945103646992218,0.10432266773099681,0.2806767084379229,9.8162131572606,0.05772812605908034,9859.0,0.7902533262968063,0.5709423707843072,0.14509255128397158,0.3080629288509487,8.383548826642906,0.03692012472509622,9859.0,1.0,0.7135265298474743
socofing:000066:left_middle,central_only,0.20000000298023224,100.0,10.0,0.782456082990393,0.0782456082990393,0.0,0.28474342006542536,0.24436721205711365,0.12334271575657542,8529.0,0.28139289482940555,0.34028071661964926,0.4703951225231563,0.5540805264082697,0.5408605932700199,0.6333299280944344,0.14647974119123713,0.3072264511374608,8.342224360419475,0.08897677042500086,8529.0,1.0,0.29985923040549456,0.10673667379642572,0.2826452633004663,9.716863351127746,0.07456844678453341,8529.0,0.7948308289051056,0.278329344957705,0.14647974119123713,0.3072264511374608,8.342224360419475,0.08897677042500086,8529.0,1.0,0.29985923040549456
socofing:000066:left_ring,central_only,0.30000001192092896,100.0,10.0,0.7612423750106245,0.07612423750106245,0.0,0.28166324583190766,0.2416081577539444,0.15987334927197677,6519.0,0.23316459579690135,0.3377402521879016,0.42276422764227645,0.5465084081733678,0.5022242675256942,0.6256727781379344,0.1648635557175847,0.3270462395091591,7.828753376848828,0.0638399544255841,6519.0,0.9952766299247742,0.32493008454795075,0.13025092403826957,0.3140598909353943,8.852191870050364,0.1362311095713356,6519.0,0.8221895694732666,0.20956289100089875,0.1648635557175847,0.3270462395091591,7.828753376848828,0.0638399544255841,6519.0,0.9952766299247742,0.32493008454795075
socofing:000066:left_little,central_only,0.4000000059604645,100.0,10.0,0.7513956250040792,0.07513956250040792,6.0,0.28252590729931243,0.2421233355998993,0.1254261573398261,2978.0,0.332102081934184,0.3354059111894858,0.5577568838146407,0.5470519583504658,0.6406984553391538,0.6294210523877309,0.13918305501500622,0.298071017762167,8.56413635138043,0.06772005895925137,2978.0,0.9879859387874603,1.0253607126152358,0.08095389403170741,0.24439465133767246,10.91762256042067,0.1026182362326856,2978.0,0.6859135627746582,0.7105002964981341,0.1156861870664386,0.2706905227614838,9.367184927245134,0.0990450957903756,2978.0,0.9882352948188782,0.4706038825351362
socofing:000066:right_thumb,central_only,0.5,100.0,10.0,0.770089541998459,0.07700895419984591,9.0,0.27224728080941474,0.23341307044029236,0.324727957559899,3981.0,0.24340617935192163,0.3221072526964462,0.4237628736498367,0.5293150370465665,0.4905802562170309,0.6070579305351065,0.15286741928883085,0.3157056980782498,8.156850661300496,0.14038888632792693,3981.0,1.0,0.1830180143740588,0.09658228401008537,0.2709935021197671,10.15102528473384,0.237846578145355,3981.0,0.8065505474805832,0.23810245832041957,0.1292156727331889,0.2830089806721524,8.886848070163673,0.18481727463036599,3981.0,1.0,0.1516944395840106
socofing:000066:right_index,central_only,0.6000000238418579,100.0,10.0,0.7705079170118552,0.07705079170118552,9.0,0.23316746771184596,0.20188087224960327,0.4074082602168438,1535.0,0.22671009771986972,0.2699108650853269,0.4026058631921824,0.4519390167786166,0.46449511400651466,0.5225346982207282,0.14739193803326545,0.29976840182374376,8.315262706385658,0.13197239400935898,1535.0,1.0,0.19553143656636915,0.11750353957347896,0.28086661867287727,9.299490508894612,0.1977732888017801,1535.0,0.8181395083665848,0.21187989853816538,0.14424084128587522,0.2919055777234829,8.409117532521838,0.20105838795504896,1535.0,1.0,0.36330339739984024
socofing:000066:right_middle,central_only,0.699999988079071,100.0,10.0,0.7735592089884449,0.0773559208988445,0.0,0.27815899053931586,0.23934637010097504,0.34289478536834217,1192.0,0.3288590604026846,0.33148520056083297,0.5343959731543624,0.5409371154670348,0.6098993288590604,0.6187249018841942,0.11525737500422398,0.26121130141729626,9.383312757329941,0.2665153272879337,1192.0,0.9724794030189514,0.181010074417377,0.08021325329617916,0.24278605421348756,10.957538691489354,0.25249994019094957,1192.0,0.6513353567570448,0.3072612103067618,0.11525737500422398,0.26121130141729626,9.383312757329941,0.2665153272879337,1192.0,0.9724794030189514,0.181010074417377
socofing:000066:right_ring,central_only,0.800000011920929,100.0,10.0,0.786956875002943,0.07869568750029429,7.0,0.15160164208346627,0.13469679653644562,0.8536973639998248,291.0,0.048109965635738834,0.15773949454637737,0.12027491408934708,0.28886365952975157,0.15120274914089346,0.34838482159417106,0.1063137196472664,0.1973253904339374,9.734106867219982,0.5276442822164219,291.0,0.9834844768047333,0.05959845026832648,0.06603604661040968,0.19341443817025608,11.802189346018071,0.4497937141605016,291.0,0.7496519088745117,0.04664514002917413,0.07041871088568295,0.17868335642355823,11.523119295691416,0.36627177407541456,291.0,0.9980684518814087,0.01784283033324541
socofing:000066:right_little,disconnected_fragments,0.10000000149011612,100.0,10.0,0.7690015829866752,0.07690015829866752,8.0,0.2962766323539825,0.2533243000507355,0.10906630310748865,8983.0,0.3109206278526105,0.3567224661226091,0.508293443170433,0.5762504252471916,0.5815429143938551,0.6576626180170917,0.16353826079841222,0.327687565318825,7.86380625207301,0.05400830694042316,8983.0,1.0,0.6106952057743672,0.1006303969894768,0.2754919976994937,9.972708140040083,0.05687870225793442,8983.0,0.7840042412281036,0.4520996399392115,0.1519874434114951,0.3139600720000798,8.181922902286225,0.02986362862366271,8983.0,1.0,0.43479858747006034
