sample_id,subject_id,fold,raw_coverage_50,raw_width_50,calibrated_coverage_50,calibrated_width_50,calibrated_error_50,raw_coverage_80,raw_width_80,calibrated_coverage_80,calibrated_width_80,calibrated_error_80,raw_coverage_90,raw_width_90,calibrated_coverage_90,calibrated_width_90,calibrated_error_90,raw_coverage_95,raw_width_95,calibrated_coverage_95,calibrated_width_95,calibrated_error_95
nist302-registered:00002304/00002304_1C_R_L01_BP_S22_1000PPI_8BPC_1CH_LP03-1_1,00002304,0,0.0871559633027523,0.11398958942105822,0.5779816513761468,0.30278190394830773,0.07798165137614677,0.34174311926605505,0.21653070104616579,0.9747706422018348,0.6187596562416158,0.1747706422018348,0.5252293577981652,0.27748697700204505,1.0,0.8943393735728595,0.09999999999999998,0.6376146788990825,0.32994593848879783,1.0,0.9928407329972531,0.050000000000000044
nist302-registered:00002304/00002304_1F_R_L01_BP_S22_1000PPI_8BPC_1CH_LP03-1_1,00002304,0,0.2991101984941821,0.11925685861911912,0.8275154004106776,0.3175867931775911,0.3275154004106776,0.6324435318275154,0.2265917514993114,0.9938398357289527,0.6673445181655968,0.1938398357289527,0.7734428473648186,0.29082736450994406,1.0,0.9283430714650508,0.09999999999999998,0.8631074606433949,0.3464782709513499,1.0,0.9936093549965421,0.050000000000000044
nist302-registered:00002304/00002304_1F_R_L01_BP_S22_1000PPI_8BPC_1CH_LP06-1_1,00002304,0,0.08333333333333333,0.139356894523366,0.4403153153153153,0.3708844507327925,0.059684684684684686,0.22372372372372373,0.2647824467220361,0.9433183183183184,0.7524479075678944,0.14331831831831832,0.36711711711711714,0.3397144736420724,0.9992492492492493,0.9608834396486634,0.09924924924924927,0.5123873873873874,0.40447378302218495,1.0,0.9993904803271173,0.050000000000000044
nist302-registered:00002304/00002304_2A_X_L02_BP_S22_1000PPI_8BPC_1CH_LP08-1_1,00002304,0,0.16300940438871472,0.08934797094558299,0.45015673981191223,0.23787981593892493,0.04984326018808777,0.31912225705329156,0.16976393193559683,0.8949843260188087,0.5080049972654115,0.09498432601880868,0.4169278996865204,0.21787712383489166,0.9974921630094044,0.8376436313943042,0.09749216300940433,0.4918495297805643,0.25940554382383324,1.0,0.9900231920747059,0.050000000000000044
nist302-registered:00002304/00002304_5A_X_647_IN_D800_1000PPI_8BPC_1CH_LP04-1_1,00002304,0,0.1533601378518093,0.07725070052181696,0.5404939689833429,0.2057285058599901,0.0404939689833429,0.38139000574382537,0.14677874076569875,0.7208500861573808,0.4356634444806127,0.07914991384261927,0.5002871912693854,0.18838847425170366,0.7880528431935669,0.6819342209652809,0.11194715680643308,0.5732337736932798,0.22445437046485117,0.8707639287765652,0.8267689002768476,0.07923607122343479
nist302-registered:00002304/00002304_5A_X_648_IN_D800_1000PPI_8BPC_1CH_LP04-1_1,00002304,0,0.11006289308176101,0.1103826643109737,0.6383647798742138,0.29395894254788335,0.1383647798742138,0.4329140461215933,0.209730505490392,0.8962264150943396,0.5988498296714724,0.0962264150943396,0.5849056603773585,0.2691861895480093,0.9664570230607966,0.8678427885243962,0.0664570230607966,0.6781970649895178,0.32066240554753206,0.9958071278825996,0.9611526675932962,0.04580712788259966
nist302-registered:00002304/00002304_6C_X_222_BT_D800_1000PPI_8BPC_1CH_LP01-1_1,00002304,0,0.20066889632107024,0.07147304534474375,0.8862876254180602,0.19034187041300385,0.38628762541806017,0.6321070234113713,0.13580101569989533,0.9966555183946488,0.4337000645643814,0.1966555183946488,0.8361204013377926,0.17429871666751345,1.0,0.8229413556295943,0.09999999999999998,0.9230769230769231,0.20768973094160698,1.0,0.9938560886858935,0.050000000000000044
nist302-registered:00002304/00002304_7D_X_065_CA_D800_1000PPI_8BPC_1CH_LP03-1_1,00002304,0,0.10049423393739704,0.07583013539546492,0.2553542009884679,0.20194524514834447,0.2446457990115321,0.18616144975288304,0.14407962271222907,0.7215815485996705,0.4478169623827034,0.07841845140032955,0.2372322899505766,0.18492419373488095,0.9769357495881383,0.7666670842321484,0.07693574958813831,0.2685337726523888,0.22034851516813678,1.0,0.9251113102934834,0.050000000000000044
nist302-registered:00002304/00002304_7D_X_066_CA_D800_1000PPI_8BPC_1CH_LP45-1_1,00002304,0,0.1206266318537859,0.07983139578369683,0.4720626631853786,0.2125723656926231,0.027937336814621405,0.29712793733681464,0.1516821422660095,0.810443864229765,0.4807107757274417,0.010443864229764954,0.4349869451697128,0.1946629200450694,0.991644908616188,0.7844676289609531,0.09164490861618801,0.5216710182767624,0.23193749069164155,1.0,0.9454281184816944,0.050000000000000044
nist302-registered:00002360/00002360_1D_L_L01_BP_S06_1000PPI_8BPC_1CH_LP01-1_1,00002360,0,0.2541791684526361,0.1254909206356878,0.6266609515645092,0.33403999499540765,0.12666095156450918,0.4569224174882126,0.23843666379740516,0.9734247749678525,0.695079132628396,0.17342477496785247,0.5756536648092585,0.30600458413132503,0.997428204029147,0.9267168520111965,0.09742820402914698,0.682383197599657,0.3642443811468018,1.0,0.9925757088279317,0.050000000000000044
nist302-registered:00002360/00002360_1D_R_L01_BP_S06_1000PPI_8BPC_1CH_LP03-1_1,00002360,0,0.10615199034981906,0.11284467903347527,0.47406513872135103,0.30047415219791,0.02593486127864897,0.26598311218335347,0.21440841026373875,0.9179734620024126,0.6027015359254146,0.11797346200241254,0.41978287092882993,0.2751794789306482,0.9981905910735827,0.8409828185201499,0.09819059107358263,0.5470446320868516,0.3276006994906298,1.0,0.9712018771714912,0.050000000000000044
nist302-registered:00002325/00002325_1H_R_L01_BP_S21_1000PPI_8BPC_1CH_LP03-1_1,00002325,1,0.1206415620641562,0.10539907329442631,0.5739191073919108,0.2558079521093065,0.07391910739191077,0.38493723849372385,0.20026152709978845,0.7475592747559274,0.45589032530764906,0.05244072524407262,0.5753138075313807,0.2569975752715843,0.795676429567643,0.5927972075402195,0.10432357043235707,0.6617852161785216,0.30600252750417,0.8730822873082287,0.7307535118430075,0.07691771269177128
nist302-registered:00002325/00002325_4A_X_606_IN_D800_1000PPI_8BPC_1CH_LP01-1_1,00002325,1,0.15439932318104907,0.0727598090254458,0.46573604060913704,0.17657609151167655,0.034263959390862964,0.36421319796954316,0.13824590683280022,0.6036379018612521,0.3103832957658385,0.19636209813874794,0.4674280879864636,0.17739602651170727,0.6607445008460237,0.41719628568449013,0.23925549915397637,0.5287648054145516,0.2108393462565028,0.7432318104906938,0.5606474155754969,0.2067681895093062
nist302-registered:00002325/00002325_6E_X_074_BT_D800_1000PPI_8BPC_1CH_LP08-1_1,00002325,1,0.072992700729927,0.10636961419453807,0.12408759124087591,0.2579290471195459,0.3759124087591241,0.09124087591240876,0.20210558508525325,0.29927007299270075,0.4539180327618054,0.5007299270072993,0.12408759124087591,0.259106535101938,0.5182481751824818,0.6260345484470188,0.38175182481751824,0.19343065693430658,0.3060340571976428,0.8138686131386861,0.853577645817516,0.13613138686131387
nist302-registered:00002325/00002325_6E_X_074_BT_D800_1000PPI_8BPC_1CH_LP14-1_1,00002325,1,0.23664980326025858,0.11213076744464029,0.5365373805508713,0.2721813294686545,0.0365373805508713,0.4356379988757729,0.2130519559750474,0.7706576728499157,0.4941216580553266,0.029342327150084335,0.5396290050590219,0.27344922509282055,0.8842046093310849,0.6809784857052528,0.01579539066891511,0.6118605958403598,0.3258318231618075,0.9525014052838673,0.8678610659096359,0.0025014052838673306
nist302-registered:00002325/00002325_6E_X_074_BT_D800_1000PPI_8BPC_1CH_LP18-1_1,00002325,1,0.21133036282622533,0.084168054383617,0.4818586887332909,0.20430586058579503,0.018141311266709093,0.3863781031190325,0.15992192888447848,0.7262889879057924,0.376478196586875,0.0737110120942076,0.48313176320814766,0.20525757357483032,0.8357733927434755,0.5666162432014837,0.06422660725652451,0.5639719923615532,0.24456077193597328,0.9217059197963081,0.8098880087602457,0.02829408020369184
nist302-registered:00002325/00002325_6E_X_074_BT_D800_1000PPI_8BPC_1CH_LP21-1_1,00002325,1,0.14320987654320988,0.06331918841836319,0.37469135802469133,0.15369823356551104,0.12530864197530867,0.2891975308641975,0.12030843318668165,0.5435185185185185,0.2837443444796895,0.25648148148148153,0.37530864197530867,0.1544142022844536,0.633641975308642,0.4293404285461356,0.26635802469135805,0.425,0.1839958706477294,0.7209876543209877,0.6290635335373578,0.2290123456790123
nist302-registered:00002325/00002325_6E_X_074_BT_D800_1000PPI_8BPC_1CH_LP23-1_1,00002325,1,0.14929577464788732,0.11465700868659286,0.49389671361502346,0.27831341716824737,0.006103286384976536,0.3492957746478873,0.2178518931388463,0.7812206572769953,0.5036184708245608,0.018779342723004744,0.49765258215962443,0.2796098777464332,0.8788732394366198,0.6801684747831115,0.021126760563380254,0.584037558685446,0.3331693818641634,0.9474178403755869,0.8600689564229513,0.002582159624413105
nist302-registered:00002325/00002325_6E_X_074_BT_D800_1000PPI_8BPC_1CH_LP26-1_1,00002325,1,0.24281150159744408,0.1076917364839315,0.5424210152644657,0.2614062195146917,0.04242101526446573,0.4465743698970536,0.20461765867765555,0.7206247781327654,0.4658536644243781,0.07937522186723467,0.5434859779907704,0.26262389763663435,0.8235711750088747,0.6351221548527282,0.07642882499112535,0.5988640397586085,0.3127370716819123,0.8906638267660631,0.8064570965913622,0.059336173233936806
nist302-registered:00002342/00002342_4F_X_452_IN_D800_1000PPI_8BPC_1CH_LP13-1_1,00002342,1,0.13743016759776536,0.09526662156934178,0.4569832402234637,0.231246038029057,0.043016759776536295,0.3094972067039106,0.18100955274834385,0.7821229050279329,0.4261218791222863,0.01787709497206713,0.4581005586592179,0.2323232457871907,0.9050279329608939,0.6276847502122938,0.005027932960893877,0.576536312849162,0.2768302218831868,0.9508379888268157,0.8356171299265919,0.0008379888268157387
nist302-registered:00002342/00002342_4F_X_462_IN_D800_1000PPI_8BPC_1CH_LP43-1_1,00002342,1,0.09510250569476082,0.06327695296751362,0.2591116173120729,0.15359571307604214,0.24088838268792712,0.19248291571753987,0.12022818451256609,0.4561503416856492,0.28210016559575146,0.3438496583143508,0.260250569476082,0.1543112042262983,0.5603644646924829,0.4131349439333252,0.3396355353075171,0.32403189066059224,0.1838701884623294,0.6372437357630979,0.5579122690644762,0.31275626423690206
nist302-registered:00002342/00002342_6E_X_153_BT_D800_1000PPI_8BPC_1CH_LP17-1_1,00002342,1,0.20132117017930168,0.08648201970327567,0.4787669078326518,0.2099226789791945,0.0212330921673482,0.3774771940861906,0.16431853517414022,0.7555835168291916,0.38644795484951355,0.044416483170808485,0.4806542938030827,0.2109005566558541,0.8804655552060396,0.581836665700777,0.01953444479396038,0.5599245045611828,0.25129073303708904,0.9644542308902171,0.829654848837274,0.014454230890217135
nist302-registered:00002326/00002326_1C_L_L01_BP_S06_1000PPI_8BPC_1CH_LP03-1_1,00002326,2,0.11544064093226511,0.09935622774672799,0.4905316824471959,0.2501767185813746,0.009468317552804084,0.32083029861616896,0.18877993205739427,0.7825928623452294,0.49177901336910396,0.017407137654770644,0.47159504734158775,0.24229641965932336,0.8557902403495994,0.6643466303964286,0.04420975965040064,0.5812090313182812,0.2887000281279427,0.9202476329206118,0.8037396845891113,0.02975236707938811
nist302-registered:00002326/00002326_1F_R_L01_BP_S06_1000PPI_8BPC_1CH_LP01-1_1,00002326,2,0.15344827586206897,0.116658693366516,0.6304597701149425,0.293269356105111,0.13045977011494247,0.4591954022988506,0.22165202141151977,0.9413793103448276,0.5636449923181249,0.14137931034482754,0.6114942528735632,0.2841622085638713,0.9971264367816092,0.7895375597221072,0.09712643678160915,0.7091954022988506,0.3373454784110454,0.9994252873563219,0.9375023898986544,0.0494252873563219
nist302-registered:00002326/00002326_1F_X_L01_BP_S06_1000PPI_8BPC_1CH_LP03-1_1,00002326,2,0.078125,0.1291805468751491,0.4671336206896552,0.3252736748838227,0.032866379310344807,0.2408405172413793,0.24544706874734162,0.9207974137931034,0.6590453827112849,0.12079741379310338,0.44342672413793105,0.3150279021992438,0.9919181034482759,0.8910115846799115,0.09191810344827589,0.5867456896551724,0.37533919557221823,0.9994612068965517,0.9807401410416383,0.04946120689655176
nist302-registered:00002326/00002326_1F_X_L01_BP_S06_1000PPI_8BPC_1CH_LP06-1_1,00002326,2,0.09591642924976258,0.11007945970487999,0.4890788224121557,0.27717595858464755,0.010921177587844277,0.2744539411206078,0.20915440728058707,0.9335232668566001,0.5488566759058316,0.1335232668566001,0.45109211775878444,0.2684467755007289,0.976258309591643,0.7810497819839365,0.07625830959164293,0.5963912630579298,0.31962783032757114,0.9943019943019943,0.9294631139693201,0.04430199430199433
nist302-registered:00002326/00002326_1G_L_L01_BP_S06_1000PPI_8BPC_1CH_LP04-1_1,00002326,2,0.10179640718562874,0.13775039853638105,0.5415639309616062,0.34674372041482715,0.041563930961606155,0.3166607960549489,0.26173005423339835,0.8175413878126101,0.6548813439855793,0.017541387812610054,0.5156745332863685,0.3358633984832259,0.9114124691792885,0.8063422013430107,0.011412469179288509,0.6333215921098978,0.3994779471881213,0.9771046143008102,0.8964322657902547,0.027104614300810237
nist302-registered:00002326/00002326_1G_R_L01_BP_S06_1000PPI_8BPC_1CH_LP08-1_1,00002326,2,0.07431551499348109,0.09742008519578352,0.29986962190352023,0.245301555734655,0.20013037809647977,0.21121251629726207,0.18510120081417064,0.6453715775749674,0.5043204322123314,0.1546284224250326,0.2842242503259452,0.23757481922538015,0.9178617992177314,0.7780653179682925,0.017861799217731344,0.36897001303780963,0.28290011814815963,0.9856584093872229,0.9303621797592596,0.03565840938722298
nist302-registered:00002326/00002326_4D_X_288_IN_D800_1000PPI_8BPC_1CH_LP01-1_1,00002326,2,0.168,0.05945798911398807,0.40941176470588236,0.14971386240531348,0.09058823529411764,0.3251764705882353,0.11297203406132333,0.6343529411764706,0.3115059647268768,0.16564705882352948,0.4028235294117647,0.14499803594784494,0.7755294117647059,0.4988669348286006,0.12447058823529411,0.4475294117647059,0.1727657503082113,0.8644705882352941,0.6960247141786672,0.08552941176470585
nist302-registered:00002326/00002326_6A_X_163_BT_D800_1000PPI_8BPC_1CH_LP01-1_1,00002326,2,0.37253844078769893,0.1107265486670391,0.643107634205557,0.2788058029966948,0.14310763420555705,0.560291340706771,0.21038389649411557,0.7998381440517939,0.5672831370020984,0.00016185594820616878,0.6344753169678986,0.27002442980365887,0.8783382789317508,0.8064865109232993,0.021661721068249262,0.6846506609117885,0.32171742204658577,0.9503641758834637,0.9263376415786262,0.0003641758834637132
nist302-registered:00002326/00002326_6C_X_083_BT_D800_1000PPI_8BPC_1CH_LP17-1_1,00002326,2,0.35627906976744184,0.09258791830852736,0.7804651162790698,0.23306342955182133,0.2804651162790698,0.6762790697674419,0.17590180435718553,0.9534883720930233,0.4866655529786884,0.15348837209302324,0.772093023255814,0.22572751479504807,0.9944186046511628,0.7577613748196197,0.09441860465116281,0.8251162790697675,0.26893293762959475,1.0,0.9449213140835685,0.050000000000000044
nist302-registered:00002326/00002326_6C_X_083_BT_D800_1000PPI_8BPC_1CH_LP25-1_1,00002326,2,0.2770167427701674,0.08476779233463515,0.7503805175038052,0.21342857509103344,0.2503805175038052,0.634703196347032,0.16106144969976197,0.9406392694063926,0.4243725385949987,0.1406392694063926,0.7397260273972602,0.20671977787024737,0.9923896499238964,0.677989361307334,0.09238964992389642,0.8006088280060882,0.24592807019621937,1.0,0.914358124086545,0.050000000000000044
nist302-registered:00002326/00002326_6C_X_083_BT_D800_1000PPI_8BPC_1CH_LP27-1_1,00002326,2,0.2550091074681239,0.11441637799193125,0.6739526411657559,0.28809293205326475,0.17395264116575593,0.5056466302367941,0.21739468731270584,0.8757741347905282,0.5656311849497931,0.07577413479052819,0.6564663023679417,0.27902078990423185,0.9322404371584699,0.7554122425720663,0.032240437158469915,0.7344262295081967,0.33237885670963624,0.9519125683060109,0.8942977441383995,0.0019125683060109422
nist302-registered:00002334/00002334_1C_L_L01_BP_S21_1000PPI_8BPC_1CH_LP06-1_1,00002334,2,0.1990632318501171,0.10469257852123978,0.5701275045537341,0.2610373478803972,0.07012750455373407,0.42987249544626593,0.1987618398142814,0.8155087171480614,0.42878628516922274,0.015508717148061346,0.5532136351808483,0.2534137671496349,0.9594067135050741,0.5741464259907069,0.059406713505074094,0.6411657559198543,0.2953851061016424,0.9994795732500651,0.7517610333501612,0.049479573250065134
nist302-registered:00002334/00002334_1D_L_L01_BP_S21_1000PPI_8BPC_1CH_LP01-1_1,00002334,2,0.245757385292269,0.1108190931364173,0.654934003771213,0.27869939460419224,0.15493400377121302,0.4619736015084852,0.21055973387278545,0.9811439346323068,0.538038193966224,0.1811439346323067,0.6310496543054682,0.27003832481365114,0.9987429289754871,0.7914094164613042,0.09874292897548709,0.7617850408548082,0.3201483683391108,1.0,0.964840309869185,0.050000000000000044
nist302-registered:00002334/00002334_1G_R_L01_BP_S21_1000PPI_8BPC_1CH_LP01-1_1,00002334,2,0.1460101867572156,0.09080835935411759,0.6502546689303905,0.22865338065051047,0.15025466893039052,0.43463497453310695,0.17253871546746913,0.966044142614601,0.48246439269324826,0.166044142614601,0.6112054329371817,0.2214510438412303,1.0,0.7964376890136078,0.09999999999999998,0.7453310696095077,0.26387519421533134,1.0,0.9756848610363179,0.050000000000000044
nist302-registered:00002334/00002334_1H_L_L01_BP_S21_1000PPI_8BPC_1CH_LP01-1_1,00002334,2,0.07314785870584557,0.07219428911832904,0.3522975929978118,0.17914918214866515,0.14770240700218817,0.2088152547671147,0.13682768482287483,0.620506408252579,0.32024746194814446,0.17949359174742108,0.33698030634573306,0.17382884467424037,0.7811816192560175,0.44187737978832436,0.11881838074398254,0.4120037511722413,0.20426674430026057,0.9393560487652391,0.564492315453324,0.010643951234760807
nist302-registered:00002334/00002334_1H_L_L01_BP_S21_1000PPI_8BPC_1CH_LP10-1_1,00002334,2,0.0682095006090134,0.14608600682040498,0.4884287454323995,0.366582764798508,0.011571254567600497,0.2862362971985384,0.2775574409802411,0.9576126674786846,0.6728997707741665,0.15761266747868452,0.46163215590742995,0.3553713633570357,0.9985383678440926,0.8626698590117121,0.09853836784409253,0.602679658952497,0.41931329196254213,1.0,0.9568601517911267,0.050000000000000044
nist302-registered:00002334/00002334_1H_R_L01_BP_S21_1000PPI_8BPC_1CH_LP04-1_1,00002334,2,0.1306562780940965,0.10028892692146002,0.4045549895115373,0.25139727291591385,0.09544501048846271,0.27270002996703624,0.19052333908418334,0.8945160323643991,0.48446739075838635,0.0945160323643991,0.38927180101887926,0.24370859591706975,0.9910098891219659,0.6723085360992647,0.09100988912196584,0.4956547797422835,0.2883780609721781,0.9991009889121966,0.8172117937016131,0.04910098891219661
nist302-registered:00002334/00002334_4G_X_066_IN_D800_1000PPI_8BPC_1CH_LP03-1_1,00002334,2,0.22137404580152673,0.10009723054089238,0.5260537670096249,0.2510783543353424,0.026053767009624917,0.42250248921340855,0.19012839363740927,0.6641221374045801,0.4720460158330212,0.1358778625954199,0.51543312313309,0.24334333527145904,0.7699966810487886,0.650541816134494,0.13000331895121142,0.5552605376700962,0.2881046533071637,0.8400265516096913,0.7903802546875238,0.10997344839030865
