sample_id,mask_family,observed_fraction,sampler,inference_steps,resampling_steps,samples_k,sampling_seconds,seconds_per_reconstruction,best_sample_index,pairwise_diversity_mae,mean_predictive_std,uncertainty_error_spearman,missing_roi_pixels,coverage_50,interval_width_50,coverage_80,interval_width_80,coverage_90,interval_width_90,single_mse,single_mae,single_psnr,single_ssim_map_mean,single_pixels,single_max_absolute_error,single_orientation_error,mean_mse,mean_mae,mean_psnr,mean_ssim_map_mean,mean_pixels,mean_max_absolute_error,mean_orientation_error,best_of_k_mse,best_of_k_mae,best_of_k_psnr,best_of_k_ssim_map_mean,best_of_k_pixels,best_of_k_max_absolute_error,best_of_k_orientation_error
socofing:000023:left_thumb,random_rectangles,0.10000000149011612,repaint,500.0,2.0,5.0,3.28330849998747,0.656661699997494,3.0,0.31420499885919184,0.26675182580947876,0.0963671934493816,11110.0,0.44356435643564357,0.3051835851101699,0.723042304230423,0.5018258567998047,0.7937893789378938,0.5673732806963495,0.12384840479409165,0.2875465584568458,9.071095828898935,0.06319821611504459,11110.0,0.913634330034256,0.7645881443758715,0.050520778198725615,0.18489960549880427,12.965299683936388,0.09069361653162454,11110.0,0.7092608064413071,1.1314298302298773,0.09163846118844769,0.24379599817050243,10.379222121820826,0.04391032864680106,11110.0,0.9700397253036499,1.1457286965657252
socofing:000030:left_thumb,irregular,0.30000001192092896,repaint,500.0,2.0,5.0,3.1295385000121314,0.6259077000024262,0.0,0.2604423365187298,0.22241730988025665,0.35269685603232137,7905.0,0.35205566097406704,0.2515012831230996,0.5626818469323213,0.4158136330904047,0.6188488298545225,0.4705844164128397,0.07998896011071843,0.20880450443479548,10.969699491811536,0.23613816410874844,7905.0,0.9618820548057556,0.15064471621967127,0.05772796515446546,0.19051832642493408,12.386137506212735,0.19391017466527222,7905.0,0.7784619778394699,0.12573375578705245,0.07998896011071843,0.20880450443479548,10.969699491811536,0.23613816410874844,7905.0,0.9618820548057556,0.15064471621967127
socofing:000032:left_thumb,central_missing,0.5,repaint,500.0,2.0,5.0,3.1313544170116074,0.6262708834023215,2.0,0.2345989228619146,0.1997738480567932,0.3401364969566541,8192.0,0.2452392578125,0.22234644626587396,0.4278564453125,0.3741330289194593,0.492431640625,0.42472855647065444,0.1150792610011902,0.2592586014046674,9.390029356601936,0.1393577605725585,8192.0,0.9764651954174042,0.07060913536742133,0.07943639910617581,0.2252533264485237,10.99980450864164,0.12061964516192941,8192.0,0.8737471699714661,0.07170001168230329,0.11413337346984834,0.25840495496947824,9.425873459891035,0.11211480154520337,8192.0,0.9680314064025879,0.07185833467509799
socofing:000039:left_thumb,peripheral_only,0.699999988079071,repaint,500.0,2.0,5.0,3.137337166001089,0.6274674332002178,2.0,0.2712609360140349,0.22995352745056152,0.427703501195955,2823.0,0.2975557917109458,0.26568356293589773,0.5069075451647184,0.4334597603146421,0.5731491321289408,0.48938515944089017,0.16645261120970845,0.31098028382694193,7.787093874999699,0.15577703744615964,2823.0,0.9916110038757324,0.014627183805200538,0.0787247262186666,0.22341084488203372,11.038888410366594,0.3274619311413162,2823.0,0.884288027882576,0.008733982861456716,0.10292748742881268,0.23326912140830022,9.87468628692352,0.38728013481025014,2823.0,0.971289873123169,0.022716973092689385
socofing:000052:left_thumb,disconnected_fragments,0.10000000149011612,repaint,500.0,2.0,5.0,3.1380981669935863,0.6276196333987173,4.0,0.22056444147758975,0.18911166489124298,0.19052467576628834,10542.0,0.2817302219692658,0.2039237006116334,0.479889963953709,0.351239032277548,0.5456270157465377,0.4003441428328528,0.12632963227617316,0.27823300093689446,8.984947680147569,0.07833929705154775,10542.0,0.9882247149944305,0.49452125360552807,0.06967302554675307,0.2072294383161187,11.569353298453722,0.08816199958474208,10542.0,0.8264463543891907,0.33448581534491945,0.0989534006413156,0.24078364506875558,10.045692761985581,0.06609777011256403,10542.0,0.9786300957202911,0.4012156324026035
socofing:000054:left_index,stripes,0.4000000059604645,repaint,500.0,2.0,5.0,3.134579917008523,0.6269159834017046,1.0,0.2172546666243383,0.18815498054027557,0.3484696513988886,6876.0,0.24752763234438627,0.20216680913210053,0.43600930773705643,0.34609868084971745,0.4944735311227458,0.3940759714222565,0.13338592891474682,0.2712573816462346,8.74889982390966,0.11910222469360338,6876.0,0.931593507528305,0.3302418849626852,0.07331315778547542,0.2088098325769332,11.348180739153905,0.1081374519193682,6876.0,0.8997293636202812,0.20979119163778742,0.09758802633123174,0.23278123247120236,10.106034652972118,0.07444256031254018,6876.0,0.9653914272785187,0.10674849033450563
socofing:000057:left_index,random_rectangles,0.30000001192092896,repaint,500.0,2.0,5.0,3.1331991660117637,0.6266398332023527,3.0,0.241292095872993,0.20482757687568665,0.2078295326805908,9460.0,0.246723044397463,0.23204472660703337,0.42938689217758985,0.3851426164701927,0.48372093023255813,0.4361752464245793,0.17579046343511107,0.32779334761920026,7.550046889314606,0.02099576113134273,9460.0,0.9999088048934937,0.1975317054036318,0.10512002809216109,0.2518856853190081,9.783145317238976,0.08350795611843757,9460.0,0.966057657264173,0.1854421108965806,0.1251999240933882,0.2674167981796089,9.023959344309615,0.10757296581278747,9460.0,0.9920656671747565,0.13190446597483035
socofing:000061:left_index,irregular,0.5,repaint,500.0,2.0,5.0,3.1366259999922477,0.6273251999984495,0.0,0.19640405371012137,0.16826798021793365,0.41495368122272264,4742.0,0.24884015183466893,0.1762474555536344,0.43462673977224797,0.31223082612054553,0.49029945170814004,0.35755861630951585,0.08819977631375663,0.21358257018988902,10.545325162947602,0.3076317715023464,4742.0,0.9773828973993659,0.05138416330689254,0.0642273635395875,0.19022938056673364,11.92279904915824,0.32616554394541997,4742.0,0.8866589590907097,0.043338337601906494,0.08819977631375663,0.21358257018988902,10.545325162947602,0.3076317715023464,4742.0,0.9773828973993659,0.05138416330689254
socofing:000064:left_index,central_missing,0.699999988079071,repaint,500.0,2.0,5.0,3.1403800420230255,0.6280760084046051,4.0,0.2498756330580823,0.21258997917175293,0.12879232006668567,4915.0,0.25066124109867755,0.24146325468774488,0.41180061037639876,0.39895977505589797,0.4644964394710071,0.4514586151786155,0.17737330783791685,0.325632271901747,7.511117347348117,0.12895608920152837,4915.0,0.9999088048934937,0.2152847906346969,0.12070439721611209,0.27608915412569246,9.182769084286805,0.1277674107353129,4915.0,0.9636708493344486,0.30390635272303895,0.1388630489944613,0.288536140682803,8.574133032380958,0.078060994597265,4915.0,0.9959872360341251,0.3064289626890812
socofing:000066:left_index,central_only,0.10000000149011612,repaint,500.0,2.0,5.0,3.1383920420194045,0.6276784084038809,3.0,0.23490561024329398,0.19991284608840942,0.3178091950928906,9859.0,0.22203063190993003,0.2275147341831858,0.3800588294958921,0.3751098887832597,0.42732528654021706,0.42430827364995083,0.14252640059702007,0.290281505138466,8.461046825212101,0.05631097679431408,9859.0,0.9999088048934937,0.19797717128554998,0.09004867535456378,0.240653432226807,10.455226714111856,0.08459878867930638,9859.0,0.8802649956196547,0.3321640070015644,0.1211324578302554,0.2604170634434136,9.167394706650633,0.11285707481559075,9859.0,0.9891900415532291,0.41163823148787076
socofing:000068:left_index,disconnected_fragments,0.30000001192092896,repaint,500.0,2.0,5.0,3.1387643750058487,0.6277528750011697,1.0,0.2675612420553069,0.22747032344341278,0.4495616569718528,7730.0,0.30543337645536867,0.2821824808902605,0.4540750323415265,0.42956011117198645,0.5051746442432082,0.4786859879325617,0.19720842735310892,0.33204603830628326,7.050745301922197,0.1496277777318001,7730.0,0.9999088048934937,0.284851618785057,0.0773378045893851,0.21766696817685582,11.116081605309702,0.1831061702068258,7730.0,0.9128094837069511,0.07532344953163667,0.0912177685170165,0.21543391245347418,10.399205562191762,0.15906576848559353,7730.0,0.9968618154525757,0.09097377772953547
socofing:000077:left_index,stripes,0.5,repaint,500.0,2.0,5.0,3.1777093749842606,0.6355418749968521,1.0,0.25219367345004223,0.21318930387496948,0.31258009887813304,5846.0,0.269414984604858,0.24696240775743414,0.4464591173451933,0.40298675095080677,0.5005131713992473,0.4549948653485977,0.11852188073123887,0.26228760480718244,9.262014656570688,0.08681548276622092,5846.0,0.9907683730125427,0.09424018129733949,0.08106621711559112,0.2281498824424017,10.911600924835964,0.1473981497932788,5846.0,0.8880447149276733,0.12111064629083831,0.10683141964192336,0.24429944212721444,9.713010003942793,0.1669177064717514,5846.0,0.9612011890858412,0.22943659524675367
socofing:000081:left_index,random_rectangles,0.4000000059604645,repaint,500.0,2.0,5.0,3.1289790000009816,0.6257958000001963,2.0,0.28409939606514756,0.23975758254528046,0.08152233913687049,8883.0,0.27907238545536417,0.27908311500603533,0.4508611955420466,0.4540574055983249,0.5116514690982776,0.5123821691290882,0.18061278448933976,0.33854169016607505,7.432515118482881,0.05294868578626072,8883.0,0.9983357191085815,0.37221873467254935,0.11082326837558107,0.2728150712678338,9.553690458694144,0.058151030972715546,8883.0,0.9830803265795112,0.6155461754551651,0.15745232509106075,0.3175395544281087,8.028509217739478,0.05338311356575941,8883.0,0.9832752337679267,0.8534595427778673
socofing:000089:left_index,irregular,0.6000000238418579,repaint,500.0,2.0,5.0,3.1324059999897145,0.6264811999979429,3.0,0.18440036108548627,0.15706604719161987,0.439496102431692,4262.0,0.2400281557954012,0.16864598120450414,0.3979352416705772,0.2934651397486798,0.44791177850774283,0.33507152593007167,0.08601175775364649,0.20746339332720537,10.654421769134503,0.3099809700545031,4262.0,0.9294604063034058,0.1496904358482155,0.06209306425403428,0.1832864402018921,12.069569074630698,0.3245043014982402,4262.0,0.9166604839265347,0.06521220479122647,0.08683666670134245,0.20493001598975802,10.612968556574778,0.31042806678353047,4262.0,0.9505093060433865,0.08373104481755016
socofing:000093:left_index,central_missing,0.800000011920929,repaint,500.0,2.0,5.0,3.132192999997642,0.6264385999995283,3.0,0.2916904210644158,0.24549423158168793,0.2406450190118343,3277.0,0.34940494354592616,0.29349595262831873,0.5480622520598109,0.46688522685945566,0.6063472688434544,0.5246816516031679,0.14091098942714947,0.29321808648174347,8.510551356240729,0.09383911366221907,3277.0,0.9907446205615997,0.08453608551521209,0.07595025524411546,0.2250074711847092,11.194707622761834,0.18967746842016672,3277.0,0.8338088355958462,0.04706311735563222,0.11335881756158918,0.2584339816691362,9.455446928343017,0.24530400930817498,3277.0,0.98660609126091,0.05386761018246532
socofing:000096:left_middle,central_only,0.30000001192092896,repaint,500.0,2.0,5.0,3.1366627080133185,0.6273325416026637,4.0,0.24803121419854843,0.21376292407512665,0.45839657232359304,5821.0,0.3760522247036592,0.23717071556016928,0.6351142415392544,0.3957638928538396,0.6985054114413332,0.44862828528506304,0.08552493308044232,0.21407487078108567,10.679072569593979,0.15312318569910677,5821.0,0.9580391645431519,0.26005382147939377,0.04580648054879076,0.1659056334652719,13.390730751079332,0.22988767189208215,5821.0,0.771122470498085,0.25862947972185196,0.061466803726421576,0.18044002505370973,12.113593696035343,0.21048761792539705,5821.0,0.9339533746242523,0.1480455088754474
socofing:000097:left_middle,disconnected_fragments,0.5,repaint,500.0,2.0,5.0,3.1832109169918112,0.6366421833983622,1.0,0.26611694218804605,0.22404730319976807,0.3502502295954827,4880.0,0.3030737704918033,0.26031697422388145,0.4903688524590164,0.42520711070445716,0.5454918032786885,0.4801704895313158,0.14735901487289857,0.29309213314936344,8.316232904906995,0.08783175626293196,4880.0,0.9953404664993286,0.2790008889777389,0.06830012680131485,0.21289865583606965,11.65578490036473,0.14300406596930398,4880.0,0.8728107362985611,0.1954749875504292,0.09927449594307255,0.23743197952948708,10.031623093479162,0.09822788991461004,4880.0,0.9724578559398651,0.13508491989831994
socofing:000103:left_middle,stripes,0.699999988079071,repaint,500.0,2.0,5.0,3.135006999975303,0.6270013999950607,4.0,0.26062325431201916,0.22034500539302826,0.44731441874435374,2207.0,0.26189397371998185,0.2519688061664263,0.4472134118713185,0.41613176208467145,0.5038513819664703,0.4708527473907531,0.13580720557346265,0.28184127919759905,8.670771869202078,0.1325321856585222,2207.0,0.999908834695816,0.19520652441408806,0.07110454664054103,0.2138529104091173,11.481026282749248,0.2837571320593816,2207.0,0.8564121648669243,0.14789265876667826,0.10311840290843965,0.22819149888200346,9.8666382192912,0.27011725105413886,2207.0,0.999908834695816,0.19256658283180758
socofing:000107:left_middle,random_rectangles,0.6000000238418579,repaint,500.0,2.0,5.0,3.1408994999947026,0.6281798999989405,3.0,0.18538013829829844,0.15984882414340973,0.3549134915740204,5170.0,0.1990328820116054,0.17755644675956703,0.33500967117988395,0.2958258521234044,0.3736943907156673,0.33524898724468344,0.11246359393158663,0.24126830271254265,9.489880421167015,0.15057073526583536,5170.0,0.9999088048934937,0.13144310517186827,0.08239831275734061,0.21793454833899767,10.840816811145203,0.15989177854556552,5170.0,0.9207639656960964,0.0971923177307766,0.10801956112458569,0.23711398351258406,9.664975915573052,0.13646350554689451,5170.0,0.9883667225949466,0.07429294461951182
socofing:000112:left_middle,irregular,0.800000011920929,repaint,500.0,2.0,5.0,3.1842013329733163,0.6368402665946633,4.0,0.1351091750393305,0.11424410343170166,0.5489171304859948,1657.0,0.26735063367531686,0.12103941493460264,0.43633071816535907,0.21476770405245604,0.4948702474351237,0.2460104670917405,0.04995179969605835,0.1523642227746092,13.014488601109296,0.26427344644539746,1657.0,0.8223492354154587,0.09994446274074185,0.031537870714387635,0.1256975427980371,15.0116763149564,0.3872062269377309,1657.0,0.7394693866372108,0.08948709342061621,0.04596731574195458,0.14649083946905153,13.375508561038052,0.3483177290888189,1657.0,0.8020450472831726,0.16483708399743
socofing:000115:left_middle,peripheral_only,0.20000000298023224,repaint,500.0,2.0,5.0,3.1832684580003843,0.6366536916000769,0.0,0.26331823116152764,0.22381168603897095,0.2508125021801768,8108.0,0.35816477553034043,0.2545118636585364,0.5716576221016281,0.4204285331081451,0.627898371978293,0.4757340895913479,0.1078062315794488,0.24781604320035772,9.67356134674803,0.11612846678387151,8108.0,0.9771605711430311,0.34689848338415546,0.07344057731169222,0.2072099408225676,11.340639178321844,0.10435242399450022,8108.0,0.9217716436833143,0.6891230983058032,0.1078062315794488,0.24781604320035772,9.67356134674803,0.11612846678387151,8108.0,0.9771605711430311,0.34689848338415546
socofing:000118:left_middle,central_only,0.4000000059604645,repaint,500.0,2.0,5.0,3.1847104580083396,0.6369420916016679,4.0,0.21053434968153212,0.1780310422182083,0.5724240989682149,3760.0,0.26595744680851063,0.20179081319018882,0.45,0.33598060584131706,0.49707446808510636,0.38071053672502647,0.1181949002158452,0.24533877872881737,9.274012616603308,0.2003415990236789,3760.0,0.9670916795730591,0.25216332429879623,0.08026746983400321,0.207389313210436,10.95460426501851,0.277348246377838,3760.0,0.8281398266553879,0.186838200050629,0.08633017206863626,0.2046176922448138,10.638373934756746,0.28232059786746344,3760.0,0.9624137580394745,0.3237221313350375
socofing:000132:left_middle,disconnected_fragments,0.6000000238418579,repaint,500.0,2.0,5.0,3.269267666997621,0.6538535333995241,1.0,0.2894481473003549,0.24455015361309052,0.39023880818786577,4078.0,0.3300637567435017,0.2975869873112005,0.4941147621383031,0.4639309196816525,0.5468366846493379,0.5193788971384697,0.14157656720358702,0.2842672622025875,8.490086221852568,0.1373741930913775,4078.0,0.999908834695816,0.07509767146865112,0.07983131272014768,0.22443950975856408,10.978267292729916,0.25813668967972586,4078.0,0.9326220229268074,0.08232729620606334,0.11805927581790333,0.25332569997289955,9.278998850929122,0.2686706243841175,4078.0,0.999908834695816,0.11651534735008406
socofing:000138:left_middle,stripes,0.800000011920929,repaint,500.0,2.0,5.0,3.2784675000002608,0.6556935000000521,3.0,0.2189244816437864,0.1881934404373169,0.3463805055238605,1966.0,0.21871820956256358,0.2069219923061854,0.3662258392675483,0.3490789216962981,0.42268565615462866,0.39646456482633563,0.10784010586216966,0.23907796023929886,9.672196944796237,0.11458942981924841,1966.0,0.9881994118914008,0.10645895927203637,0.07081637538720699,0.2107858229690997,11.498663056154593,0.18900949040788906,1966.0,0.8319841017946601,0.050405391446336156,0.08968563238200816,0.2154587474388723,10.47277125261267,0.16928137659987283,1966.0,0.9181039929389954,0.08522121796478489
socofing:000153:left_middle,random_rectangles,0.699999988079071,repaint,500.0,2.0,5.0,3.310620459000347,0.6621240918000695,2.0,0.1967149804356915,0.1667754203081131,0.2862390648808892,4022.0,0.2854301342615614,0.1862947832791145,0.4659373446046743,0.3137019489814487,0.5188960716061661,0.3561710042155601,0.08958645167112105,0.21972753995962807,10.477576645495965,0.16252040673273718,4022.0,0.9737815242260695,0.09898287935551836,0.06106182959868805,0.1841479784050472,12.142301870548788,0.20106296156612624,4022.0,0.975720701739192,0.10701780282982253,0.08888889793327134,0.21623175157084024,10.511524782582228,0.16224702490206933,4022.0,0.9974447190761566,0.12482137274158231
socofing:000161:left_ring,central_missing,0.20000000298023224,repaint,500.0,2.0,5.0,3.3671666659938637,0.6734333331987727,2.0,0.3064131523164612,0.26061081886291504,0.17166363493998657,8669.0,0.34213865497750606,0.30607962400350264,0.5617718306609759,0.49022769087504214,0.6233706309839658,0.5516103798322219,0.12176194688977741,0.2731181996433398,9.144884164479482,0.06241076757505542,8669.0,0.9980181455612183,0.45487055973059676,0.07987718936213976,0.2314317757367451,10.975772250480611,0.06427096784648759,8669.0,0.8528479915112257,0.24694526629776076,0.1093333522541682,0.25686209738053223,9.612473358505431,0.07305380168508345,8669.0,0.9749881029129028,0.3345803006710831
socofing:000163:left_ring,peripheral_only,0.4000000059604645,repaint,500.0,2.0,5.0,3.389730333001353,0.6779460666002706,4.0,0.23394849938557766,0.19733288884162903,0.26691197939603184,4372.0,0.34766697163769444,0.21631414319191739,0.5683897529734675,0.37255416339755826,0.6296889295516926,0.4246341701327719,0.09364215780795834,0.23778110097545008,10.285285873580266,0.08079652582177682,4372.0,0.9309734404087067,0.28166743594026056,0.04527185087909151,0.17008910656029874,13.441717495925719,0.18417366564881474,4372.0,0.7437807321548462,0.24917035934498138,0.05228831816430297,0.17175233389156352,12.815953268777317,0.1610025355167908,4372.0,0.8004743456840515,0.20547421101580435
socofing:000185:left_ring,central_only,0.6000000238418579,repaint,500.0,2.0,5.0,3.4338312079780735,0.6867662415956147,0.0,0.20784613247849476,0.17769020795822144,0.4428110753865991,2175.0,0.2620689655172414,0.19399583516449764,0.4436781609195402,0.3311687822341919,0.5020689655172413,0.37689309792409,0.055063029274969755,0.17568701276919624,12.591398997132245,0.19515829491510608,2175.0,0.8719150945544243,0.23472085819802752,0.062073316421054466,0.1825487889323769,12.070950507337097,0.3004695405634745,2175.0,0.8728975020349026,0.48093398413742683,0.055063029274969755,0.17568701276919624,12.591398997132245,0.19515829491510608,2175.0,0.8719150945544243,0.23472085819802752
socofing:000200:left_ring,disconnected_fragments,0.800000011920929,repaint,500.0,2.0,5.0,3.4736957080021966,0.6947391416004394,1.0,0.23991569091742107,0.2059132158756256,0.5659348661430474,1480.0,0.23716216216216215,0.21541574551044285,0.4047297297297297,0.3814151109271759,0.4581081081081081,0.4367482327327535,0.09942476784689654,0.22111944984078308,10.025054144021228,0.22332607474370134,1480.0,0.9580894107930362,0.37582401838452906,0.05436057950326076,0.18209966528669905,12.647159221800342,0.2689629104458542,1480.0,0.7571905553340912,0.13623747985014853,0.08661881818400614,0.20913944719799768,10.62387746023703,0.20072074896558312,1480.0,0.9634371995925903,0.20261354241957574
socofing:000203:left_ring,severe_partial,0.20000000298023224,repaint,500.0,2.0,5.0,3.5556438329804223,0.7111287665960845,3.0,0.3115895820817356,0.2656531035900116,0.2248204199797169,6770.0,0.28301329394387004,0.3074553266982032,0.4519940915805022,0.4981299057924237,0.5104874446085672,0.5616880988238305,0.15481111122017144,0.30470657397344975,8.101978720224265,0.062128129854292564,6770.0,0.9978238344192505,0.19724844438147832,0.1038838177218336,0.265817434816419,9.83452098462648,0.07811416769584449,6770.0,0.9651963706128299,0.14231015578735096,0.16265846075433077,0.3015417504425613,7.887233417682166,0.0821620242845368,6770.0,0.9999088048934937,0.2661009480312766
socofing:000206:left_ring,irregular,0.10000000149011612,repaint,500.0,2.0,5.0,3.606507958000293,0.7213015916000586,1.0,0.2625250355106259,0.22476859390735626,0.35233748069860993,10753.0,0.28066586069004,0.25393730092689426,0.462475588207942,0.41918128335862825,0.5187389565702595,0.47426261083587296,0.15926325688117768,0.30342566446286595,7.978844073397583,0.11773281619751677,10753.0,0.9999088048934937,0.35981911458803356,0.09718186415223842,0.2449434597774357,10.12414774512921,0.16836356647916959,10753.0,0.9555332656018436,0.05813762261879656,0.12463640674906268,0.2635964903080004,9.043550801428593,0.13174445586308617,10753.0,0.9999088048934937,0.16180252061846687
socofing:000214:left_ring,central_missing,0.30000001192092896,repaint,500.0,2.0,5.0,3.6562559170124587,0.7312511834024917,2.0,0.27589319542527596,0.2334100902080536,0.18883844810072373,6682.0,0.2497755163124813,0.260828207247238,0.4057168512421431,0.4399226138626377,0.46393295420532776,0.4996207494011041,0.14548351860568184,0.293077954652894,8.371862038191932,0.019456783185107438,6682.0,0.999908834695816,0.8562588937583734,0.10062959498732169,0.2608346378666133,9.972742752494057,0.052791285367212615,6682.0,0.9436855912208557,0.3963814302678393,0.14168395567729566,0.2885627767368142,8.486793265720753,0.03800897547524776,6682.0,0.999908834695816,0.5811118998401958
socofing:000217:left_ring,peripheral_only,0.5,repaint,500.0,2.0,5.0,3.737819749978371,0.7475639499956742,3.0,0.21359564230359834,0.18224774301052094,0.22116801029392433,4263.0,0.18601923528031902,0.20362930602096713,0.3098756744076941,0.3407563940574943,0.35374149659863946,0.38646542340300327,0.19595332286315828,0.3366093983248474,7.078473676087005,0.1735448573303101,4263.0,0.9999088048934937,0.10500905887084533,0.15123615254764727,0.3008481216982423,8.203443796338885,0.20291251751650888,4263.0,0.9858464593999088,0.08555673842402967,0.16666876592724805,0.3110805057590413,7.7814578023437395,0.14531897064875363,4263.0,0.995607792865485,0.10603730590152347
socofing:000241:left_ring,central_only,0.699999988079071,repaint,500.0,2.0,5.0,3.9005329580104444,0.7801065916020888,4.0,0.22016701600091024,0.1881992667913437,0.6646564798122871,352.0,0.20170454545454544,0.19776676866141232,0.3778409090909091,0.35002720086750655,0.42045454545454547,0.40078067826953795,0.06667735143578311,0.15577596771022814,11.760216595889236,0.5056523619605326,352.0,0.8007247298955917,0.16478981708887822,0.04547428404353493,0.1623208463742313,13.422341298321482,0.5700580091845232,352.0,0.6483468115329742,0.056495142781369814,0.05307799031339542,0.13898602854037148,12.750855291445616,0.6075470848998694,352.0,0.8903928399085999,0.13134116470453502
socofing:000249:left_ring,stripes,0.10000000149011612,repaint,500.0,2.0,5.0,3.9738099169917405,0.7947619833983481,2.0,0.3502580140702232,0.2984701097011566,0.07071872111160714,8514.0,0.32006107587502935,0.36111045805030734,0.515973690392295,0.5614980669103656,0.5990133897110641,0.628293936530385,0.3143933127231542,0.49149991382969666,5.025267001590933,0.03853854607707792,8514.0,0.8850599527359009,0.41517979560647505,0.11870255766284875,0.29915887662265356,9.255399232788138,0.06237897452299647,8514.0,0.800377830862999,0.16639085610575013,0.1061087350702194,0.24753843571764078,9.742488626901466,0.02554326168463153,8514.0,0.9987899661064148,0.6922034881608595
socofing:000256:left_little,random_rectangles,0.10000000149011612,repaint,500.0,2.0,5.0,4.156884832977084,0.8313769665954169,2.0,0.31055641606917733,0.2627612054347992,0.18588676798073203,9591.0,0.30340944635595873,0.31008870995227417,0.4980711083307267,0.49684349509899345,0.5630278385986862,0.5590950901478998,0.1490150197049393,0.30604568346034644,8.267699554385445,0.039618627219140626,9591.0,0.999908834695816,0.7371468657404486,0.09906797077261327,0.26013658228268655,10.040667326497452,0.05686157660441977,9591.0,0.9170937836170197,0.5484963706585922,0.13821282576309313,0.28856952250173357,8.594516537803297,0.052177343202748847,9591.0,0.9803174138069153,0.24084289009322682
socofing:000263:left_little,irregular,0.30000001192092896,repaint,500.0,2.0,5.0,4.193076374998782,0.8386152749997564,4.0,0.23231970647653638,0.1960732340812683,0.28236607216616805,6201.0,0.3859054991130463,0.2316738272449544,0.6026447347202064,0.3716469424393,0.6582809224318659,0.4183046475040818,0.08647244272315893,0.22648175004037652,10.631222726514771,0.10344431228273986,6201.0,0.9987001121044159,0.817943120760796,0.038368644600366285,0.15503965915715265,14.160235422918761,0.1578186762031277,6201.0,0.7594660073518753,0.6259418605191439,0.06078948104618992,0.18735863580768713,12.161715641289344,0.13791811678344146,6201.0,0.8463753163814545,0.5491468899731254
socofing:000274:left_little,central_missing,0.5,repaint,500.0,2.0,5.0,4.26285479098442,0.852570958196884,2.0,0.22973654573530986,0.19726267457008362,0.09370663331746992,8099.0,0.24175824175824176,0.2191030438821512,0.396345227805902,0.3665151229911799,0.44511668107173724,0.41565248269418953,0.13482880957094415,0.2860774681201969,8.702172999308385,0.05110863952992572,8099.0,0.9920656671747565,0.08796453056169118,0.10468669521739618,0.25571894655574506,9.801085099241346,0.062231976808776526,8099.0,0.9892695546150208,0.08382548583079336,0.13434258823326004,0.28109863566433413,8.717862888749421,0.06800929669074525,8099.0,0.9919534921646118,0.14549243602620782
socofing:000284:left_little,peripheral_only,0.699999988079071,repaint,500.0,2.0,5.0,4.274367416015593,0.8548734832031186,1.0,0.1955464029399148,0.16596920788288116,0.5365894846045871,2466.0,0.26034063260340634,0.18041284654262293,0.4148418491484185,0.3113608890641345,0.46228710462287104,0.3550102365713049,0.06084356174536205,0.18341951023874878,12.1578537053817,0.1850291996086137,2466.0,0.7981744259595871,0.47909847545943407,0.04086171247586538,0.1622604502414845,13.886834364496742,0.23411251263721772,2466.0,0.5953065156936646,0.21704966246080157,0.03831098304511772,0.13910915955768208,14.166767040442625,0.19810247722292984,2466.0,0.8239423334598541,0.19896490480054432
socofing:000289:left_little,disconnected_fragments,0.10000000149011612,repaint,500.0,2.0,5.0,4.296798291994492,0.8593596583988983,1.0,0.30030354744320104,0.25775569677352905,0.17590935565058385,8209.0,0.29479839200877084,0.2947780912832099,0.47374832500913633,0.47993313029312246,0.5294189304421976,0.54165147662976,0.16510981494471408,0.3203472745769204,7.822271093560271,0.05580389808220747,8209.0,0.9999088048934937,0.3191141557412179,0.114656303829458,0.27307044796090635,9.406020626690017,0.08401099903836011,8209.0,0.9734576344490051,0.36215236353780667,0.14845915089254655,0.29934372764669803,8.283930277098875,0.06542795623903622,8209.0,0.999908834695816,0.4081082914454096
socofing:000291:left_little,stripes,0.30000001192092896,repaint,500.0,2.0,5.0,4.316661499993643,0.8633322999987285,1.0,0.28069787954140984,0.23768073320388794,0.20786945165402487,5673.0,0.2959633350960691,0.2670368022301326,0.4988542217521594,0.4477504995351281,0.5605499735589635,0.5079883986367932,0.1391852299881416,0.29421881181812587,8.564068485974643,0.0597287606286573,5673.0,0.999908834695816,0.8295362782378891,0.08684197751112552,0.23851025685996,10.612702956230603,0.10974713040778541,5673.0,0.9039487987756729,0.316639614965533,0.12737722267792093,0.27740041150480166,8.949082246668986,0.052548386854816775,5673.0,0.999908834695816,0.26853880010724296
socofing:000293:left_little,random_rectangles,0.20000000298023224,repaint,500.0,2.0,5.0,4.2019593750010245,0.8403918750002048,2.0,0.33087750266028837,0.27784696221351624,0.12599787968882972,7786.0,0.3662984844592859,0.33491262443690933,0.5593372720267146,0.5298075164341235,0.6203442075520165,0.5947724804331948,0.1702391662656361,0.3298513726980205,7.6894051630656985,0.01964402671733259,7786.0,0.999908834695816,0.9571696027957224,0.08317836374165331,0.24026475843986375,10.799896271901332,0.06792595835025089,7786.0,0.8235344141721725,0.544158575611346,0.12673763855727097,0.2769259889622671,8.970943891399326,0.0514358067895133,7786.0,0.9967441260814667,0.5327100356775932
socofing:000302:left_little,irregular,0.4000000059604645,repaint,500.0,2.0,5.0,4.154752207978163,0.8309504415956326,2.0,0.15780933696636196,0.13305044174194336,0.4475685087820418,6181.0,0.3303672544895648,0.1455542256031351,0.5436013590033975,0.2512694280098565,0.5958582753599742,0.28650782881209697,0.053300096134167786,0.17001838043339332,12.732720076619655,0.1763763267353322,6181.0,0.7950690686702728,0.22419587833661814,0.03209653258027636,0.13182164490213288,14.935418823175704,0.24642588533212736,6181.0,0.6977807879447937,0.18297358757086105,0.04761483149122518,0.1566078584931117,13.222577482982722,0.1997860516129249,6181.0,0.8159727156162262,0.19551063228720825
socofing:000303:left_little,central_missing,0.6000000238418579,repaint,500.0,2.0,5.0,4.1159059169876855,0.8231811833975371,0.0,0.21810126997674256,0.18909062445163727,0.20067839965658368,6114.0,0.2613673536146549,0.19488897142181766,0.48985933922145897,0.34664080210729564,0.558717697088649,0.3972247456691216,0.09270358133242025,0.2357887060222748,10.329034878310765,0.07962801178391896,6114.0,0.9301504790782928,0.11960056634350523,0.061175953923810214,0.19676229530213646,12.134192499186835,0.11876188323344448,6114.0,0.7615966647863388,0.17333924521684826,0.09270358133242025,0.2357887060222748,10.329034878310765,0.07962801178391896,6114.0,0.9301504790782928,0.11960056634350523
socofing:000308:left_little,peripheral_only,0.800000011920929,repaint,500.0,2.0,5.0,4.001733500015689,0.8003467000031378,4.0,0.2030814762571252,0.17091968655586243,0.3671991967887837,1313.0,0.3115003808073115,0.1894993182138369,0.5277989337395278,0.3235721462070715,0.5902513328255903,0.368263088871483,0.0801618422939132,0.2183778395951475,10.96032310328046,0.14225328211443752,1313.0,0.8108895421028137,0.5098936937741156,0.04184229532168771,0.16501937281150267,13.783844996139912,0.27124781821679267,1313.0,0.5731965154409409,0.4296948095014308,0.05455896661552299,0.17495365971975987,12.631338641108563,0.25042281639859537,1313.0,0.7642523944377899,0.6359744706976411
socofing:000309:right_thumb,disconnected_fragments,0.30000001192092896,repaint,500.0,2.0,5.0,4.024413083010586,0.8048826166021172,2.0,0.2737634339141507,0.23191328346729279,0.2777835226849941,7599.0,0.28490590867219373,0.27582523949931587,0.4541387024608501,0.43822767482115765,0.5034873009606528,0.49236181992843814,0.1400088006294404,0.2901394506611846,8.538446647169216,0.10372261693321394,7599.0,0.9947257633320987,0.15510353790081316,0.1036541872066572,0.2543354141864186,9.844131494889268,0.2116082151945845,7599.0,0.9944220776669681,0.16715590810351785,0.14145499592883867,0.28630083324343547,8.493817094582369,0.19810853620031416,7599.0,0.9999088048934937,0.1274944444928028
socofing:000317:right_thumb,stripes,0.5,repaint,500.0,2.0,5.0,4.035343332972843,0.8070686665945687,4.0,0.2212192577867162,0.1887197345495224,0.26892575204450564,6782.0,0.26894721321144205,0.2056638175971527,0.45296372751400765,0.3523952684397896,0.5075199056325568,0.4013057520540019,0.12691386220792703,0.2705929054993591,8.96490939358296,0.07412751769844846,6782.0,0.9790242295712233,0.12297350809633241,0.07945154069478297,0.21543428784603513,10.998976766975723,0.08283370195023763,6782.0,0.9588927011936903,0.11998384971843423,0.11200410082990031,0.2478667683317841,9.507660761227376,0.08996858713224622,6782.0,0.9941014642827213,0.17667366299450193
socofing:000318:right_thumb,random_rectangles,0.4000000059604645,repaint,500.0,2.0,5.0,3.985746749996906,0.7971493499993813,4.0,0.2617201626422559,0.22302493453025818,0.23185540799802784,9302.0,0.2829499032466136,0.2524940084863852,0.46119114168995917,0.4178296448120223,0.5134379703289615,0.4729415235872347,0.12690843275131172,0.27328672094931983,8.965095191528606,0.08722754534797962,9302.0,0.999908834695816,0.6701073761351701,0.09138888251602,0.23933490134590016,10.39106633102197,0.09695193156142523,9302.0,0.9523106208071113,0.23833260492072186,0.13464692493762875,0.2727672237992688,8.708035605433663,0.09989753543455487,9302.0,0.9999088048934937,0.22160388934583472
socofing:000319:right_thumb,irregular,0.6000000238418579,repaint,500.0,2.0,5.0,3.978545457997825,0.795709091599565,3.0,0.24554780564720963,0.2079591602087021,0.360131321882421,5279.0,0.2593294184504641,0.23547606245544198,0.4169350255730252,0.3918693147163586,0.47300625118393635,0.44400039880333086,0.11784973745620023,0.2572828463125578,9.286713806530262,0.2083174645769402,5279.0,0.999908834695816,0.15270287914165373,0.07462388067338911,0.2179902211428119,11.271221700470477,0.26293641084062735,5279.0,0.8836263567209244,0.10792636874687393,0.11558123484815942,0.2545721319544306,9.37112669924344,0.20365238176999795,5279.0,0.9998404085636139,0.14341337172651372
socofing:000321:right_thumb,central_missing,0.800000011920929,repaint,500.0,2.0,5.0,3.97691754202242,0.795383508404484,4.0,0.3047932429578488,0.256553590297699,0.15485976968282975,3277.0,0.3411657003356729,0.3055610731494183,0.5425694232529753,0.48774597175171513,0.6057369545315837,0.5484742712858139,0.15181607570553685,0.30890955740706993,8.18682238845306,0.08280123462299126,3277.0,0.9959872360341251,0.13654621746605003,0.08839966853986661,0.24361588024108838,10.53549363398429,0.08208497567872136,3277.0,0.8285461654886603,0.15584453866914738,0.14201166022818804,0.2960123739216385,8.476759953010355,0.06542471521922345,3277.0,0.9920656979084015,0.137115966611957
socofing:000339:right_thumb,central_only,0.20000000298023224,repaint,500.0,2.0,5.0,3.9423181659949478,0.7884636331989896,0.0,0.2090432531889665,0.17864446341991425,0.33996596837625254,9236.0,0.25086617583369425,0.19841058378342996,0.4183629276743179,0.3334059381617928,0.4706582936336076,0.378404389621247,0.10345638701769484,0.23344239729311198,9.852426924229409,0.09422160442399537,9236.0,0.9963700175285339,0.1439175667833424,0.07765102255011949,0.207783714980006,11.09852820876178,0.10098125267388837,9236.0,0.9875745172612369,0.19338601937381017,0.10345638701769484,0.23344239729311198,9.852426924229409,0.09422160442399537,9236.0,0.9963700175285339,0.1439175667833424
socofing:000345:right_thumb,disconnected_fragments,0.4000000059604645,repaint,500.0,2.0,5.0,3.9715809999906924,0.7943161999981385,4.0,0.20572122639499563,0.18164314329624176,0.18725696087408567,7349.0,0.19118247380595998,0.17476960215329768,0.34249557762960947,0.3260587998078232,0.3963804599265206,0.37648853235933183,0.18975742935529982,0.33161333217002337,7.218012116651686,0.09008500798339619,7349.0,0.9999088048934937,0.6353083384829131,0.14373143177451123,0.2895494568663065,8.424482481947347,0.10693316463386991,7349.0,0.9944733381271362,0.25280432139132836,0.13129787834008874,0.27517302286164735,8.817422916762222,0.08487475045793025,7349.0,0.9999088048934937,0.14953592115021738
socofing:000356:right_thumb,stripes,0.6000000238418579,repaint,500.0,2.0,5.0,3.944690834003268,0.7889381668006535,2.0,0.2518236091063401,0.21381933987140656,0.12573950382841428,5123.0,0.24360726137029085,0.24221850210001244,0.40074175287917235,0.40195726386951136,0.45442123755611946,0.4552035177926777,0.1966126619055537,0.34978784378132616,7.063885169278903,0.12199380051720618,5123.0,0.9999088048934937,0.28723387523933064,0.12176404301138821,0.27665566253024454,9.144809401695488,0.14956355537208765,5123.0,0.9914994831196964,0.17028311741217456,0.1457501476415419,0.29440112234791876,8.363909966384202,0.15959257345113356,5123.0,0.9913378353230655,0.11644200396524651
socofing:000358:right_thumb,random_rectangles,0.5,repaint,500.0,2.0,5.0,3.9492975839821156,0.7898595167964231,0.0,0.2219382221052796,0.19109715521335602,0.32649031391047684,7618.0,0.2461275925439748,0.2029093397073653,0.44119191388815965,0.353198267128656,0.498162247309005,0.40329457626908616,0.11484792343758148,0.25126352286802245,9.39876852865583,0.1605600122665735,7618.0,0.9881441295146942,0.07076841782369121,0.08462172714450242,0.22135436724257443,10.725181148866426,0.16189136094300982,7618.0,0.9757247548550367,0.08647972624238993,0.11484792343758148,0.25126352286802245,9.39876852865583,0.1605600122665735,7618.0,0.9881441295146942,0.07076841782369121
socofing:000377:right_thumb,irregular,0.699999988079071,repaint,500.0,2.0,5.0,3.930813541985117,0.7861627083970234,0.0,0.2447427067988243,0.2064840942621231,0.3680633079207221,4015.0,0.3095890410958904,0.23503433030984766,0.5195516811955168,0.3906174932292211,0.5790784557907845,0.44247854753567895,0.0949644273866186,0.23335850235019087,10.22439046109538,0.320620555140022,4015.0,0.9842225611209869,0.03088039164218064,0.060534088447346444,0.19521385588582285,12.17999993026826,0.40300893421609785,4015.0,0.823904987424612,0.019929355185226594,0.0949644273866186,0.23335850235019087,10.22439046109538,0.320620555140022,4015.0,0.9842225611209869,0.03088039164218064
socofing:000380:right_index,peripheral_only,0.20000000298023224,repaint,500.0,2.0,5.0,3.95610433400725,0.79122086680145,2.0,0.2858015933065255,0.24418994784355164,0.25994877166612806,8464.0,0.3276228733459357,0.27901456509637584,0.5174858223062382,0.4566038464694258,0.5714792060491494,0.5158002735937758,0.1319869426426437,0.2756639855703874,8.794690310573282,0.12302331144080307,8464.0,0.9959872360341251,0.40243005253033237,0.09042869446720127,0.2385434293640832,10.436937390889529,0.12356029422859571,8464.0,0.9607523661106825,0.11156835285016396,0.11838047003108876,0.26364960171256324,9.26719939989246,0.07905195552095257,8464.0,0.999908834695816,0.08787405687064088
socofing:000396:right_index,central_only,0.4000000059604645,repaint,500.0,2.0,5.0,3.900665915978607,0.7801331831957213,2.0,0.1910967283604867,0.16316799819469452,0.43375375703617125,4876.0,0.22128794093519277,0.1818472818701457,0.3781788351107465,0.30482982072774456,0.42042657916324855,0.3458240003469442,0.11117750576177705,0.24715575879931348,9.539830734711206,0.14160744807528686,4876.0,0.9909723396413028,0.39664237213088316,0.06825604733532899,0.1964943621671851,11.658588650488637,0.16687476056472128,4876.0,0.9267585836350918,0.1764911975262404,0.07413330033842815,0.19811031171584836,11.299866651033717,0.18157196445996496,4876.0,0.9902282352559268,0.21008368639645714
socofing:000406:right_index,disconnected_fragments,0.6000000238418579,repaint,500.0,2.0,5.0,3.8964804580027703,0.779296091600554,0.0,0.17117473600059424,0.1481766402721405,0.3409399559171766,2293.0,0.16441343218491059,0.1521087049060236,0.29917139119058,0.27197297449149366,0.33972961186218925,0.3119277310199837,0.124402675273867,0.24054527904706727,9.051702800617186,0.196557697608763,2293.0,0.9999088048934937,0.47027797832969204,0.13047125568556928,0.24590000970332976,8.844851578442533,0.1910954198753352,2293.0,0.999649703502655,0.4659883084526103,0.124402675273867,0.24054527904706727,9.051702800617186,0.196557697608763,2293.0,0.9999088048934937,0.47027797832969204
socofing:000407:right_index,stripes,0.800000011920929,repaint,500.0,2.0,5.0,3.9026379580027424,0.7805275916005485,1.0,0.282501910644419,0.23988935351371765,0.2872870597528243,2720.0,0.31323529411764706,0.2829066023011418,0.4915441176470588,0.45204352619674276,0.5470588235294118,0.5084225008286097,0.25179728895519965,0.3958642808756421,5.989489501540311,0.15045325782915958,2720.0,0.9959872360341251,0.39218347726516484,0.10817233651892302,0.2558961348144187,9.658837894444696,0.21252850154377745,2720.0,0.9623872619122267,0.0604032776975742,0.12560651947776785,0.26570805509708245,9.00987818403453,0.24271075622321406,2720.0,0.9803009610623121,0.03373328501531186
socofing:000422:right_index,random_rectangles,0.699999988079071,repaint,500.0,2.0,5.0,3.8764098749961704,0.7752819749992341,0.0,0.20468808847742653,0.17551304399967194,0.27935184611077807,4265.0,0.21383352872215708,0.19434214718596177,0.3528722157092614,0.32646634743473596,0.3981242672919109,0.37050774751766063,0.12621694618437956,0.2516762785314378,8.988823317774445,0.18103527331251493,4265.0,0.9999088048934937,0.08560115421487606,0.1109154646509457,0.24716555611508848,9.550078970939724,0.1601425111217852,4265.0,0.9986311793327332,0.044314998099405443,0.12621694618437956,0.2516762785314378,8.988823317774445,0.18103527331251493,4265.0,0.9999088048934937,0.08560115421487606
socofing:000424:right_index,central_missing,0.10000000149011612,repaint,500.0,2.0,5.0,3.8697490410122555,0.7739498082024511,3.0,0.28966599060763537,0.25092795491218567,0.2117473610053631,12549.0,0.2706988604669695,0.2717512134147627,0.44298350466172604,0.4616741072529293,0.4895210773766834,0.5249817385323181,0.1454765508292681,0.29503141308393477,8.372070043837109,0.00422304487802485,12549.0,0.9996674954891205,0.3633127137923586,0.11659017316192846,0.26887436004569143,9.333380526764723,0.056243025659706264,12549.0,0.9391145091503859,0.5262010338622602,0.14930963523000565,0.2875897587268906,8.259121655355056,0.07770779034083404,12549.0,0.9995207786560059,0.7020649230246612
socofing:000425:right_index,peripheral_only,0.30000001192092896,repaint,500.0,2.0,5.0,3.8893767920089886,0.7778753584017977,1.0,0.21446344390839278,0.18623709678649902,0.31866455058255727,8047.0,0.21374425251646575,0.19137036319666062,0.386479433329191,0.3408322021822552,0.4412824655150988,0.3906528151774533,0.12491967528087743,0.2651241967915527,9.033691533555949,0.15797269859157725,8047.0,0.9973081350326538,0.1627283412571851,0.10448954793932543,0.24549338153341344,9.809271497376066,0.14646867288621143,8047.0,0.9806883921846747,0.16254544921703687,0.12642145261535123,0.2629802688757543,8.981792238231037,0.09956498321719459,8047.0,0.9999088048934937,0.3039393866172417
socofing:000429:right_index,central_only,0.5,repaint,500.0,2.0,5.0,3.919033665995812,0.7838067331991624,2.0,0.20495584886389834,0.1749386042356491,0.38636703425777347,4115.0,0.2792223572296476,0.20172673439921615,0.4371810449574727,0.32760644673576916,0.479951397326853,0.36956635084795336,0.11606589074224538,0.243260334859085,9.352953912768417,0.20523843888361976,4115.0,0.9959872360341251,0.16744194805466217,0.06652923650985505,0.1888626491000258,11.769874604929187,0.27480388031815767,4115.0,0.910312108695507,0.1492224568178211,0.08608249372434594,0.21247931674998682,10.65085160415653,0.24872796036548106,4115.0,0.9705860316753387,0.1618684808146552
socofing:000444:right_index,disconnected_fragments,0.699999988079071,repaint,500.0,2.0,5.0,3.872285791003378,0.7744571582006756,3.0,0.19940329302470583,0.1710406094789505,0.49205614609145265,1831.0,0.1900600764609503,0.1817120478688401,0.3140360458765702,0.31727614432394274,0.3489896231567449,0.36246417647564366,0.15848020272983884,0.29264580613131375,8.00024981914272,0.2121626355971499,1831.0,0.999908834695816,0.11159126959641254,0.09547761302254006,0.23413676088182475,10.20098447060523,0.2757223733632982,1831.0,0.8814228400588036,0.06105791633410318,0.08772643811458529,0.20157173799034483,10.56869503590078,0.2960924130306747,1831.0,0.9959872663021088,0.07130959537850659
socofing:000448:right_index,severe_partial,0.10000000149011612,repaint,500.0,2.0,5.0,3.8892187910096254,0.7778437582019251,0.0,0.23261843274862448,0.2008291333913803,0.1762568880111492,10531.0,0.17804576963251353,0.2144403611591496,0.3065235969993353,0.3703716852388517,0.35314784920710285,0.422348793265419,0.15773964950630215,0.30342504520691044,8.020591285007887,0.09218165130318698,10531.0,0.9985552430152893,0.19155507673429478,0.17299367271463628,0.3310056872913592,7.619697810062966,0.08424817610572514,10531.0,0.9931174516677856,0.22173662719627177,0.15773964950630215,0.30342504520691044,8.020591285007887,0.09218165130318698,10531.0,0.9985552430152893,0.19155507673429478
socofing:000449:right_middle,irregular,0.10000000149011612,repaint,500.0,2.0,5.0,3.853204499988351,0.7706408999976702,2.0,0.26997950411165383,0.22891102731227875,0.42082972979809785,10720.0,0.2564365671641791,0.2649597001748521,0.44897388059701493,0.431465226184966,0.5225746268656717,0.4869670681883373,0.13303496077220966,0.2754406947635615,8.760342141062695,0.10697372574586782,10720.0,0.9303595349192619,0.3310168395039608,0.09563148196595667,0.2503941612561414,10.193991140695351,0.1372099159027091,10720.0,0.8833542391657829,0.3210712431831645,0.08779601243148152,0.21963328605503846,10.565252086762511,0.10278206338001862,10720.0,0.9214774295687675,0.4681669716471684
socofing:000472:right_middle,central_missing,0.30000001192092896,repaint,500.0,2.0,5.0,3.8621822919812985,0.7724364583962597,0.0,0.2891685355204462,0.2478199154138565,0.14995478339691382,8769.0,0.2897707834416695,0.2760067670595987,0.4834074580910024,0.4613534799866291,0.5462424449766222,0.5231357176289725,0.13417414170151767,0.28639637886282415,8.723311741701384,0.05289820174760197,8769.0,0.9834908246994019,0.19826095258047044,0.096024107383124,0.2541116692387277,10.176197212404794,0.07754307515103932,8769.0,0.9085686765611172,0.09670461795034556,0.13417414170151767,0.28639637886282415,8.723311741701384,0.05289820174760197,8769.0,0.9834908246994019,0.19826095258047044
socofing:000484:right_middle,peripheral_only,0.5,repaint,500.0,2.0,5.0,3.886896083015017,0.7773792166030035,1.0,0.27995612914471824,0.23632866144180298,0.29688605179642635,5459.0,0.31617512364901995,0.2679474204150852,0.5218904561274958,0.44672893575858574,0.5874702326433413,0.5063227742064194,0.13683386554432156,0.2820538883871155,8.638064040862792,0.0961216079732898,5459.0,0.9959872360341251,0.10091695568572186,0.07846106174831434,0.2250846472561474,11.053458192205772,0.16125752565393725,5459.0,0.8948401771485806,0.07556300582273556,0.12250673133777745,0.27063708338203407,9.118400476052772,0.12173175446900177,5459.0,0.9898427124135196,0.12934543968095696
socofing:000493:right_middle,central_only,0.699999988079071,repaint,500.0,2.0,5.0,3.8570427089871373,0.7714085417974275,2.0,0.17509221928505153,0.14892102777957916,0.506470647797274,1138.0,0.29701230228471004,0.16777835707777625,0.4789103690685413,0.2794161646353549,0.5377855887521968,0.31662876715454774,0.06112668748586829,0.16927431321290431,12.137691384092655,0.3123631336336621,1138.0,0.8704970329999924,0.2088546901372294,0.0345039170604811,0.13537460216402888,14.621315988053773,0.34517836837351124,1138.0,0.6080148592591286,0.1165719868741283,0.05702248558098266,0.165760612941424,12.439538559396087,0.3313934003880045,1138.0,0.8195166885852814,0.16362147066585916
socofing:000496:right_middle,stripes,0.10000000149011612,repaint,500.0,2.0,5.0,3.865707958000712,0.7731415916001424,0.0,0.2261990129301886,0.19744813442230225,-0.0025087911552617373,11722.0,0.1098788602627538,0.2088612091025686,0.21549223681965535,0.3601846403055398,0.26002388670875276,0.4106257840398635,0.18774988650949492,0.3352537894320532,7.264203168447794,0.02393061677816602,11722.0,0.9988505244255066,0.41295620569078284,0.24530498472868062,0.42044453470101856,6.1029362660745745,0.033687062216581104,11722.0,0.9847984313964844,0.24293710827560963,0.18774988650949492,0.3352537894320532,7.264203168447794,0.02393061677816602,11722.0,0.9988505244255066,0.41295620569078284
socofing:000503:right_middle,severe_partial,0.30000001192092896,repaint,500.0,2.0,5.0,3.8814692909945734,0.7762938581989147,3.0,0.27266759456983686,0.2330656200647354,0.12678326511815258,6129.0,0.19024310654266602,0.26664103357296703,0.3253385544134443,0.4356654952120521,0.37395986294664707,0.4920069824250804,0.24201031972922687,0.3907830619182864,6.161661145736977,0.09384940356792773,6129.0,0.9999088048934937,0.499039584173876,0.1633311860627316,0.3332706847572892,7.869308842048434,0.12237874031485907,6129.0,0.996379017829895,0.31521954132039237,0.16052047955520973,0.2991560998452205,7.944695514807465,0.11561382669187754,6129.0,0.999908834695816,0.16721631792713412
socofing:000504:right_middle,irregular,0.20000000298023224,repaint,500.0,2.0,5.0,3.872482457984006,0.7744964915968012,1.0,0.15809995608510669,0.13484767079353333,0.08114401061944346,9384.0,0.1758312020460358,0.1484407353177603,0.293691389599318,0.2519940076594361,0.33045609548167093,0.2865117651066613,0.1691133042392295,0.3094079423842587,7.718222248658908,0.11373493743854396,9384.0,0.9999088048934937,0.1759137972368388,0.128829332341726,0.26843402253316784,8.899852439340817,0.13413544243190187,9384.0,0.9949897527694702,0.17719306362491435,0.1370368309857839,0.2735873272629889,8.631626931051589,0.1362597603435377,9384.0,0.9951893091201782,0.21291653563829907
socofing:000509:right_middle,central_missing,0.4000000059604645,repaint,500.0,2.0,5.0,3.8655435419932473,0.7731087083986494,2.0,0.23054719264058848,0.19612351059913635,0.25572648839697254,8969.0,0.25197903891180734,0.2290776867121674,0.43081725944921395,0.3687285576320995,0.48177054298138033,0.4152788479387435,0.13549617612292514,0.29518063935943506,8.680729609677766,0.06290552972652938,8969.0,0.9708096086978912,0.7776570380631302,0.0753748536774216,0.22464221208118013,11.227735179317266,0.09936744111253361,8969.0,0.7628660649061203,0.8111624720607338,0.07098895714904176,0.1986340221562956,11.488092037067135,0.09365937894657496,8969.0,0.8352029174566269,0.788800537509438
socofing:000511:right_middle,peripheral_only,0.6000000238418579,repaint,500.0,2.0,5.0,3.901848792011151,0.7803697584022302,0.0,0.14565987279263215,0.12867674231529236,0.6052676275160289,3845.0,0.2153446033810143,0.11996517613123235,0.34954486345903774,0.23048632680207143,0.38673602080624186,0.2673267103590177,0.03423584813262323,0.11084083383975572,14.65518908785251,0.22059957037715613,3845.0,0.999908834695816,0.20826503605895538,0.023932695771350345,0.11579439868697575,16.210083798369382,0.19971842423271266,3845.0,0.714921772480011,0.13892037272769672,0.03423584813262323,0.11084083383975572,14.65518908785251,0.22059957037715613,3845.0,0.999908834695816,0.20826503605895538
socofing:000522:right_middle,central_only,0.800000011920929,repaint,500.0,2.0,5.0,3.886051708017476,0.7772103416034952,0.0,0.2630490909558407,0.2277655154466629,0.5092932479587889,609.0,0.20032840722495895,0.24918638813280317,0.33169129720853857,0.4194922752470414,0.3891625615763547,0.4762609042851208,0.08495543262725536,0.19078752059452786,10.708088441686744,0.3868972099004668,609.0,0.9198125600814819,0.04327717420691534,0.07594220619673409,0.21803109285885036,11.195167903256655,0.28773854174264507,609.0,0.8091104924678802,0.17242387956780106,0.08495543262725536,0.19078752059452786,10.708088441686744,0.3868972099004668,609.0,0.9198125600814819,0.04327717420691534
socofing:000524:right_ring,stripes,0.30000001192092896,repaint,500.0,2.0,5.0,3.870442749990616,0.7740885499981232,0.0,0.21994829596664772,0.19482821226119995,0.34176346896323034,7338.0,0.2269010629599346,0.18822156856611724,0.3968383755791769,0.3487446008065833,0.4472608340147179,0.4022522782200719,0.12635857054941416,0.2512566973407656,8.983952957616104,0.1610709749659677,7338.0,0.9999088048934937,0.11672173776938444,0.09116184656751393,0.22420895795015994,10.401868863661734,0.13575261702007144,7338.0,0.9800108652561903,0.12158148543119111,0.12635857054941416,0.2512566973407656,8.983952957616104,0.1610709749659677,7338.0,0.9999088048934937,0.11672173776938444
socofing:000527:right_ring,random_rectangles,0.20000000298023224,repaint,500.0,2.0,5.0,3.875340458995197,0.7750680917990393,4.0,0.3003331708057956,0.2537318766117096,0.19137975012067962,9325.0,0.4039678284182306,0.3017335363079971,0.6262734584450402,0.4806731098394931,0.6868632707774799,0.5403196343499918,0.11542798890251338,0.2638193030544025,9.376888709716468,0.057937010946951466,9325.0,0.9655102491378784,0.36714521634146424,0.06337741343409546,0.20304271980326113,11.980654892577704,0.10769746330780484,9325.0,0.8045386523008347,0.21443478950680858,0.10760733051283543,0.25457379569042343,9.681581423050055,0.09775435926728726,9325.0,0.9716981649398804,0.2138316475091278
socofing:000528:right_ring,irregular,0.4000000059604645,repaint,500.0,2.0,5.0,3.888731374987401,0.7777462749974802,4.0,0.2305699918486855,0.1946052610874176,0.43405569726695276,6545.0,0.2976317799847212,0.21789728611639386,0.480061115355233,0.36764471638466767,0.5384262796027502,0.4175605264740923,0.0916692443715558,0.22251877308793996,10.377763485191876,0.35260923375715497,6545.0,0.9936444754712284,0.029941594159566758,0.0588764146132571,0.1896414214228632,12.30058645020568,0.449470875656465,6545.0,0.8283319436013699,0.029455136160677763,0.08676490932417472,0.2177919070673943,10.616558827519098,0.4037145791216847,6545.0,0.9854046697728336,0.029740437664472298
socofing:000530:right_ring,central_missing,0.6000000238418579,repaint,500.0,2.0,5.0,3.8754215000080876,0.7750843000016175,2.0,0.21573579815083405,0.18500231206417084,0.16682528438129676,5926.0,0.24772190347620654,0.20172462223391255,0.4326695916301046,0.34377615944964235,0.4885251434357071,0.39112667185488564,0.12097358415316445,0.26927770638985826,9.173094520717143,0.025055810036899818,5926.0,0.9692446570843458,0.1804389896575658,0.08926946265891642,0.23104889307275145,10.492970793738913,0.07089580590854569,5926.0,0.9262853227555752,0.16343150348741006,0.118681442492962,0.26616429686701915,9.256171837663313,0.07784052956040671,5926.0,0.9973266124725342,0.23468070253604786
socofing:000531:right_ring,peripheral_only,0.800000011920929,repaint,500.0,2.0,5.0,3.935486125003081,0.7870972250006162,3.0,0.23340284552146198,0.19808043539524078,0.4607867835183038,1883.0,0.3308550185873606,0.22056725556332574,0.5395645246946362,0.37216099383852547,0.592671269251195,0.42269223993025873,0.0950359473598394,0.2263391683003269,10.221120916893256,0.26674821708111235,1883.0,0.9988011121749878,0.013805094150377931,0.042539200402173905,0.16236690202761547,13.71210677672295,0.4473657872479687,1883.0,0.6845618188381195,0.011310796240043655,0.05304118685041504,0.163783738870605,12.753867667145338,0.4522266097427935,1883.0,0.8776195645332336,0.009969241740393167
socofing:000540:right_ring,disconnected_fragments,0.20000000298023224,repaint,500.0,2.0,5.0,3.900743207981577,0.7801486415963155,2.0,0.3076854865493618,0.2590826451778412,0.22398952458266533,7895.0,0.36238125395820137,0.3047672004658939,0.5716276124129196,0.4920049498706319,0.6309056364787841,0.5544175330055446,0.14858745203498513,0.30556925194245954,8.28017864478941,0.04655687214977263,7895.0,0.977183401118964,0.1433572905756326,0.07655176283762331,0.225162807012188,11.160448038966514,0.10488475235045608,7895.0,0.7708403430879116,0.17884688375216742,0.1304758340132791,0.2803951357671799,8.844699184141971,0.10364450295521116,7895.0,0.9953287243843079,0.35320703660774777
socofing:000545:right_ring,stripes,0.4000000059604645,repaint,500.0,2.0,5.0,3.907946749997791,0.7815893499995582,0.0,0.2606094225676633,0.22060945630073547,0.3576619088550241,5438.0,0.21533652077969842,0.2482016045201478,0.36042662743655757,0.4157342943035097,0.4098933431408606,0.47157852423129687,0.13135054284917,0.2769856184381723,8.815681280099104,0.11099421729929679,5438.0,0.999908834695816,0.3731153948879156,0.11480293445416277,0.27687659520156127,9.400470108843642,0.11439870681490746,5438.0,0.8871593847870827,0.29323580420135276,0.13135054284917,0.2769856184381723,8.815681280099104,0.11099421729929679,5438.0,0.999908834695816,0.3731153948879156
socofing:000553:right_ring,random_rectangles,0.30000001192092896,repaint,500.0,2.0,5.0,3.9009959169779904,0.7801991833955981,2.0,0.2365743235737877,0.20219630002975464,0.11395829750976852,10431.0,0.22298916690633688,0.23156198036372405,0.3644904611254913,0.37801768339705394,0.4118492953695715,0.42683625107483053,0.1876310664344826,0.3446524967537239,7.266952530355257,0.056826090261562504,10431.0,0.9939616918563843,0.48088282363203394,0.13830537052479722,0.2973543347693696,8.591609555089153,0.06660454619123582,10431.0,0.9667248111218214,0.22193620546415183,0.13068104159509994,0.2810502842974192,8.837874126324625,0.07898730310363629,10431.0,0.9880057564005256,0.12240542208265567
socofing:000554:right_ring,irregular,0.5,repaint,500.0,2.0,5.0,3.928740083007142,0.7857480166014283,4.0,0.2420716802047394,0.20487342774868011,0.40514493221742176,5658.0,0.28649699540473667,0.23042951945114068,0.46800989749027927,0.38615047225222315,0.5247437256981266,0.4380574565192506,0.10378847581081675,0.23930265162582584,9.838508658480654,0.23845687104595376,5658.0,0.9996293783187866,0.05903329316835188,0.06456466940380853,0.2013393554831738,11.900050683885887,0.3357196390338049,5658.0,0.9337388873100281,0.05627219901292256,0.09991536717243145,0.22993470159628895,10.00367711324212,0.2693625002941183,5658.0,0.9840551912784576,0.049398025843423635
socofing:000558:right_ring,central_missing,0.699999988079071,repaint,500.0,2.0,5.0,3.9109612080210354,0.7821922416042071,0.0,0.24670997156258698,0.21212168037891388,0.004960262293618651,4904.0,0.22185970636215335,0.2286320319353659,0.3743882544861338,0.3929281605374171,0.424347471451876,0.44769353673810086,0.15963100897803165,0.3111233345893224,7.9688274130639725,0.08837839572235494,4904.0,0.9920011158101261,0.030250352247802578,0.17175513464836922,0.32862295869380453,7.650902707684376,0.09782719500116603,4904.0,0.9880164260976017,0.07602961595475573,0.15963100897803165,0.3111233345893224,7.9688274130639725,0.08837839572235494,4904.0,0.9920011158101261,0.030250352247802578
socofing:000564:right_little,central_only,0.20000000298023224,repaint,500.0,2.0,5.0,3.9208918329968583,0.7841783665993717,4.0,0.3278895968652501,0.2761309742927551,0.17260718114806853,4611.0,0.24853610930383865,0.33339667333178086,0.40273259596616784,0.5251740626310532,0.45499891563652134,0.5890998590641439,0.20784902797482294,0.36384783097278434,6.82252002171275,0.09198772704267062,4611.0,0.9999088048934937,0.43824208317252267,0.11879631000810373,0.29653362642718767,9.25197048984516,0.10291075024436225,4611.0,0.8532513361424208,0.27275196052552025,0.1494490542727756,0.30476791888640636,8.255068288710337,0.05359009427749922,4611.0,0.999908834695816,0.49435583199882
socofing:000584:right_little,disconnected_fragments,0.4000000059604645,repaint,500.0,2.0,5.0,3.935012749978341,0.7870025499956682,4.0,0.21380336937707586,0.18082283437252045,0.3315872770364861,5404.0,0.34659511472982973,0.19866975701292033,0.5790155440414507,0.34057202976690587,0.640821613619541,0.38787278735156766,0.08828720080283474,0.22606720106137143,10.541022525221502,0.11495877255065376,5404.0,0.9485426247119904,0.1251544933329794,0.038617535035975314,0.15319282968399658,14.132154507647813,0.18083957959718508,5404.0,0.7380581349134445,0.1265927249053872,0.06315824390752538,0.18869599065489015,11.995699538992422,0.15207963456261608,5404.0,0.8252559304237366,0.18632078595916535
socofing:000589:right_little,stripes,0.6000000238418579,repaint,500.0,2.0,5.0,3.959233583009336,0.7918467166018672,2.0,0.21458473628399063,0.18499229848384857,0.5328203172135245,4119.0,0.24860403010439427,0.20207332728354205,0.3915999028890507,0.34208443715434017,0.4323865015780529,0.3887548071112729,0.10131178603205417,0.22982691364866142,9.94340028371819,0.17468984708924132,4119.0,0.9567715488374233,0.18541287361115094,0.05244258253980936,0.1752022779922011,12.803159295835584,0.24028401940063734,4119.0,0.8172083646059036,0.09353725850687016,0.08098784748237871,0.1950186014412372,10.915801436805928,0.19710067244339213,4119.0,0.9997401833534241,0.13492646779202772
socofing:000594:right_little,random_rectangles,0.5,repaint,500.0,2.0,5.0,3.9178545830072835,0.7835709166014567,2.0,0.21106990044128512,0.18016843497753143,0.25509108415885273,5786.0,0.2526788800553059,0.20462387420605344,0.4070169374351884,0.337067238082533,0.45022468026270307,0.38121502604135954,0.15046621710747612,0.29094626711819266,8.225609975501438,0.12824140189332373,5786.0,0.9999088048934937,0.1056507419053195,0.10604917285224741,0.2436363784046802,9.744927144845771,0.16153735111971784,5786.0,0.992678105365485,0.06950092938810155,0.13535193719438696,0.2705544170635732,8.685355241061675,0.14301567934509046,5786.0,0.9999088048934937,0.06199913746695944
socofing:000598:right_little,irregular,0.699999988079071,repaint,500.0,2.0,5.0,3.9524887089792173,0.7904977417958434,4.0,0.21970068808310037,0.186317577958107,0.44334277030663943,3670.0,0.2991825613079019,0.20734674523734267,0.4901907356948229,0.3502857066483848,0.5504087193460491,0.39793202711873227,0.09620941622076114,0.2288726344523185,10.167824205548,0.33995218494564905,3670.0,0.9824683964252472,0.08872553019575441,0.05440902072990356,0.17960296393681713,12.643290905878725,0.45524587363885255,3670.0,0.8758885487914085,0.030739272910471432,0.07849795269198798,0.20064619517357316,11.051416699575125,0.4320286615822293,3670.0,0.9715922470204532,0.050346638802055976
