sample_id,mask_family,observed_fraction,roi_mse,roi_mae,roi_psnr,roi_ssim_map_mean,roi_pixels,roi_max_absolute_error,roi_orientation_error
socofing:000023:left_thumb,full_image_codec,1.0,0.0062243565464170795,0.05840899457211411,22.059055378521705,0.7737022178534462,11204.0,0.4603635370731354,0.00494893044813108
socofing:000023:left_index,full_image_codec,1.0,0.006797715553170592,0.06060232702361923,21.67637012196762,0.7753937021244632,10071.0,0.467816561460495,0.004424437393303729
socofing:000023:left_middle,full_image_codec,1.0,0.0049707839866774475,0.05180848521534026,23.035751094082503,0.7804090359819676,10191.0,0.5188196301460266,0.007915139527114085
socofing:000023:left_ring,full_image_codec,1.0,0.0066314674238337696,0.06036330572813768,21.783903594447608,0.7931320265896099,7917.0,0.44517651200294495,0.007150246829254924
socofing:000023:left_little,full_image_codec,1.0,0.005087610159151887,0.05178474664497183,22.93486174131569,0.779695566491366,8429.0,0.4003642797470093,0.00770930749952969
socofing:000023:right_thumb,full_image_codec,1.0,0.009169302613545168,0.06284845656647804,20.37663694058057,0.7550134612095203,12233.0,0.5604099035263062,0.004919805005455531
socofing:000023:right_index,full_image_codec,1.0,0.007198619808548142,0.06188703463765681,21.427507628729316,0.7601439948757871,11534.0,0.44856980443000793,0.010676607678063273
socofing:000023:right_middle,full_image_codec,1.0,0.004850618922696592,0.05053085601406465,23.14202843343618,0.7560143046874556,10574.0,0.4322734773159027,0.012282763178338235
socofing:000023:right_ring,full_image_codec,1.0,0.005071304124716421,0.050667378831766446,22.94880344150277,0.7626542391380291,11243.0,0.43101683259010315,0.011315104105476748
socofing:000023:right_little,full_image_codec,1.0,0.00559545697835463,0.05471573914585744,22.521644390599658,0.7587159760234498,10196.0,0.43233197927474976,0.007129141851483791
socofing:000030:left_thumb,full_image_codec,1.0,0.011562381971646206,0.07826379106285437,19.369526874917767,0.8567862533763786,10917.0,0.6339347064495087,0.005724846235820649
socofing:000030:left_index,full_image_codec,1.0,0.015900942063474897,0.08900058240026576,17.98577144808554,0.7637597525989579,9808.0,0.6246396601200104,0.01136776632692228
socofing:000030:left_middle,full_image_codec,1.0,0.01299973250826503,0.0848613143264641,18.86065583953136,0.783364770481944,10321.0,0.5517859756946564,0.006407810832374311
socofing:000030:left_ring,full_image_codec,1.0,0.012900504178403313,0.08300293057010345,18.89393316241863,0.772691563693619,9071.0,0.5395219027996063,0.00420381074022422
socofing:000030:left_little,full_image_codec,1.0,0.02096613965651482,0.10803224055660199,16.78481525672361,0.6623522023614816,8099.0,0.5761236846446991,0.024603651779371842
socofing:000030:right_thumb,full_image_codec,1.0,0.0070881611295717005,0.053843073167178866,21.49466418535159,0.7584747758780885,12325.0,0.4774238169193268,0.012579563241926809
socofing:000030:right_index,full_image_codec,1.0,0.010718981689704235,0.06592802730689971,19.698464709444153,0.7422327193144849,9634.0,0.5971373319625854,0.011289400090215288
socofing:000030:right_middle,full_image_codec,1.0,0.017194912878898523,0.09608184326617643,17.64600020267061,0.676975379054719,11645.0,0.6873777508735657,0.025500179308581294
socofing:000030:right_ring,full_image_codec,1.0,0.01005868041877311,0.07415293351244903,19.97458989899849,0.7131612077588292,10070.0,0.462739497423172,0.01811740348741722
socofing:000030:right_little,full_image_codec,1.0,0.010695801670517658,0.07673361732358229,19.707866586815946,0.6966055691955532,7951.0,0.48752841353416443,0.024960371968631025
socofing:000032:left_thumb,full_image_codec,1.0,0.00992623421301078,0.07084151042563558,20.032154816857304,0.9016487659566806,11191.0,0.6860781610012054,0.0019655368828913463
socofing:000032:left_index,full_image_codec,1.0,0.013991368952748742,0.0826462188761654,18.541397909021192,0.826109260335254,9939.0,0.6955909691751003,0.004803560467773073
socofing:000032:left_middle,full_image_codec,1.0,0.0114671692659483,0.07768006791275307,19.40543776859374,0.8855280841325193,8433.0,0.6430072039365768,0.0012314300683014011
socofing:000032:left_ring,full_image_codec,1.0,0.00854481870242497,0.06969384066825945,20.682971473811257,0.8724976449973312,7974.0,0.4333311915397644,0.00233001205041285
socofing:000032:left_little,full_image_codec,1.0,0.013969365698304812,0.08084767870123895,18.54823313283109,0.8407318309799034,6969.0,0.659309059381485,0.00557871087032991
socofing:000032:right_thumb,full_image_codec,1.0,0.009801283545030223,0.06873561908187542,20.087170467542144,0.9054019027486296,12459.0,0.5765239894390106,0.0012478018610176376
socofing:000032:right_index,full_image_codec,1.0,0.01023592590170463,0.06889930611815719,19.898728666493767,0.9020831483316956,10328.0,0.6999287605285645,0.0027335339995101233
socofing:000032:right_middle,full_image_codec,1.0,0.009824667137004386,0.06754830296444125,20.07682154745012,0.8975387906393103,10198.0,0.7120937705039978,0.0024350670501345835
socofing:000032:right_ring,full_image_codec,1.0,0.008126819673827553,0.05724474194910079,20.900793767096392,0.8065979711376187,9467.0,0.5533021688461304,0.004988123529316197
socofing:000032:right_little,full_image_codec,1.0,0.008883385709771704,0.061237841475393434,20.51421480749442,0.8326554564489637,7697.0,0.5630788207054138,0.006669357731779448
socofing:000039:left_thumb,full_image_codec,1.0,0.010818040639144854,0.07243769114825248,19.6585139141649,0.9010035076844848,11679.0,0.6158331036567688,0.0016866542567849213
socofing:000039:left_index,full_image_codec,1.0,0.007975696098037463,0.06251588347736801,20.98231402522359,0.9208329261570685,10352.0,0.5228876173496246,0.000987543800789936
socofing:000039:left_middle,full_image_codec,1.0,0.008718033178030793,0.06619810392471584,20.59581482530049,0.9078790092106522,11714.0,0.5872624963521957,0.002115403475131703
socofing:000039:left_ring,full_image_codec,1.0,0.01273633257237369,0.08005557586738761,18.949556091179506,0.8553304304296772,11152.0,0.6386803239583969,0.0019544796495358533
socofing:000039:left_little,full_image_codec,1.0,0.013742680847426962,0.08294541687218145,18.619285392068516,0.8819981116212143,8165.0,0.6834201216697693,0.0019542490565310415
socofing:000039:right_thumb,full_image_codec,1.0,0.008484120435396826,0.06518591701769592,20.713931751322527,0.8964541438447396,12599.0,0.5656266212463379,0.0023193577583512496
socofing:000039:right_index,full_image_codec,1.0,0.008126887761505509,0.062302505948460006,20.900757381425073,0.9335703405449939,12097.0,0.5619182884693146,0.0014874987788116457
socofing:000039:right_middle,full_image_codec,1.0,0.0076599821224318234,0.05895244668653067,21.157722439624706,0.8419161134340339,12357.0,0.5590847432613373,0.002138520697641922
socofing:000039:right_ring,full_image_codec,1.0,0.014382569341496575,0.08518142219414444,18.42163523469212,0.8001125938644471,10421.0,0.6045783460140228,0.0040684953108739985
socofing:000039:right_little,full_image_codec,1.0,0.008962467698270886,0.06649562023990192,20.47572396566876,0.9205377533536369,10178.0,0.6709597110748291,0.0008749345137109591
socofing:000052:left_thumb,full_image_codec,1.0,0.008818841072728506,0.07132989017125102,20.54588483891886,0.8653709623200985,12036.0,0.5468516647815704,0.0018435436387947016
socofing:000052:left_index,full_image_codec,1.0,0.009689795412797787,0.07190026563480187,20.136853924054748,0.8393971151931874,12050.0,0.5735481679439545,0.003915028035111934
socofing:000052:left_middle,full_image_codec,1.0,0.01039971563500582,0.07636521016225377,19.829785356854735,0.7455494018239119,12379.0,0.4923398494720459,0.02586879320160141
socofing:000052:left_ring,full_image_codec,1.0,0.009647422659414078,0.07257457456127396,20.15588694355356,0.7518681070389509,12346.0,0.5115534961223602,0.009362323431302671
socofing:000052:left_little,full_image_codec,1.0,0.009326399573722262,0.07120281837898736,20.30285981874741,0.7827134075719333,11921.0,0.5614660382270813,0.005546691150482454
socofing:000052:right_thumb,full_image_codec,1.0,0.0060970525829463764,0.050076073956407535,22.148800594663562,0.8301978552753729,12934.0,0.5800748467445374,0.007354078629809345
socofing:000052:right_index,full_image_codec,1.0,0.00690973836204245,0.055211896062277985,21.605383969199345,0.8795458711427292,12026.0,0.5085569582879543,0.0019774207701077537
socofing:000052:right_middle,full_image_codec,1.0,0.01010360682329484,0.07306694471702466,19.955235624721073,0.7427363212343124,12512.0,0.600704699754715,0.01758726579389665
socofing:000052:right_ring,full_image_codec,1.0,0.008563399631386042,0.06933889321303305,20.673537881216312,0.7579456804621304,12148.0,0.49008917808532715,0.008607176941264179
socofing:000052:right_little,full_image_codec,1.0,0.0060789619275347226,0.057845849917583715,22.161705765881464,0.7710348145741232,11073.0,0.5094805955886841,0.012903893170789075
socofing:000054:left_thumb,full_image_codec,1.0,0.011275515507048936,0.07530539073486626,19.478635934190653,0.8291821631402312,12308.0,0.5516983270645142,0.00495652510005914
socofing:000054:left_index,full_image_codec,1.0,0.011243275656292195,0.07470205041437915,19.491071414182418,0.7488632973894679,11131.0,0.6274546682834625,0.007124211243481688
socofing:000054:left_middle,full_image_codec,1.0,0.017753498303556246,0.09505486996916247,17.507160570182826,0.702656952743968,11331.0,0.651349239051342,0.03812638188983413
socofing:000054:left_ring,full_image_codec,1.0,0.02312565137139696,0.11089656617288,16.35906025809715,0.5863078073148889,11808.0,0.6717076301574707,0.049143489925946415
socofing:000054:left_little,full_image_codec,1.0,0.028829939647262208,0.12237967558805225,15.401562667650502,0.6195240633711496,11441.0,0.6963605731725693,0.0280264500989744
socofing:000054:right_thumb,full_image_codec,1.0,0.011811926369724508,0.07599857751311101,19.276792688964285,0.7749619306842669,12905.0,0.5562947392463684,0.01720377666030977
socofing:000054:right_index,full_image_codec,1.0,0.012437979763117606,0.078744869102348,19.05250154129145,0.8176220349576444,11704.0,0.6121228933334351,0.008254368381353171
socofing:000054:right_middle,full_image_codec,1.0,0.017370966000770288,0.09408935970738405,17.601760297314378,0.714009785460968,12564.0,0.7343676686286926,0.03944620861378284
socofing:000054:right_ring,full_image_codec,1.0,0.01994987624398751,0.10285349597529718,17.000597940484127,0.6921710073693765,11199.0,0.6327665895223618,0.011273584151371736
socofing:000054:right_little,full_image_codec,1.0,0.020075907575255306,0.10069065358478482,16.973248123747688,0.7298913987277383,10908.0,0.6839218065142632,0.010718594914397655
socofing:000057:left_thumb,full_image_codec,1.0,0.014717545140860521,0.0893805652330183,18.321646234691435,0.8443377512655796,12607.0,0.6708328127861023,0.004989640252021928
socofing:000057:left_index,full_image_codec,1.0,0.013904677098459987,0.08468557602480933,18.56839092091825,0.8340253071722544,11336.0,0.5916748940944672,0.007786032382226086
socofing:000057:left_middle,full_image_codec,1.0,0.01757022441046827,0.09348780271362853,17.55222691572112,0.7053517339015417,12534.0,0.6846557850949466,0.013274619063455605
socofing:000057:left_ring,full_image_codec,1.0,0.02579103357146332,0.11776496671092763,15.885312532327966,0.6064175826829967,12449.0,0.7102639377117157,0.02512144692941578
socofing:000057:left_little,full_image_codec,1.0,0.022448252278286902,0.10881822995214345,16.488174655935016,0.6852732456107337,11277.0,0.6978067457675934,0.017138347615879925
socofing:000057:right_thumb,full_image_codec,1.0,0.01774916971035488,0.09608991539707232,17.508219580255158,0.786190225496782,12019.0,0.616338774561882,0.017637974505798713
socofing:000057:right_index,full_image_codec,1.0,0.01612426911681148,0.09174085812933226,17.925199620092577,0.822385038820395,11604.0,0.6558817587792873,0.007783617957018351
socofing:000057:right_middle,full_image_codec,1.0,0.01900454600635821,0.0995779617807049,17.21142500661691,0.7645659942589086,11279.0,0.6212938129901886,0.009776104166844175
socofing:000057:right_ring,full_image_codec,1.0,0.019697871004402023,0.0997732074989378,17.055807109452875,0.7000186193861454,11811.0,0.6709668599069118,0.014474383281982642
socofing:000057:right_little,full_image_codec,1.0,0.019392792109330755,0.09793568654877559,17.123596581529526,0.7366760495764082,10977.0,0.6403907537460327,0.013602115968946674
socofing:000061:left_thumb,full_image_codec,1.0,0.01367716406334329,0.08294752045286859,18.640039435019094,0.8533050297430443,9400.0,0.7545803785324097,0.004129552994589704
socofing:000061:left_index,full_image_codec,1.0,0.012896122393707564,0.07966047444305677,18.895408537446627,0.8405750274772823,10225.0,0.6038623452186584,0.008406088915272435
socofing:000061:left_middle,full_image_codec,1.0,0.011240096264112228,0.07541851999783943,19.49229969301324,0.8973503569481204,9238.0,0.6468641459941864,0.0011949243671307156
socofing:000061:left_ring,full_image_codec,1.0,0.011513522070668525,0.07288969331745013,19.38791802184977,0.8141950440713618,7616.0,0.6605898141860962,0.0035930592842810163
socofing:000061:left_little,full_image_codec,1.0,0.011255537126162042,0.07349928887833344,19.486337751759265,0.8794689332846193,8548.0,0.6515736877918243,0.0023833443411587422
socofing:000061:right_thumb,full_image_codec,1.0,0.008029342920287607,0.06293881079882054,20.95319993671429,0.9361826009688261,11242.0,0.5461378544569016,0.0007085848509717566
socofing:000061:right_index,full_image_codec,1.0,0.005670159657179809,0.04541487929411483,22.46404712314151,0.8484663544887586,11159.0,0.5399492830038071,0.00467751254402984
socofing:000061:right_middle,full_image_codec,1.0,0.007807805840987581,0.05971979936513183,21.07470994936156,0.8928922910958091,10009.0,0.5918745398521423,0.002748783754488423
socofing:000061:right_ring,full_image_codec,1.0,0.010099304991523003,0.07033175329373523,19.95708512230434,0.8975247901429511,9508.0,0.5466964542865753,0.0013112634094140504
socofing:000061:right_little,full_image_codec,1.0,0.008779398771504568,0.06270205319185079,20.56535224316946,0.8984355756336829,6942.0,0.6298642456531525,0.0021278062648647125
socofing:000064:left_thumb,full_image_codec,1.0,0.012016866667239681,0.07761434445074109,19.20208757501461,0.8892805095417264,12241.0,0.6884829103946686,0.001693720461359833
socofing:000064:left_index,full_image_codec,1.0,0.011207162400621145,0.07216755896848408,19.505043347513187,0.9018953377220511,9829.0,0.7007699310779572,0.0018904542641644333
socofing:000064:left_middle,full_image_codec,1.0,0.009507553533078587,0.06796300339824571,20.219312205779442,0.890706748710015,11622.0,0.5496545135974884,0.0014657093240068293
socofing:000064:left_ring,full_image_codec,1.0,0.016291593892317758,0.08933870605821999,17.880364242994986,0.8137751019003128,9578.0,0.7350472211837769,0.005488308727407183
socofing:000064:left_little,full_image_codec,1.0,0.013288921728822982,0.08165503859315144,18.765102565456214,0.8913750678032757,6748.0,0.6276502013206482,0.004150478860913176
socofing:000064:right_thumb,full_image_codec,1.0,0.011609041148870203,0.0771737248470729,19.352036494217593,0.8512681008265491,12681.0,0.644330024253577,0.003152954577229367
socofing:000064:right_index,full_image_codec,1.0,0.010295882659604804,0.07046261835107279,19.873364156546145,0.9032160772197234,11947.0,0.6445360705256462,0.0017736174670838333
socofing:000064:right_middle,full_image_codec,1.0,0.012160061583796858,0.07747383370643819,19.15064225603134,0.8778807697059529,10571.0,0.6797940656542778,0.0018383852433967454
socofing:000064:right_ring,full_image_codec,1.0,0.013886898899843703,0.08272959252621186,18.57394726260314,0.8159648467316872,10909.0,0.6093616485595703,0.008128000970563187
socofing:000064:right_little,full_image_codec,1.0,0.014867305718026505,0.08302027558309719,18.277677280357015,0.7823090106863707,11061.0,0.6406431719660759,0.014689349956316879
socofing:000066:left_thumb,full_image_codec,1.0,0.01323091309643039,0.08185335412343538,18.78410183094636,0.870795386124472,11546.0,0.6699986439198256,0.0017699585280435135
socofing:000066:left_index,full_image_codec,1.0,0.015097884397376082,0.08463883702868007,18.21083904290662,0.8485306365378413,11497.0,0.7058592420071363,0.004064746088184808
socofing:000066:left_middle,full_image_codec,1.0,0.01375098665818721,0.08244715558015367,18.616661393004073,0.8138758803730842,11806.0,0.6996932029724121,0.005142253168954003
socofing:000066:left_ring,full_image_codec,1.0,0.015713947215445515,0.08708978010463214,18.037147100226914,0.7451046914300271,11434.0,0.6920157372951508,0.011366744852101377
socofing:000066:left_little,full_image_codec,1.0,0.015518520751938707,0.08735405116337211,18.091496786891746,0.7941915436052187,8154.0,0.723683625459671,0.007779108891057801
socofing:000066:right_thumb,full_image_codec,1.0,0.008651163372538677,0.06690795432954781,20.62925486488861,0.9221448581282785,12173.0,0.5624591708183289,0.0023430121345272737
socofing:000066:right_index,full_image_codec,1.0,0.009623750435059792,0.06862529163880665,20.166556477299036,0.8929668016599122,10635.0,0.5194113254547119,0.0022281819069573565
socofing:000066:right_middle,full_image_codec,1.0,0.015246217957526337,0.08752592983883689,18.168378759162188,0.8274037737990516,11659.0,0.7509754821658134,0.005800022136784241
socofing:000066:right_ring,full_image_codec,1.0,0.021245267387469156,0.10344495013044382,16.727377986214606,0.7400974037339981,11863.0,0.7476426362991333,0.014286455733743708
socofing:000066:right_little,full_image_codec,1.0,0.02183053199242775,0.10354351936845128,16.60935680756247,0.7096303375041206,9964.0,0.7142941355705261,0.011760877075324156
socofing:000068:left_thumb,full_image_codec,1.0,0.013430122105867229,0.08252310004205021,18.719200387338702,0.8352399472765042,12618.0,0.64707862585783,0.005106571000926708
socofing:000068:left_index,full_image_codec,1.0,0.011556022991241942,0.07287760699921429,19.37191602778033,0.8400216067575239,12282.0,0.6258038133382797,0.0035521072866170865
socofing:000068:left_middle,full_image_codec,1.0,0.014668978796658837,0.08354139590729014,18.33600119177384,0.805910341280969,12662.0,0.6592208072543144,0.006883664514073338
socofing:000068:left_ring,full_image_codec,1.0,0.013345771274421322,0.07843752336181162,18.74656322547431,0.7775916897209133,10891.0,0.6755626648664474,0.0061165907473820684
socofing:000068:left_little,full_image_codec,1.0,0.011908233217176094,0.07011342711642425,19.24152668487788,0.7333674357578708,10254.0,0.6247033327817917,0.014408547649043292
socofing:000068:right_thumb,full_image_codec,1.0,0.016717197259578914,0.09229652303398761,17.768365329215317,0.8098511164477906,12749.0,0.7268654108047485,0.005609349295608383
socofing:000068:right_index,full_image_codec,1.0,0.01759786717281603,0.09633674049554423,17.54539964640734,0.8294011614605459,12221.0,0.8390412889420986,0.0041901797639613365
socofing:000068:right_middle,full_image_codec,1.0,0.019356675065962465,0.1020571653784788,17.131692402361733,0.7687549066828281,12436.0,0.6452674195170403,0.008173514090183756
socofing:000068:right_ring,full_image_codec,1.0,0.020171956861118154,0.10341360560590518,16.95251969275465,0.7447147972873172,12318.0,0.7108666822314262,0.0106836526851712
socofing:000068:right_little,full_image_codec,1.0,0.02042919069474227,0.10541596234669788,16.89748837663657,0.7139542371196815,10672.0,0.6199253760278225,0.01672134872188806
socofing:000077:left_thumb,full_image_codec,1.0,0.018969584053582178,0.09928140378686379,17.219421917900142,0.823004172193129,12633.0,0.6647064611315727,0.007021819147484393
socofing:000077:left_index,full_image_codec,1.0,0.014417575746052737,0.08360799331759262,18.411077582450474,0.8406464085934139,11759.0,0.704939529299736,0.0022061171077683824
socofing:000077:left_middle,full_image_codec,1.0,0.0163020322487313,0.09237963829788784,17.8775825207491,0.7904409524720345,11765.0,0.6056165993213654,0.0036627645086441353
socofing:000077:left_ring,full_image_codec,1.0,0.022355971193676605,0.1059710502714507,16.506064586569266,0.7053511484507998,10421.0,0.7143440246582031,0.010068953575711253
socofing:000077:left_little,full_image_codec,1.0,0.015278940086623049,0.08552118760437095,18.15906772101739,0.7899894499743932,11712.0,0.6300778090953827,0.012061420779933319
socofing:000077:right_thumb,full_image_codec,1.0,0.01494932916676131,0.08728414420282454,18.253782953469422,0.8345870593225265,12558.0,0.6143432185053825,0.009681007396336845
socofing:000077:right_index,full_image_codec,1.0,0.014241829842973643,0.08362377584335004,18.46434207352841,0.8397690602277647,12297.0,0.6246873736381531,0.0046509394335767324
socofing:000077:right_middle,full_image_codec,1.0,0.015642708012145165,0.08646997961885683,18.05688061191345,0.7220641781284501,12588.0,0.6816333532333374,0.011051593200514331
socofing:000077:right_ring,full_image_codec,1.0,0.022171623062605936,0.1081721742964096,16.54202513410886,0.7109678192479683,11958.0,0.6891914457082748,0.013990105841052482
socofing:000077:right_little,full_image_codec,1.0,0.022075608732606694,0.10590776683497609,16.560873119602675,0.7511828804733967,8777.0,0.7233130782842636,0.008741383181209327
socofing:000081:left_thumb,full_image_codec,1.0,0.020346430264189506,0.09938688129017009,16.915117757535615,0.7554467218790842,11091.0,0.773131899535656,0.02649388615592191
socofing:000081:left_index,full_image_codec,1.0,0.02758841914251003,0.11596713089737011,15.592731845282298,0.7033192279222771,11428.0,0.7869607787579298,0.01924972038188944
socofing:000081:left_middle,full_image_codec,1.0,0.03153687306838339,0.1269433538782512,15.011813698678818,0.641295947786695,11833.0,0.7159723490476608,0.06247299175592593
socofing:000081:left_ring,full_image_codec,1.0,0.02802411562009238,0.12018886373148549,15.524680839024489,0.6280352363838151,12163.0,0.7175674885511398,0.05221914524966233
socofing:000081:left_little,full_image_codec,1.0,0.033099196716489455,0.13358549917440699,14.80182545977431,0.5697774829300387,10120.0,0.7401007264852524,0.051728749294989204
socofing:000081:right_thumb,full_image_codec,1.0,0.019102069068870662,0.09752863050966536,17.189195889551176,0.776996899790771,12393.0,0.6425436586141586,0.018915942464525434
socofing:000081:right_index,full_image_codec,1.0,0.020756499489536992,0.1027908731989259,16.828458868815435,0.7053363707079465,11266.0,0.7713439390063286,0.02111011520396306
socofing:000081:right_middle,full_image_codec,1.0,0.02494009028401737,0.11557948489215161,16.031019786930987,0.6977883285245479,12293.0,0.6758805215358734,0.02859877786249929
socofing:000081:right_ring,full_image_codec,1.0,0.02345083505278698,0.10150421739862767,16.29841688029473,0.696667092720331,10437.0,0.7202529758214951,0.028022613230554647
socofing:000081:right_little,full_image_codec,1.0,0.023737370097963218,0.10636646322061176,16.245673989117822,0.6963391913717656,11103.0,0.7081974670290947,0.02886677500391002
socofing:000089:left_thumb,full_image_codec,1.0,0.01657998746685172,0.09283988743698166,17.804158020776146,0.850382419109512,12229.0,0.6999701857566833,0.007568117182722035
socofing:000089:left_index,full_image_codec,1.0,0.023576558259530093,0.10678432715571616,16.27519593557735,0.7650807045977309,11865.0,0.7670116946101189,0.01801950791157163
socofing:000089:left_middle,full_image_codec,1.0,0.026222645241768462,0.11961525600379937,15.813235004431359,0.6461358372074739,12307.0,0.6991256922483444,0.025455552737998748
socofing:000089:left_ring,full_image_codec,1.0,0.028443166092655542,0.1238797964872429,15.460220626526059,0.6530902576571127,12175.0,0.7007990926504135,0.02572450652772263
socofing:000089:left_little,full_image_codec,1.0,0.028238398519512747,0.12380346184171996,15.491599370062259,0.646832120730692,10208.0,0.7717312499880791,0.0259410317638869
socofing:000089:right_thumb,full_image_codec,1.0,0.015128602690862757,0.08689627124391437,18.202011824640323,0.8367121672064889,11865.0,0.7047557681798935,0.010132904717277923
socofing:000089:right_index,full_image_codec,1.0,0.026316447255174413,0.11591320884966529,15.797727412593614,0.6466406409734909,10793.0,0.7421997115015984,0.07066039477678199
socofing:000089:right_middle,full_image_codec,1.0,0.020683086444994846,0.10440710045955111,16.843846529082654,0.726308004250031,11777.0,0.7678305432200432,0.02526067960121662
socofing:000089:right_ring,full_image_codec,1.0,0.023766905883634164,0.11301232877756771,16.24027353615926,0.6450289438434845,11727.0,0.6856609284877777,0.026094611469004554
socofing:000089:right_little,full_image_codec,1.0,0.023880970813903925,0.11087340266873053,16.219480221594424,0.6798994366846008,9672.0,0.6873663514852524,0.028149532976049607
socofing:000093:left_thumb,full_image_codec,1.0,0.021773175169401842,0.10648276053083519,16.620782334302387,0.688843854478502,12460.0,0.7738360613584518,0.017370011768949367
socofing:000093:left_index,full_image_codec,1.0,0.017150762238916217,0.09189211163753483,17.657165736504293,0.78226600831413,11511.0,0.7052468061447144,0.011182680171676446
socofing:000093:left_middle,full_image_codec,1.0,0.02127680824115961,0.10149874904540364,16.72093520513114,0.7185508621753222,12102.0,0.7350486367940903,0.01404764682500993
socofing:000093:left_ring,full_image_codec,1.0,0.020211420907065358,0.10094152880981519,16.944031535601138,0.6511159385110589,11466.0,0.6868315190076828,0.01904731128286452
socofing:000093:left_little,full_image_codec,1.0,0.028796065212464084,0.11699945530321296,15.406668515901035,0.6369002723992504,9700.0,0.7280439659953117,0.028419692637988166
socofing:000093:right_thumb,full_image_codec,1.0,0.017052804601721126,0.0929862346659116,17.68204184244245,0.8038973851288652,12169.0,0.6931100934743881,0.01466521152464
socofing:000093:right_index,full_image_codec,1.0,0.01516744244829683,0.08646092195824846,18.19087644278065,0.7919244405207371,11812.0,0.694610521197319,0.008857489876775367
socofing:000093:right_middle,full_image_codec,1.0,0.014160849315230024,0.08378846884424536,18.48910698492552,0.8078477464119896,12480.0,0.7197252213954926,0.010150738423566657
socofing:000093:right_ring,full_image_codec,1.0,0.017318033048157738,0.09125794698882893,17.615014359237968,0.736601207518839,12008.0,0.6998714655637741,0.011250728240692186
socofing:000093:right_little,full_image_codec,1.0,0.02088514713784646,0.10045861010970991,16.80162460742183,0.7299050326666009,10649.0,0.6644593328237534,0.007747022809418887
socofing:000096:left_thumb,full_image_codec,1.0,0.011580979312266199,0.07667914659489894,19.36254714189739,0.8864064795332519,11614.0,0.6721749901771545,0.0018654946549715348
socofing:000096:left_index,full_image_codec,1.0,0.007540593711752982,0.058190645229670816,21.22594458429019,0.8823275699338402,10248.0,0.5624772310256958,0.002004367166929418
socofing:000096:left_middle,full_image_codec,1.0,0.009680081964289159,0.07052876569966379,20.141209653684875,0.8316667252842329,10736.0,0.5385172367095947,0.0042214194563398155
socofing:000096:left_ring,full_image_codec,1.0,0.011144280772551996,0.0779252417912883,19.52947954693038,0.8038982746622015,9707.0,0.5276858657598495,0.006389920230401768
socofing:000096:left_little,full_image_codec,1.0,0.010681520871962964,0.07491787162961681,19.713669065512473,0.8633135122827204,8013.0,0.5662647485733032,0.004052540470237836
socofing:000096:right_thumb,full_image_codec,1.0,0.012221380920488717,0.07735998835107191,19.12879719440049,0.856440794404046,11965.0,0.6669086068868637,0.005689151406374518
socofing:000096:right_index,full_image_codec,1.0,0.012571293948929222,0.07912772554505498,19.006200185783108,0.8772639036301586,10282.0,0.6197921559214592,0.0036001839037901892
socofing:000096:right_middle,full_image_codec,1.0,0.009655737598294205,0.06770136352875702,20.15214545019378,0.8687925781711403,12529.0,0.6760637015104294,0.0038866621908478505
socofing:000096:right_ring,full_image_codec,1.0,0.012403474715298212,0.0767892115491176,19.064566343307078,0.8139626408226752,11865.0,0.6331493109464645,0.005160399501249812
socofing:000096:right_little,full_image_codec,1.0,0.010554590147862159,0.06862823520309366,19.765586263996944,0.8619607755901896,10294.0,0.7453656122088432,0.0030534309764713133
socofing:000097:left_thumb,full_image_codec,1.0,0.01515138312648047,0.0891210563452418,18.19547719849463,0.8055136628267872,10939.0,0.6429816484451294,0.03142231064064153
socofing:000097:left_index,full_image_codec,1.0,0.014746530229054554,0.08495339585426749,18.313101545769207,0.8404995305917407,10207.0,0.6932570319622755,0.004175712692915967
socofing:000097:left_middle,full_image_codec,1.0,0.019116552109765265,0.10041905637631732,17.185904350061357,0.7760770855276176,9090.0,0.6855658292770386,0.010648930025421081
socofing:000097:left_ring,full_image_codec,1.0,0.019168739038688022,0.09664372596573632,17.174064550171586,0.6861961345364506,9487.0,0.7061681002378464,0.01915059870182355
socofing:000097:left_little,full_image_codec,1.0,0.02326932494829627,0.10874090247105649,16.33216215573708,0.6750180481075165,7221.0,0.7134000509977341,0.031178558162423146
socofing:000097:right_thumb,full_image_codec,1.0,0.011261036229235655,0.073948804507041,19.484216443041394,0.8479037262574165,11632.0,0.6600022912025452,0.004565391836515292
socofing:000097:right_index,full_image_codec,1.0,0.012886474518368978,0.07700493015642508,18.898658806790323,0.8190361506836564,10671.0,0.6403782963752747,0.009591652819617411
socofing:000097:right_middle,full_image_codec,1.0,0.01689833927598429,0.09140130832774267,17.72155974600277,0.7457645363123663,11026.0,0.8344383835792542,0.011755561810727127
socofing:000097:right_ring,full_image_codec,1.0,0.019420283664217993,0.09888531488207901,17.11744430818083,0.7305199170915762,11321.0,0.6897431537508965,0.00853101802120742
socofing:000097:right_little,full_image_codec,1.0,0.01866736647077534,0.08904537368212667,17.28916946533139,0.7280242588457417,8392.0,0.7941889092326164,0.018384655808435568
socofing:000103:left_thumb,full_image_codec,1.0,0.01640020486057312,0.09087479822873896,17.851507269973762,0.7562756877208345,11271.0,0.6553743779659271,0.03053380362975308
socofing:000103:left_index,full_image_codec,1.0,0.02771272796067456,0.11854005595840679,15.573207214225754,0.6493423325564458,11945.0,0.7188537083566189,0.0510825952521118
socofing:000103:left_middle,full_image_codec,1.0,0.026425729410738903,0.11914765791201984,15.779730163313406,0.6087340671351464,11611.0,0.7359772846102715,0.06366425708410696
socofing:000103:left_ring,full_image_codec,1.0,0.02663333068642699,0.11726239611586292,15.74574518567256,0.6176253247292294,12036.0,0.727924257516861,0.050147005827338435
socofing:000103:left_little,full_image_codec,1.0,0.016981639328506798,0.08862208478243587,17.70020387298239,0.6210248431940815,9084.0,0.7084822580218315,0.08382931579901945
socofing:000103:right_thumb,full_image_codec,1.0,0.01268902942415089,0.07613397755328527,18.96571595545631,0.7321366256908003,12330.0,0.6459246575832367,0.014862788403909366
socofing:000103:right_index,full_image_codec,1.0,0.026567440073629347,0.11612521694954267,15.756502903566581,0.6528982407264845,10972.0,0.7925605103373528,0.028028281463267694
socofing:000103:right_middle,full_image_codec,1.0,0.03099064290996878,0.12773353872583035,15.087694141009681,0.6271712180648523,11715.0,0.7674122750759125,0.05179885227527207
socofing:000103:right_ring,full_image_codec,1.0,0.024935116254972262,0.11426344385300369,16.031886026300878,0.6462544567313566,11535.0,0.6746842861175537,0.032062354411317356
socofing:000103:right_little,full_image_codec,1.0,0.002351833215059118,0.030352281285039646,26.285934803628304,0.7476736326802046,7651.0,0.347170352935791,0.12574043287163333
socofing:000107:left_thumb,full_image_codec,1.0,0.0138474218566038,0.08296225119476525,18.586310769732282,0.7938752176609986,11407.0,0.5823949873447418,0.005491383247437372
socofing:000107:left_index,full_image_codec,1.0,0.014582280572627426,0.08334082476546595,18.361745499100554,0.8144361807492949,10885.0,0.7659126818180084,0.006990736565941524
socofing:000107:left_middle,full_image_codec,1.0,0.016823823003330726,0.0916521803847662,17.74075309335117,0.7857727252064631,10938.0,0.6926551461219788,0.006634560248202138
socofing:000107:left_ring,full_image_codec,1.0,0.01642507264135007,0.0912544887284864,17.844927010578175,0.7964292496590711,10099.0,0.6291271299123764,0.006549272932034693
socofing:000107:left_little,full_image_codec,1.0,0.02242329814572363,0.10763666623591181,16.493005085500187,0.72051857053329,8882.0,0.6898159384727478,0.00978745971520388
socofing:000107:right_thumb,full_image_codec,1.0,0.013861425719765235,0.08422784070265461,18.581920979794333,0.8752963990159417,11765.0,0.6053085625171661,0.0021744168404791023
socofing:000107:right_index,full_image_codec,1.0,0.011778348513064122,0.07140337557725647,19.28915599357383,0.8359485862203506,9152.0,0.6696672961115837,0.006867905376858228
socofing:000107:right_middle,full_image_codec,1.0,0.01557950728632081,0.08668539520064639,18.07446281337118,0.7775376373550595,12502.0,0.6702571362257004,0.010936175003506026
socofing:000107:right_ring,full_image_codec,1.0,0.015544844494672859,0.08462132680579355,18.084136181330624,0.7173592516880837,8708.0,0.6022979915142059,0.011268224379828962
socofing:000107:right_little,full_image_codec,1.0,0.014705139202193856,0.08260232210784219,18.325308600070635,0.725966132987098,7079.0,0.6125432178378105,0.010450610653428826
socofing:000112:left_thumb,full_image_codec,1.0,0.026114894752376192,0.11959967922910748,15.831117201066874,0.6701053059804885,10658.0,0.7838851138949394,0.009446348475455925
socofing:000112:left_index,full_image_codec,1.0,0.02195191261752806,0.10616954756695214,16.58527634736139,0.6347409871326221,10444.0,0.7652415558695793,0.03890367460093304
socofing:000112:left_middle,full_image_codec,1.0,0.018689964354522144,0.10040780396654733,17.28391526906299,0.5953120096466885,10197.0,0.5886014997959137,0.026306937115026716
socofing:000112:left_ring,full_image_codec,1.0,0.020846347614611124,0.10883975271402098,16.809700246119565,0.6065286864734193,8526.0,0.6450696289539337,0.020030153051090845
socofing:000112:left_little,full_image_codec,1.0,0.02192883836393573,0.10985603724158066,16.589843735889925,0.6453997683541132,8059.0,0.6646921038627625,0.017003668750333007
socofing:000112:right_thumb,full_image_codec,1.0,0.012500830113902933,0.07153738594334945,19.030611468385658,0.6639104232329486,12747.0,0.613983690738678,0.022916921720419904
socofing:000112:right_index,full_image_codec,1.0,0.01191386150531671,0.07427551344416065,19.239474527369495,0.6786523365295671,11726.0,0.6612347364425659,0.027541880193160267
socofing:000112:right_middle,full_image_codec,1.0,0.0154455736050277,0.09025552109427051,18.111959585912402,0.6252980797024733,9934.0,0.5622706115245819,0.022788340720279913
socofing:000112:right_ring,full_image_codec,1.0,0.022642639831856624,0.11135892500954003,16.450729415484922,0.5630857749175091,10626.0,0.650459997355938,0.07316268144302054
socofing:000112:right_little,full_image_codec,1.0,0.028394155353304338,0.1233103173551373,15.46771045834371,0.5640077419473735,10851.0,0.7363865226507187,0.04158752369817291
socofing:000115:left_thumb,full_image_codec,1.0,0.028400352483249326,0.1270627514711326,15.466762697916884,0.6070603329218806,11857.0,0.6912026256322861,0.07336263481493924
socofing:000115:left_index,full_image_codec,1.0,0.020415021165792836,0.10231918899928806,16.900501654748922,0.5726829873973635,10800.0,0.7305092802271247,0.08673855139856101
socofing:000115:left_middle,full_image_codec,1.0,0.02711192885082039,0.11531899524734264,15.668395838776949,0.6110071661375874,10543.0,0.7196337431669235,0.07324139005254379
socofing:000115:left_ring,full_image_codec,1.0,0.026192037864407682,0.11596519148565529,15.81830710095717,0.6120553201893817,10651.0,0.7562936469912529,0.03547421462849641
socofing:000115:left_little,full_image_codec,1.0,0.02161735456088052,0.10351161585198433,16.65197454226725,0.6328830034778302,8765.0,0.7457405775785446,0.05224322298202216
socofing:000115:right_thumb,full_image_codec,1.0,0.023347444430663514,0.11444770821042553,16.317606495904133,0.6756166767898654,11919.0,0.6400095224380493,0.06182916642068738
socofing:000115:right_index,full_image_codec,1.0,0.025751858505312832,0.11739705697707603,15.891914225654793,0.623045725930022,11410.0,0.691397413611412,0.060267377042519374
socofing:000115:right_middle,full_image_codec,1.0,0.02698870525312157,0.11901190807030615,15.68817949638088,0.5730075032188628,11793.0,0.7216254323720932,0.06490794919379969
socofing:000115:right_ring,full_image_codec,1.0,0.02784554953708971,0.12380525649872093,15.552442068074189,0.5987898350421816,9204.0,0.7146909758448601,0.053644257536221276
socofing:000115:right_little,full_image_codec,1.0,0.025856654392898082,0.11182270882190744,15.874276694285479,0.6281361352976718,10934.0,0.7081162184476852,0.05652824690249777
socofing:000118:left_thumb,full_image_codec,1.0,0.009864178592101721,0.07149867599853073,20.05939073388992,0.8436459098267622,9943.0,0.6020392626523972,0.011772763619552302
socofing:000118:left_index,full_image_codec,1.0,0.009051201823721343,0.07018309618864908,20.43293751097917,0.8465612222392871,8916.0,0.5364188253879547,0.008559587643675058
socofing:000118:left_middle,full_image_codec,1.0,0.008697093276438063,0.06716799566842614,20.606258720864176,0.8473390913140351,10314.0,0.48131728172302246,0.005068332217811357
socofing:000118:left_ring,full_image_codec,1.0,0.010330758206105035,0.07340898961874097,19.858678031034522,0.8158054912533375,8268.0,0.5391877591609955,0.012097185094652387
socofing:000118:left_little,full_image_codec,1.0,0.009169758109257546,0.06861530245093449,20.37642120513212,0.7782952164457295,8022.0,0.48269590735435486,0.012495336264312807
socofing:000118:right_thumb,full_image_codec,1.0,0.009259763299747023,0.06328600385078947,20.334001147141336,0.8593616120736197,11357.0,0.632187694311142,0.004026180325019749
socofing:000118:right_index,full_image_codec,1.0,0.008717176577953173,0.05833264640171844,20.596241567154948,0.8352189558983649,11093.0,0.6366287916898727,0.007689153683489718
socofing:000118:right_middle,full_image_codec,1.0,0.007027017570355869,0.06022682430927091,21.532289605514308,0.8146452135627572,10727.0,0.4044734239578247,0.009436474767808355
socofing:000118:right_ring,full_image_codec,1.0,0.007603846769671997,0.06358231306840925,21.189666434841886,0.8072709836851044,8572.0,0.4418794959783554,0.006768896161456823
socofing:000118:right_little,full_image_codec,1.0,0.009584700036183866,0.07132216420377192,20.184214743006407,0.7897209382402347,7555.0,0.5329738855361938,0.008030524533220477
socofing:000132:left_thumb,full_image_codec,1.0,0.011354790261050884,0.0725541122442754,19.448208834001687,0.8504290539066153,12366.0,0.6625079363584518,0.0076162285433962
socofing:000132:left_index,full_image_codec,1.0,0.009572141947013774,0.06809769008146696,20.189908697799,0.8983214977798505,10374.0,0.6090083420276642,0.004742782670702612
socofing:000132:left_middle,full_image_codec,1.0,0.014101630088199913,0.08217680668621596,18.507306818558725,0.8385045400886537,11980.0,0.7324737831950188,0.010361689913738398
socofing:000132:left_ring,full_image_codec,1.0,0.01754204790188674,0.0929823725089719,17.55919707402593,0.7863854128078127,11532.0,0.659048780798912,0.00837762953915577
socofing:000132:left_little,full_image_codec,1.0,0.02087924433970339,0.1004233959022748,16.80285223343897,0.7583756472507771,11216.0,0.7085598101839423,0.011069433265542772
socofing:000132:right_thumb,full_image_codec,1.0,0.013256795143033975,0.0803448061628445,18.77561454809342,0.8544213666391622,11949.0,0.6717605441808701,0.01063723512727523
socofing:000132:right_index,full_image_codec,1.0,0.015227564924444737,0.08425482142774103,18.173695401589672,0.8076040728691651,11638.0,0.6418948099017143,0.02468186703187235
socofing:000132:right_middle,full_image_codec,1.0,0.012475853480756338,0.07751750248989257,19.03929734337519,0.8380633210684981,11380.0,0.6038997024297714,0.00911984422611506
socofing:000132:right_ring,full_image_codec,1.0,0.0110824580558543,0.06971963147436311,19.55363903714213,0.853465997228523,11794.0,0.6678222268819809,0.005576874151908035
socofing:000132:right_little,full_image_codec,1.0,0.01760692305173638,0.09157391054560991,17.54316533777743,0.715844858506388,10710.0,0.6923244521021843,0.011516985567428455
socofing:000138:left_thumb,full_image_codec,1.0,0.011081856084654371,0.07392110943490776,19.5538749413698,0.8805362104888268,9403.0,0.5881551206111908,0.0033233664916838073
socofing:000138:left_index,full_image_codec,1.0,0.009357936760753183,0.06357874643131169,20.28819894017608,0.8927927310987961,10834.0,0.7384236305952072,0.005434087866106605
socofing:000138:left_middle,full_image_codec,1.0,0.009947308114425044,0.06544404593571174,20.022944297287097,0.8944778593901979,9065.0,0.6827732175588608,0.0021299282061621513
socofing:000138:left_ring,full_image_codec,1.0,0.01250014474165009,0.07498535341393077,19.03084958181064,0.854360309761774,9675.0,0.6215605102479458,0.0031778699288211214
socofing:000138:left_little,full_image_codec,1.0,0.014928166420721908,0.08336371316372243,18.259935320114064,0.8711972144542015,8937.0,0.7891836613416672,0.004508748729017713
socofing:000138:right_thumb,full_image_codec,1.0,0.012801885615117503,0.07854521366951532,18.9272605754526,0.8722184280403416,9159.0,0.6060196682810783,0.0030224347489365496
socofing:000138:right_index,full_image_codec,1.0,0.011522255618649224,0.07237463803648356,19.384624942772223,0.8537633834946646,8276.0,0.7733012996613979,0.006494092644045219
socofing:000138:right_middle,full_image_codec,1.0,0.010063503512381545,0.06907874107642967,19.972507974902058,0.854296148031402,7302.0,0.5755954906344414,0.0038974368139110616
socofing:000138:right_ring,full_image_codec,1.0,0.01107136070957147,0.07053404146587171,19.557989995059177,0.8450282826611707,9252.0,0.6127158999443054,0.005718807341516175
socofing:000138:right_little,full_image_codec,1.0,0.009454114178180912,0.06128561324483168,20.243791569882042,0.8198581881882622,7972.0,0.6345387399196625,0.015289037350100048
socofing:000153:left_thumb,full_image_codec,1.0,0.01887534693302185,0.09970617047410513,17.24105057197461,0.7757096440275624,12553.0,0.7327012270689011,0.008813521255918387
socofing:000153:left_index,full_image_codec,1.0,0.01858230388424376,0.09356790651182638,17.309004420008744,0.7698685841569642,11840.0,0.7336596772074699,0.009143350572024702
socofing:000153:left_middle,full_image_codec,1.0,0.019410146105227306,0.09981868997164722,17.119711955516074,0.719022412142549,11537.0,0.6585748195648193,0.018057712101669756
socofing:000153:left_ring,full_image_codec,1.0,0.02444063745360458,0.11362416002396035,16.11887471139277,0.6617070694173267,11360.0,0.6900998800992966,0.02911123182698231
socofing:000153:left_little,full_image_codec,1.0,0.01913917818550416,0.09917371384985142,17.180767142688527,0.7850596446009054,9882.0,0.677617191337049,0.010121717401669365
socofing:000153:right_thumb,full_image_codec,1.0,0.020615247397623004,0.10620743373568958,16.85811448988851,0.720321786229884,12418.0,0.6892179772257805,0.028019207807881193
socofing:000153:right_index,full_image_codec,1.0,0.017498534135143826,0.08897044811526665,17.56998330952702,0.7094351307405347,11577.0,0.7275850027799606,0.029587987813340495
socofing:000153:right_middle,full_image_codec,1.0,0.02440217779135387,0.1131685496591772,16.125714129824996,0.6003100192338183,12054.0,0.7309876084327698,0.055994017078161
socofing:000153:right_ring,full_image_codec,1.0,0.019062548930308468,0.0943772559196145,17.19819028547922,0.6457092425362623,11462.0,0.6966441199183464,0.018668982967159655
socofing:000153:right_little,full_image_codec,1.0,0.021258957251360254,0.10257153773069283,16.72458041368998,0.7093429721394912,9785.0,0.6685895770788193,0.0148912371201771
socofing:000161:left_thumb,full_image_codec,1.0,0.025370344538414635,0.11802877792480682,15.956736348627684,0.6503739506599835,12410.0,0.7333957403898239,0.011934381371366886
socofing:000161:left_index,full_image_codec,1.0,0.0222911973727617,0.10770892629646543,16.518666027437778,0.6710583553644743,10633.0,0.6641336008906364,0.023952365951788873
socofing:000161:left_middle,full_image_codec,1.0,0.02717380386040479,0.12025356678977019,15.658495636449361,0.6070164424695622,11771.0,0.6564330384135246,0.05594896984320219
socofing:000161:left_ring,full_image_codec,1.0,0.039807909130439946,0.1518447169866958,14.000306326886772,0.49272736136720435,9191.0,0.7632876336574554,0.04015389941676629
socofing:000161:left_little,full_image_codec,1.0,0.03318927728932459,0.13719381489891153,14.790022044360974,0.5222928347392644,7391.0,0.7225899547338486,0.06153969921674061
socofing:000161:right_thumb,full_image_codec,1.0,0.01931485195342631,0.10127947459489084,17.141086163338866,0.7598849396571556,12493.0,0.6441244333982468,0.012267609707893954
socofing:000161:right_index,full_image_codec,1.0,0.016224908847006003,0.08995859283952776,17.898177344261143,0.765360594305694,11544.0,0.5905998945236206,0.01039648940643991
socofing:000161:right_middle,full_image_codec,1.0,0.02373538035531913,0.1114565473854122,16.246038043967392,0.7015301034701146,12532.0,0.6956336945295334,0.015178056407272895
socofing:000161:right_ring,full_image_codec,1.0,0.021616300050420967,0.1068808716741131,16.652186399477984,0.5983995749379067,11727.0,0.6031015813350677,0.016551610292788906
socofing:000161:right_little,full_image_codec,1.0,0.025095746552911954,0.11538813046609263,16.00399880317149,0.6123770040524662,9607.0,0.6469304412603378,0.019610589702316446
socofing:000163:left_thumb,full_image_codec,1.0,0.012222298051560861,0.08089733300572735,19.12847129831549,0.7816198816239475,10384.0,0.5398730635643005,0.006022667626791643
socofing:000163:left_index,full_image_codec,1.0,0.014588025550260975,0.09068014982642922,18.360034847106256,0.6993867898298658,9848.0,0.5331657230854034,0.013724274562597769
socofing:000163:left_middle,full_image_codec,1.0,0.017021579526233847,0.09921426995375447,17.69000141801461,0.5903512389194103,10194.0,0.5728127360343933,0.02838364963228931
socofing:000163:left_ring,full_image_codec,1.0,0.013716323690742346,0.08704725903009071,18.627622745453923,0.6696856335837851,7350.0,0.47594504058361053,0.051202337515323194
socofing:000163:left_little,full_image_codec,1.0,0.01139627245386746,0.08128843106091295,19.432371765090103,0.5851328296125706,6570.0,0.37713441252708435,0.04311053069543161
socofing:000163:right_thumb,full_image_codec,1.0,0.01628440325320479,0.08889177657067679,17.88228151657829,0.6627118950114567,12398.0,0.7702020853757858,0.025049648314288533
socofing:000163:right_index,full_image_codec,1.0,0.014091061690010242,0.0800572983213924,18.510562837719597,0.687764932419982,10902.0,0.6010187864303589,0.035093885750444476
socofing:000163:right_middle,full_image_codec,1.0,0.01748174848547566,0.095666434076735,17.574151323642088,0.6507384137191847,10999.0,0.6206063479185104,0.03338808163695981
socofing:000163:right_ring,full_image_codec,1.0,0.012857435004977331,0.0853457631176002,18.908456623831928,0.6195905460834085,9646.0,0.4904838800430298,0.02324635999071342
socofing:000163:right_little,full_image_codec,1.0,0.012491770192329365,0.08194872026388814,19.033760139648365,0.6878815869941224,8548.0,0.44636985659599304,0.028437150726961874
socofing:000185:left_thumb,full_image_codec,1.0,0.02657254382804932,0.12249877273957403,15.755668679607274,0.633028126501431,11694.0,0.7637656256556511,0.024432267233327348
socofing:000185:left_index,full_image_codec,1.0,0.01770329066238674,0.09668993508266337,17.51946000096551,0.7510272337717561,8055.0,0.6124963089823723,0.0063707614968070035
socofing:000185:left_middle,full_image_codec,1.0,0.02346877298733808,0.11488512408010579,16.295096159300996,0.6071099046693352,11543.0,0.6933048963546753,0.03466815899372477
socofing:000185:left_ring,full_image_codec,1.0,0.020513432544518068,0.10493238273427827,16.879616623808968,0.6552190968775614,9846.0,0.6272151470184326,0.027385543780138563
socofing:000185:left_little,full_image_codec,1.0,0.0178385293203705,0.09318051828451547,17.48640953456299,0.7340297243095807,7606.0,0.6269578859210014,0.015616420335385529
socofing:000185:right_thumb,full_image_codec,1.0,0.01403109424564694,0.08494984055065645,18.5290845824355,0.7962103472072185,12487.0,0.6154146492481232,0.012594455112171297
socofing:000185:right_index,full_image_codec,1.0,0.01867149064044194,0.09950717795781885,17.28821008720657,0.6870404589357963,12347.0,0.6433224081993103,0.020790614934240174
socofing:000185:right_middle,full_image_codec,1.0,0.015259192313791501,0.08814214294150359,18.16468453468079,0.7335137212511925,9168.0,0.7586757391691208,0.014320894096302755
socofing:000185:right_ring,full_image_codec,1.0,0.01549959418944061,0.09096578466763738,18.09679672384147,0.7163946886473181,8465.0,0.5611019134521484,0.012060703323556523
socofing:000185:right_little,full_image_codec,1.0,0.018227369040618013,0.09750311989351446,17.392760133856516,0.7297545264492945,9810.0,0.6112443208694458,0.012363124255731725
socofing:000200:left_thumb,full_image_codec,1.0,0.011180351518996974,0.07474295678316582,19.515445416767218,0.8820012486733809,11143.0,0.6785828471183777,0.0016606498425433406
socofing:000200:left_index,full_image_codec,1.0,0.013654247826235616,0.07869819987964508,18.647322189158743,0.8405589277107107,10367.0,0.6798356473445892,0.011947539324439491
socofing:000200:left_middle,full_image_codec,1.0,0.016281841629278263,0.08915080782135577,17.882964738817947,0.7456129296715704,10204.0,0.6288500353693962,0.010696630092914931
socofing:000200:left_ring,full_image_codec,1.0,0.014548774092340745,0.08029514686561627,18.371735996239046,0.7664158479315046,9401.0,0.7191556394100189,0.014952639911049987
socofing:000200:left_little,full_image_codec,1.0,0.016709097986555742,0.08732078267767768,17.770469941541826,0.7696779005122567,8405.0,0.6908091306686401,0.01807247369123458
socofing:000200:right_thumb,full_image_codec,1.0,0.011076396626021919,0.07354219395709431,19.556015013366622,0.8897055179451226,11587.0,0.6896402165293694,0.0051521963051796476
socofing:000200:right_index,full_image_codec,1.0,0.007796592017303518,0.05611829270634369,21.080951910928558,0.8296974488965072,11657.0,0.5063514411449432,0.006697480905667902
socofing:000200:right_middle,full_image_codec,1.0,0.01639854108461759,0.0846836225932966,17.851947877500912,0.7435957184645265,10563.0,0.6972562000155449,0.009939899311160917
socofing:000200:right_ring,full_image_codec,1.0,0.014729109541486218,0.08068622266204063,18.31823507937302,0.7485278420964477,10528.0,0.6753725335001945,0.01155243954931538
socofing:000200:right_little,full_image_codec,1.0,0.017396900674443848,0.09024286085865564,17.59528116078256,0.7457323813023253,8852.0,0.6481026113033295,0.018490880816784565
socofing:000203:left_thumb,full_image_codec,1.0,0.011910264630804598,0.07760448837628836,19.240785889436374,0.9176173605904838,9715.0,0.6800864040851593,0.000934989018416849
socofing:000203:left_index,full_image_codec,1.0,0.008801547827897764,0.06089768022862115,20.554409467129858,0.9037068852347664,9047.0,0.5636875033378601,0.0011915560950501473
socofing:000203:left_middle,full_image_codec,1.0,0.012543475668574326,0.07659358352369046,19.01582108279228,0.8942700749723298,9336.0,0.6466428935527802,0.00160597131935584
socofing:000203:left_ring,full_image_codec,1.0,0.015790341710770456,0.0875773765271204,18.016084715435586,0.860198180035889,8829.0,0.7285856008529663,0.002008124184221107
socofing:000203:left_little,full_image_codec,1.0,0.013288921728822982,0.08165503859315144,18.765102565456214,0.8913750678032757,6748.0,0.6276502013206482,0.004150478860913176
socofing:000203:right_thumb,full_image_codec,1.0,0.015445496319836556,0.08664435837522513,18.111981316808826,0.8687618956413655,10766.0,0.7065039724111557,0.0037945443480707844
socofing:000203:right_index,full_image_codec,1.0,0.009582072768993264,0.06726208773166577,20.185405353092,0.9011920753576625,8330.0,0.5800933688879013,0.0025924257769458603
socofing:000203:right_middle,full_image_codec,1.0,0.010438895468744516,0.07048380296683779,19.813454512577373,0.8867378023076207,9852.0,0.580028235912323,0.0017209109178733324
socofing:000203:right_ring,full_image_codec,1.0,0.014819027755184679,0.08235242506887122,18.291802885570416,0.8107869001461514,8612.0,0.6824414692819118,0.004439909731583364
socofing:000203:right_little,full_image_codec,1.0,0.010302904967212782,0.06786726269714781,19.8704030603712,0.8818944099667269,8585.0,0.6031494587659836,0.003458845651427305
socofing:000206:left_thumb,full_image_codec,1.0,0.013112824682341127,0.08347454494539024,18.823037452423602,0.8879647645638129,11295.0,0.6835479140281677,0.0013245398075634558
socofing:000206:left_index,full_image_codec,1.0,0.009603888262497114,0.06558944389461334,20.175529014329214,0.8760695784579489,11979.0,0.6476883143186569,0.002686578218247547
socofing:000206:left_middle,full_image_codec,1.0,0.021819980409407833,0.10171048126091843,16.611456436693036,0.6957935461673976,12271.0,0.7766780816018581,0.01737367720154775
socofing:000206:left_ring,full_image_codec,1.0,0.011676983246448471,0.07711232473008123,19.326693428953863,0.8308588394761743,11884.0,0.5916513800621033,0.004861044116228698
socofing:000206:left_little,full_image_codec,1.0,0.008692941612718465,0.06234128670674018,20.608332373608278,0.8488862354058929,11124.0,0.5735563486814499,0.003680012462977514
socofing:000206:right_thumb,full_image_codec,1.0,0.012594468020643625,0.08036577788956942,18.998201719989975,0.8927918356738814,12801.0,0.6656087636947632,0.005242215145308166
socofing:000206:right_index,full_image_codec,1.0,0.009188484586926424,0.06770846678749154,20.3675610883198,0.8817796019351615,12107.0,0.5488402172923088,0.004977223024743917
socofing:000206:right_middle,full_image_codec,1.0,0.011472894294767914,0.0749254720086703,19.4032700775844,0.8512383708256875,12272.0,0.649483785033226,0.003596938825269712
socofing:000206:right_ring,full_image_codec,1.0,0.01444320871207152,0.08434172547740283,18.40336312919986,0.7938315345615659,12098.0,0.7495461031794548,0.005200679089461533
socofing:000206:right_little,full_image_codec,1.0,0.01135297062721394,0.07130795199621055,19.448904857656373,0.7994176444422844,9709.0,0.5970115661621094,0.008114584375940636
socofing:000214:left_thumb,full_image_codec,1.0,0.014909461322000462,0.08676305008856343,18.265380472987747,0.8731318054610827,9693.0,0.6879771798849106,0.004848863652616298
socofing:000214:left_index,full_image_codec,1.0,0.01121794698161105,0.0716859331888687,19.500866168891847,0.8344050305816997,9561.0,0.7296586483716965,0.008157939208611346
socofing:000214:left_middle,full_image_codec,1.0,0.01633848688597742,0.08663136491723063,17.8678816613276,0.7971216216179181,9266.0,0.7492051646113396,0.011903311182139418
socofing:000214:left_ring,full_image_codec,1.0,0.018573604058986695,0.09522634460632848,17.311038167200433,0.7411367297229936,7195.0,0.7192681133747101,0.01635850114961951
socofing:000214:left_little,full_image_codec,1.0,0.017747105194365384,0.09305516951049755,17.50872476447827,0.806782990823202,7058.0,0.5995010733604431,0.008827392787928077
socofing:000214:right_thumb,full_image_codec,1.0,0.012002556276805203,0.07711687693099896,19.207262490623034,0.8104382817015006,10425.0,0.660739179700613,0.010547972697128484
socofing:000214:right_index,full_image_codec,1.0,0.008668694510420063,0.06303105352461001,20.620463015561654,0.8614125656237925,11127.0,0.5211629569530487,0.003977591396129963
socofing:000214:right_middle,full_image_codec,1.0,0.00671046292732093,0.0509649473371052,21.732475186020743,0.8169815596408913,8510.0,0.4818859398365021,0.004176874845972601
socofing:000214:right_ring,full_image_codec,1.0,0.010082087742987045,0.06646891468311167,19.964495272778244,0.8183852555732223,10186.0,0.5763653963804245,0.011049740019536725
socofing:000214:right_little,full_image_codec,1.0,0.012662250484075129,0.06885486174485225,18.974890995354727,0.7889270665736208,10443.0,0.7682680934667587,0.013626113819122793
socofing:000217:left_thumb,full_image_codec,1.0,0.014253385853585963,0.07983483562220565,18.460819579106666,0.8811523271876263,11000.0,0.6618327498435974,0.0021692337076089103
socofing:000217:left_index,full_image_codec,1.0,0.013757506973863276,0.08198412231647223,18.614602583671005,0.8939197377872663,8711.0,0.758034273982048,0.0017196119780076044
socofing:000217:left_middle,full_image_codec,1.0,0.011751080253922417,0.07685393505067592,19.299222077111423,0.9081987552623522,9999.0,0.7137187570333481,0.0008577083152439491
socofing:000217:left_ring,full_image_codec,1.0,0.01237037023667167,0.07739547230087455,19.076173020412682,0.8853308824594928,8328.0,0.6159228533506393,0.0011818868905954666
socofing:000217:left_little,full_image_codec,1.0,0.01453595665124697,0.082925125840744,18.375563808398343,0.8742828923227237,9515.0,0.6055305004119873,0.0032745013553939265
socofing:000217:right_thumb,full_image_codec,1.0,0.009632084966157523,0.06564563503539579,20.162796950884715,0.908930488295321,12312.0,0.705997459590435,0.0011087941771808839
socofing:000217:right_index,full_image_codec,1.0,0.009674500368971684,0.06707594941638126,20.14371454484921,0.89611474300883,11540.0,0.7305300682783127,0.0011493896455887006
socofing:000217:right_middle,full_image_codec,1.0,0.011797810662367986,0.07406960012123867,19.2819857790315,0.8965425427690853,10423.0,0.7418799251317978,0.0018384006709195003
socofing:000217:right_ring,full_image_codec,1.0,0.0103165236123186,0.06715153956066756,19.864666234777154,0.8641174798939502,9823.0,0.5995912849903107,0.0018939357842205078
socofing:000217:right_little,full_image_codec,1.0,0.013238310594420393,0.08109315564912319,18.781674338037526,0.8880735321382645,9778.0,0.6940510869026184,0.002048022451770105
socofing:000241:left_thumb,full_image_codec,1.0,0.013581007414611684,0.08219686035728939,18.670680136800076,0.885533787060881,10696.0,0.7161019891500473,0.0015498071244458437
socofing:000241:left_index,full_image_codec,1.0,0.015846185756885813,0.08487654784396097,18.000752573632607,0.8182752459055714,10337.0,0.6871611177921295,0.006127720471658763
socofing:000241:left_middle,full_image_codec,1.0,0.014176473346467077,0.08260834408203067,18.484317943053128,0.7964203727704431,10601.0,0.6225639581680298,0.00714078879784565
socofing:000241:left_ring,full_image_codec,1.0,0.021083557785741537,0.10448367252095461,16.760561014129866,0.6711444890064419,10075.0,0.6163632869720459,0.015454199332392308
socofing:000241:left_little,full_image_codec,1.0,0.02437386176185466,0.1122798051515887,16.13075656330465,0.6226120189094106,8223.0,0.670044407248497,0.017353378383028258
socofing:000241:right_thumb,full_image_codec,1.0,0.006895857129204503,0.05522052262071883,21.614117449560915,0.8727662854159267,11276.0,0.5488126128911972,0.00125446612225702
socofing:000241:right_index,full_image_codec,1.0,0.014700672047206778,0.0832419321070694,18.32662810848968,0.8518051353053584,9728.0,0.6372815817594528,0.004892894533683745
socofing:000241:right_middle,full_image_codec,1.0,0.020293935700131115,0.10056100954848622,16.92633719989973,0.7703549785599271,10710.0,0.7455100938677788,0.007848625522126274
socofing:000241:right_ring,full_image_codec,1.0,0.020358642072504724,0.10204968749042062,16.91251192940658,0.7221549605606772,8724.0,0.6513029932975769,0.016420334781976742
socofing:000241:right_little,full_image_codec,1.0,0.03145030928011994,0.12716964372335518,15.023750793764545,0.5933584324903962,9256.0,0.7185074687004089,0.039014150871563014
socofing:000249:left_thumb,full_image_codec,1.0,0.008235220654723539,0.06724309942213377,20.843247598403103,0.8440326582137371,10812.0,0.5800351351499557,0.0038247488378125743
socofing:000249:left_index,full_image_codec,1.0,0.0061243732557661225,0.056054848874041094,22.1293834867598,0.8124255033006985,10554.0,0.45049262046813965,0.0049461818809384455
socofing:000249:left_middle,full_image_codec,1.0,0.006129555896552409,0.05706487401599326,22.12570990190159,0.8024574275982573,9802.0,0.41248326003551483,0.005912054501228
socofing:000249:left_ring,full_image_codec,1.0,0.004482738594595423,0.04938860062610964,23.48456585746025,0.8080680154342259,9167.0,0.43597128987312317,0.0045604122289418045
socofing:000249:left_little,full_image_codec,1.0,0.013288921728822982,0.08165503859315144,18.765102565456214,0.8913750678032757,6748.0,0.6276502013206482,0.004150478860913176
socofing:000249:right_thumb,full_image_codec,1.0,0.004571956365949005,0.0392865019230506,23.39897923096965,0.7492811559571477,12029.0,0.6169324219226837,0.006838988260137697
socofing:000249:right_index,full_image_codec,1.0,0.006741033283887821,0.049592847379277494,21.712735285245923,0.8212225331506282,11181.0,0.6147123575210571,0.003739909633324441
socofing:000249:right_middle,full_image_codec,1.0,0.007147202245850454,0.0629314410107725,21.458639284047656,0.8294879519729506,9866.0,0.5233381986618042,0.004001815688672376
socofing:000249:right_ring,full_image_codec,1.0,0.008634821131765835,0.06693960337699215,20.637466543086425,0.8021324565516572,10270.0,0.4744700789451599,0.0051155885757802845
socofing:000249:right_little,full_image_codec,1.0,0.003652317707571349,0.04095478782429023,24.374314511148242,0.7933852972572775,7345.0,0.44302898645401,0.01850156818806203
socofing:000256:left_thumb,full_image_codec,1.0,0.01912965680649138,0.09994454098311983,17.18292821315307,0.8095771206045684,11134.0,0.7052925750613213,0.008026666863526398
socofing:000256:left_index,full_image_codec,1.0,0.020981183675163766,0.10310695554222311,16.7817001427921,0.7649791856606049,10870.0,0.7020960301160812,0.014977234323148075
socofing:000256:left_middle,full_image_codec,1.0,0.015408377515278926,0.08829015979585451,18.122430895916864,0.8463002744266593,12116.0,0.5834722816944122,0.005139649596403361
socofing:000256:left_ring,full_image_codec,1.0,0.01663670166604523,0.09364367498086959,17.78932771207718,0.8100843356990596,11773.0,0.5688488483428955,0.007072386409311181
socofing:000256:left_little,full_image_codec,1.0,0.01944386953218285,0.09803861904107362,17.112173016914653,0.7993139578117854,9635.0,0.6758182048797607,0.007450431243356994
socofing:000256:right_thumb,full_image_codec,1.0,0.015414436919626942,0.08887933467406876,18.120723351713576,0.8268381741983126,11657.0,0.6660506054759026,0.008897388074985739
socofing:000256:right_index,full_image_codec,1.0,0.0111743597358624,0.07359371343039994,19.51777351520227,0.8433376583023939,8464.0,0.6390480697154999,0.006812781263768583
socofing:000256:right_middle,full_image_codec,1.0,0.014649723243107213,0.08559153402862077,18.341705797553793,0.8493153284278486,12591.0,0.6543276272714138,0.004813448780594219
socofing:000256:right_ring,full_image_codec,1.0,0.016184069311687362,0.09123077481160764,17.909122702756296,0.7947078097592156,10010.0,0.6449711285531521,0.006444930275295426
socofing:000256:right_little,full_image_codec,1.0,0.019274688065093967,0.0981119208333837,17.150126416922898,0.7357672497534155,8804.0,0.6104404889047146,0.019338064770147996
socofing:000263:left_thumb,full_image_codec,1.0,0.02086804112662365,0.10963155091917735,16.805183160435814,0.5471087935539837,9783.0,0.6060431897640228,0.0705800577853075
socofing:000263:left_index,full_image_codec,1.0,0.024458994238065433,0.11498471824992146,16.115614052653417,0.5675625118213136,8384.0,0.6965832561254501,0.09632722520203639
socofing:000263:left_middle,full_image_codec,1.0,0.024027866477024543,0.11455787594560711,16.192847900946077,0.516190959460849,9644.0,0.6244046986103058,0.06386849086631359
socofing:000263:left_ring,full_image_codec,1.0,0.022602352273840096,0.11037886450690525,16.458463605699496,0.5173055827407526,9009.0,0.6445039808750153,0.05815789975411576
socofing:000263:left_little,full_image_codec,1.0,0.017334676942353626,0.09818429687853765,17.610842476597632,0.5560602444245967,7776.0,0.5825725197792053,0.06724669195759983
socofing:000263:right_thumb,full_image_codec,1.0,0.012661488401235791,0.07397673883572903,18.975152385170407,0.6630435847537908,11114.0,0.629545733332634,0.02715912535660886
socofing:000263:right_index,full_image_codec,1.0,0.02326206283718796,0.11073962175094898,16.333517754594975,0.5982982687783709,10794.0,0.6982602328062057,0.026776603561947904
socofing:000263:right_middle,full_image_codec,1.0,0.02946097419634504,0.1296831870456418,15.307528962883076,0.4938690535272577,10565.0,0.6890973374247551,0.0872758715370444
socofing:000263:right_ring,full_image_codec,1.0,0.017942207992812938,0.09442705362042444,17.4612411312641,0.5521602909863904,10066.0,0.6713494639843702,0.06853215093361502
socofing:000263:right_little,full_image_codec,1.0,0.014663884334367619,0.09003790863534104,18.33750973655769,0.5580069420236043,8930.0,0.5530889481306076,0.04150859377135423
socofing:000274:left_thumb,full_image_codec,1.0,0.013625926399753251,0.08417323419382525,18.65633961225724,0.8980034068216409,12486.0,0.6144461929798126,0.002223178133404113
socofing:000274:left_index,full_image_codec,1.0,0.00852430812097731,0.057635178304071166,20.693408605977087,0.843955314015077,11757.0,0.6435057520866394,0.004212563985406704
socofing:000274:left_middle,full_image_codec,1.0,0.013565154513877237,0.08159546139084667,18.675752550434037,0.8522406868393062,12725.0,0.6655741780996323,0.0029145008437974507
socofing:000274:left_ring,full_image_codec,1.0,0.014233880027394261,0.08538523249239668,18.46676699016346,0.8454841194261966,12401.0,0.8267427980899811,0.005702750033060619
socofing:000274:left_little,full_image_codec,1.0,0.012967644856005133,0.07960124997861308,18.871388919896827,0.8543874354803793,10967.0,0.6098749041557312,0.004669759121087151
socofing:000274:right_thumb,full_image_codec,1.0,0.012540986256722137,0.07880983295591387,19.01668308081907,0.9134683864446292,12823.0,0.6975694224238396,0.0014014840191292467
socofing:000274:right_index,full_image_codec,1.0,0.01125006834285808,0.07438278117374636,19.488448392560866,0.9011752450821173,11713.0,0.623111829161644,0.003031545350307324
socofing:000274:right_middle,full_image_codec,1.0,0.014748427464339648,0.08841531397017884,18.312542834124393,0.8701545912764115,12550.0,0.7246620506048203,0.0020230508635691534
socofing:000274:right_ring,full_image_codec,1.0,0.016196084935512594,0.09300767436862295,17.905899543704237,0.8523029689142843,12055.0,0.7194163724780083,0.0027871401851776337
socofing:000274:right_little,full_image_codec,1.0,0.013604803982086881,0.08235939554386358,18.663077111507647,0.8496102978459996,10954.0,0.6461151540279388,0.005382522112896874
socofing:000284:left_thumb,full_image_codec,1.0,0.008613235003035007,0.07052796149605439,20.648337033551755,0.8149494529348068,11833.0,0.5501456260681152,0.005236346666898935
socofing:000284:left_index,full_image_codec,1.0,0.011474859188275297,0.07734089588698669,19.4025263512667,0.8923130213006457,7800.0,0.5873245894908905,0.0022728713645703722
socofing:000284:left_middle,full_image_codec,1.0,0.006583725008170595,0.05862597540400958,21.81528317213799,0.7797635890458972,11097.0,0.4501411020755768,0.010557068921710124
socofing:000284:left_ring,full_image_codec,1.0,0.008971135831383972,0.06862758237772006,20.471525676500217,0.758647743561644,9531.0,0.4940885901451111,0.021668556840439453
socofing:000284:left_little,full_image_codec,1.0,0.006532028268447362,0.05880372058293477,21.849519444491268,0.7631095830650502,8988.0,0.39365479350090027,0.012354073138614153
socofing:000284:right_thumb,full_image_codec,1.0,0.009604822306021193,0.06482880341349803,20.175106653913883,0.8044318830858224,11749.0,0.6138439178466797,0.011455970441744486
socofing:000284:right_index,full_image_codec,1.0,0.005090954243159465,0.05126559310784078,22.93200806327945,0.7413895775164923,11388.0,0.4246197044849396,0.025202421142908958
socofing:000284:right_middle,full_image_codec,1.0,0.00600614702339577,0.05737738974775167,22.214040409901873,0.7689258944557067,10531.0,0.4625619053840637,0.014207592238386232
socofing:000284:right_ring,full_image_codec,1.0,0.006442449908513602,0.06020183830403152,21.90948949500489,0.7387802365967943,10046.0,0.43064457178115845,0.01370660510966106
socofing:000284:right_little,full_image_codec,1.0,0.009754947311246771,0.07460146009940298,20.10775071989256,0.7263602827064497,9787.0,0.4247741103172302,0.01931544928797948
socofing:000289:left_thumb,full_image_codec,1.0,0.011557907478173512,0.07365921504566308,19.371207864122493,0.8621949730032751,8889.0,0.6203971467912197,0.005178784671407976
socofing:000289:left_index,full_image_codec,1.0,0.007778794364733078,0.05691542332421241,21.090877090923104,0.8537214262363508,8639.0,0.5205136239528656,0.006038846646187464
socofing:000289:left_middle,full_image_codec,1.0,0.020475719623391234,0.09980261617932808,16.887608259301395,0.7946461251529562,11616.0,0.7498676776885986,0.0064753364197266275
socofing:000289:left_ring,full_image_codec,1.0,0.015895000576662318,0.08710150824496979,17.987394519932312,0.8135457067797705,9381.0,0.7034839978441596,0.01391414647792015
socofing:000289:left_little,full_image_codec,1.0,0.015976141787284997,0.08813871750207312,17.965280937831835,0.8239896936290567,9760.0,0.7153712958097458,0.01757884152145437
socofing:000289:right_thumb,full_image_codec,1.0,0.013701155803953875,0.07863439398777192,18.63242795025596,0.8380657967314413,7147.0,0.6937145441770554,0.020601792341573232
socofing:000289:right_index,full_image_codec,1.0,0.01619656883022612,0.08990306059289971,17.905769790331487,0.8397560452291203,12040.0,0.7379240319132805,0.012122442498379089
socofing:000289:right_middle,full_image_codec,1.0,0.0140026990305385,0.08224160029642445,18.53788245672234,0.8596885913341713,12124.0,0.6727946102619171,0.006175232255144361
socofing:000289:right_ring,full_image_codec,1.0,0.015449905909232352,0.08685173712440002,18.110741611081185,0.8094629195993572,12049.0,0.7507734820246696,0.034567615361927026
socofing:000289:right_little,full_image_codec,1.0,0.013845885897826071,0.0776387397193389,18.586792516750876,0.8119611858392177,10779.0,0.6959904879331589,0.020120703838287637
socofing:000291:left_thumb,full_image_codec,1.0,0.013024096668292627,0.07965937514763295,18.852523889943196,0.8772307226187032,11879.0,0.7093883082270622,0.003388517696525495
socofing:000291:left_index,full_image_codec,1.0,0.013900317745767327,0.08243052590909539,18.56975272144741,0.785177565965846,10016.0,0.6522860452532768,0.011532984453826655
socofing:000291:left_middle,full_image_codec,1.0,0.017131374266792496,0.09221159494078653,17.66207796839212,0.799828769431146,10033.0,0.6059654057025909,0.006168857864231226
socofing:000291:left_ring,full_image_codec,1.0,0.02623801260733753,0.11422850623358713,15.810690635934064,0.6859396603425502,9912.0,0.7277290225028992,0.02139901369372457
socofing:000291:left_little,full_image_codec,1.0,0.020602623953885953,0.10352066004268405,16.86077464285093,0.7185449451276181,7810.0,0.6029625535011292,0.01596137004846483
socofing:000291:right_thumb,full_image_codec,1.0,0.01390613924680316,0.08118892022992413,18.567934261933587,0.8299999842958621,11633.0,0.6551097482442856,0.007911861800929496
socofing:000291:right_index,full_image_codec,1.0,0.020113078965491363,0.093380667376359,16.965214413193085,0.7701594882016846,11032.0,0.740311786532402,0.017616219538800743
socofing:000291:right_middle,full_image_codec,1.0,0.01863123445520382,0.09502866166715308,17.297583689726814,0.8017489246641062,11005.0,0.6778155565261841,0.01338346679657777
socofing:000291:right_ring,full_image_codec,1.0,0.01637820000499411,0.09167065697176552,17.85733829733941,0.8054714440163139,7982.0,0.6689076274633408,0.005275322387035118
socofing:000291:right_little,full_image_codec,1.0,0.02122371587238291,0.10139289927068806,16.731785770043466,0.7278411857780459,8097.0,0.721661739051342,0.01985827948307882
socofing:000293:left_thumb,full_image_codec,1.0,0.015969159094647425,0.08742999839929526,17.967179523755835,0.7681101979209863,10835.0,0.6448524296283722,0.014430770734576432
socofing:000293:left_index,full_image_codec,1.0,0.01877145051428222,0.09605608693131867,17.26502167122437,0.7555089451427526,9160.0,0.6318505257368088,0.017380984259706002
socofing:000293:left_middle,full_image_codec,1.0,0.01897363661001614,0.09954669058433913,17.218494214414363,0.6967679116879738,9749.0,0.7191465422511101,0.018870992424760626
socofing:000293:left_ring,full_image_codec,1.0,0.021553012800209,0.10364824434703021,16.664920131575006,0.6705823998412808,10377.0,0.707123689353466,0.02596951576214046
socofing:000293:left_little,full_image_codec,1.0,0.018583146847754726,0.09511481629185681,17.308807412091923,0.7019786627617746,8143.0,0.7004272192716599,0.034082888506425595
socofing:000293:right_thumb,full_image_codec,1.0,0.017892215218235745,0.09685097968991471,17.47335886514916,0.7950307540798004,11285.0,0.7246880829334259,0.019419769643707147
socofing:000293:right_index,full_image_codec,1.0,0.01588328634259823,0.08755933084827162,17.99059634604529,0.802555307990834,10217.0,0.6026939153671265,0.008703293824366229
socofing:000293:right_middle,full_image_codec,1.0,0.015657085039958146,0.0859805879133662,18.05289089589579,0.7729485456553601,9812.0,0.6093218624591827,0.011544002156907306
socofing:000293:right_ring,full_image_codec,1.0,0.010226620685918541,0.0663937861783123,19.902678521053733,0.7469779870988315,9691.0,0.6814200729131699,0.02209591778857485
socofing:000293:right_little,full_image_codec,1.0,0.01857230899809417,0.09290444104116881,17.31134099340838,0.7649874548852448,8851.0,0.7318266332149506,0.014655417529343042
socofing:000302:left_thumb,full_image_codec,1.0,0.01564957443480828,0.08873003447874682,18.054974679020297,0.7782434797076997,11614.0,0.6768616139888763,0.01161394015165312
socofing:000302:left_index,full_image_codec,1.0,0.013577139304138093,0.07491721223871758,18.671917260277482,0.7464521419641739,11096.0,0.6941032335162163,0.01608835650015241
socofing:000302:left_middle,full_image_codec,1.0,0.017572348061548393,0.09049937677496048,17.551702031011875,0.694153084975472,10750.0,0.6591772139072418,0.03729279403917094
socofing:000302:left_ring,full_image_codec,1.0,0.011449647983152296,0.06517883159742542,19.41207865404843,0.738294398577804,11793.0,0.6946764551103115,0.013976838811189577
socofing:000302:left_little,full_image_codec,1.0,0.0071846258695379235,0.06047137610140954,21.435958422862846,0.7445163430895887,9696.0,0.4405231475830078,0.017401106880453245
socofing:000302:right_thumb,full_image_codec,1.0,0.017010115444399822,0.09562918391158384,17.692927389038523,0.8138284129034332,11736.0,0.5900651142001152,0.009034905447109243
socofing:000302:right_index,full_image_codec,1.0,0.018021017983112474,0.09083093976555857,17.442206799517816,0.7594898247116879,10505.0,0.7207182496786118,0.03761723154652469
socofing:000302:right_middle,full_image_codec,1.0,0.019694295110087367,0.1001895155943115,17.05659558661784,0.7133422519915481,11425.0,0.7038328945636749,0.021564442418581187
socofing:000302:right_ring,full_image_codec,1.0,0.021476583606487704,0.10820867238390901,16.680348029937015,0.6379374493771436,11396.0,0.643984779715538,0.03875107496705632
socofing:000302:right_little,full_image_codec,1.0,0.02019808069972519,0.10080999086892076,16.94689896945475,0.6796029776518391,11026.0,0.7343286126852036,0.03353066723418722
socofing:000303:left_thumb,full_image_codec,1.0,0.029106374250856267,0.1272611972447988,15.36011890779588,0.5553732991488809,8473.0,0.7390522211790085,0.05005442560501794
socofing:000303:left_index,full_image_codec,1.0,0.027066289093615466,0.11816113829029855,15.6757128381727,0.5957547318528527,6976.0,0.6747122928500175,0.0882462177493201
socofing:000303:left_middle,full_image_codec,1.0,0.028741000568336936,0.12229561670332306,15.414981167256794,0.6016141033547305,8079.0,0.7563977763056755,0.05091443535108862
socofing:000303:left_ring,full_image_codec,1.0,0.0258204008575424,0.11868050100692001,15.880370196657516,0.5586597574584229,7552.0,0.6832496374845505,0.05606945441492531
socofing:000303:left_little,full_image_codec,1.0,0.01484371159502761,0.08911808589483382,18.28457492338941,0.6654955766848981,10229.0,0.5611598789691925,0.04547341315024778
socofing:000303:right_thumb,full_image_codec,1.0,0.01805546952205848,0.09726501684209098,17.433912135130992,0.6857620809291709,11282.0,0.6163934394717216,0.058235309525095695
socofing:000303:right_index,full_image_codec,1.0,0.021079629401128064,0.10374360009113227,16.761370286805484,0.6294526501723035,9948.0,0.7345618568360806,0.03001292200780623
socofing:000303:right_middle,full_image_codec,1.0,0.02338967413782448,0.11169952254137007,16.309758286880896,0.5840925341623987,10932.0,0.615140788257122,0.028405442893583478
socofing:000303:right_ring,full_image_codec,1.0,0.0289401462163941,0.12530023859831502,15.384992789940128,0.5560397736077883,8843.0,0.7005014941096306,0.057998869672319486
socofing:000303:right_little,full_image_codec,1.0,0.030189979508704536,0.1269234817106664,15.20137181751979,0.5364069410050617,7111.0,0.7415788471698761,0.1302787654211493
socofing:000308:left_thumb,full_image_codec,1.0,0.007257377403989707,0.06610873573724163,21.39220291799489,0.7936914162315793,12779.0,0.5203261077404022,0.006272930906169161
socofing:000308:left_index,full_image_codec,1.0,0.003946345005478026,0.045384232699612226,24.03804949639936,0.7985455483163657,11514.0,0.4079839885234833,0.011317930240365339
socofing:000308:left_middle,full_image_codec,1.0,0.003893197714287895,0.04555871857064459,24.09693540272629,0.7598260568510724,12217.0,0.42297571897506714,0.010466113283195041
socofing:000308:left_ring,full_image_codec,1.0,0.00495690360054421,0.05095459870654288,23.047895269610578,0.7495201201680931,9801.0,0.36009544134140015,0.011138296597302016
socofing:000308:left_little,full_image_codec,1.0,0.006809672993348546,0.0581350034728631,21.66873742800007,0.7834603781179869,8777.0,0.48224499821662903,0.018737620570783063
socofing:000308:right_thumb,full_image_codec,1.0,0.004440372090110589,0.03939427971166685,23.52580635761293,0.7503737511640917,12539.0,0.5110907256603241,0.005160914550485761
socofing:000308:right_index,full_image_codec,1.0,0.005600721245828536,0.04511140348884395,22.517560421163164,0.8367757693747263,10698.0,0.5708284229040146,0.007314613305168395
socofing:000308:right_middle,full_image_codec,1.0,0.005514121959179899,0.054630149340520996,22.58523632569545,0.7821517556930784,11418.0,0.37837690114974976,0.00920232279522045
socofing:000308:right_ring,full_image_codec,1.0,0.006671291820964468,0.060353665765848837,21.75790061676508,0.7546205664563098,11586.0,0.3932591378688812,0.014608938908058929
socofing:000308:right_little,full_image_codec,1.0,0.007247561484786731,0.061755075936844525,21.398080916141748,0.7787078501798957,9680.0,0.442686527967453,0.012537097877708975
socofing:000309:left_thumb,full_image_codec,1.0,0.012256206000280198,0.0783117116611895,19.116439481004154,0.8817482504674704,11467.0,0.593800276517868,0.0024397896009371914
socofing:000309:left_index,full_image_codec,1.0,0.01784907220382152,0.09387227483488514,17.48384353626455,0.8362842430879012,11253.0,0.7272679209709167,0.0054178227098419214
socofing:000309:left_middle,full_image_codec,1.0,0.015463041554472888,0.08727068447302312,18.107050770151666,0.8009622332851584,11460.0,0.7016682475805283,0.0036650805806665286
socofing:000309:left_ring,full_image_codec,1.0,0.02001368482237585,0.10069924619215609,16.986729438127625,0.757386950634399,8611.0,0.6349219083786011,0.00986694113765189
socofing:000309:left_little,full_image_codec,1.0,0.02049678518219912,0.10063682668861776,16.883142505109404,0.8006493995376064,7921.0,0.6155708283185959,0.012084798275798775
socofing:000309:right_thumb,full_image_codec,1.0,0.011904576746777463,0.0783255750858769,19.242860408140487,0.9096461271396796,12514.0,0.5798352360725403,0.001863667999319899
socofing:000309:right_index,full_image_codec,1.0,0.011000183011556886,0.07054488684185727,19.58600089364674,0.837496507285513,10280.0,0.6858340501785278,0.005368786411393357
socofing:000309:right_middle,full_image_codec,1.0,0.018108864477149007,0.09137934748792656,17.42108781423631,0.7736655366518741,11221.0,0.7063354775309563,0.012077381827609772
socofing:000309:right_ring,full_image_codec,1.0,0.01650970898555276,0.08881077423693172,17.822605819208817,0.7531450670458432,9163.0,0.6111924946308136,0.012561243210736484
socofing:000309:right_little,full_image_codec,1.0,0.01748732604246453,0.09221424606941266,17.572765926815887,0.8146756378269611,8242.0,0.579139769077301,0.012910582752588069
socofing:000317:left_thumb,full_image_codec,1.0,0.021077210947125436,0.10447184105442832,16.76186857900222,0.7057667029581667,12478.0,0.6912272572517395,0.012891381152269107
socofing:000317:left_index,full_image_codec,1.0,0.011379287006258568,0.07521384279207909,19.43884948744832,0.8603608362636738,11075.0,0.6601490303874016,0.002272287080314603
socofing:000317:left_middle,full_image_codec,1.0,0.021020077611488212,0.1026202189235433,16.773656847788118,0.7022250773036437,12023.0,0.7984044402837753,0.010122846695852146
socofing:000317:left_ring,full_image_codec,1.0,0.02294750827263132,0.10443483215942437,16.392644649065073,0.6819765114037565,11669.0,0.7727669775485992,0.01009956595408172
socofing:000317:left_little,full_image_codec,1.0,0.02070361139000609,0.10133511002612244,16.839538927096108,0.773308171009198,8854.0,0.72350805811584,0.014265396474665439
socofing:000317:right_thumb,full_image_codec,1.0,0.01580843669893447,0.08936985368445638,18.011110754564786,0.8024943843162426,12150.0,0.7008455321192741,0.006977652236585673
socofing:000317:right_index,full_image_codec,1.0,0.012031808059606654,0.07763679106902813,19.196691048872886,0.8601589112603443,12289.0,0.6277380883693695,0.00576326073627723
socofing:000317:right_middle,full_image_codec,1.0,0.019455887162665282,0.09979320047056095,17.10948961156019,0.7469634720682403,12810.0,0.6774892210960388,0.016328313946253357
socofing:000317:right_ring,full_image_codec,1.0,0.020946428401580248,0.10390380943365693,16.788900184122355,0.6815148190328999,12066.0,0.6628218591213226,0.01137732029259577
socofing:000317:right_little,full_image_codec,1.0,0.025063794171786166,0.11384423572357746,16.009531846131264,0.7023079118106091,9351.0,0.7543363496661186,0.009040484432232015
socofing:000318:left_thumb,full_image_codec,1.0,0.017490742346936462,0.09261232221834133,17.571917576833343,0.8076040486330197,12553.0,0.7797720953822136,0.013735008492878628
socofing:000318:left_index,full_image_codec,1.0,0.019679854160653005,0.10118301413134104,17.05978124271462,0.7916558816433873,10466.0,0.6909140273928642,0.01301242348810652
socofing:000318:left_middle,full_image_codec,1.0,0.02004841535775112,0.09940291046665782,16.979199486588488,0.7744223936896386,11618.0,0.6807656809687614,0.012706428608527153
socofing:000318:left_ring,full_image_codec,1.0,0.017744441551712033,0.08482884484877037,17.50937664100344,0.7675594898574191,9020.0,0.7719241976737976,0.024113275219343554
socofing:000318:left_little,full_image_codec,1.0,0.016380469970388077,0.08610908865114951,17.856736420982998,0.795928939106329,9438.0,0.6458151191473007,0.01950052589464296
socofing:000318:right_thumb,full_image_codec,1.0,0.015211428526710445,0.08627564845135116,18.178299988243648,0.841608515434609,12454.0,0.794125072658062,0.007023883807458331
socofing:000318:right_index,full_image_codec,1.0,0.014399213385274183,0.0826318022659173,18.416612323329367,0.8296047129424293,12059.0,0.8632898889482021,0.005865202864651015
socofing:000318:right_middle,full_image_codec,1.0,0.0148530323101806,0.08250068478067436,18.281848742159454,0.8183166715489198,9346.0,0.7037757597863674,0.007269329829541681
socofing:000318:right_ring,full_image_codec,1.0,0.01680058069405663,0.08931911560190423,17.746757070916345,0.7919082636594216,9449.0,0.722443088889122,0.012846195131611013
socofing:000318:right_little,full_image_codec,1.0,0.015274182454864291,0.08545712203772925,18.160420259196524,0.8104858257292322,11117.0,0.6537242382764816,0.012587857496062343
socofing:000319:left_thumb,full_image_codec,1.0,0.011796918240885116,0.07229005080651316,19.282314304718163,0.8521747887779476,10759.0,0.5993735641241074,0.006342645082489091
socofing:000319:left_index,full_image_codec,1.0,0.020564889862652078,0.10115094863636911,16.868736120566073,0.8047602268298726,7516.0,0.7105683078989387,0.011503383564331327
socofing:000319:left_middle,full_image_codec,1.0,0.0158592719667182,0.08548797896399743,17.997167532160248,0.7877608476312297,11529.0,0.6725632511079311,0.014566924858188722
socofing:000319:left_ring,full_image_codec,1.0,0.015980754237025385,0.0878182658712923,17.964027273218917,0.7326022500829216,10332.0,0.6311465948820114,0.02351121331879997
socofing:000319:left_little,full_image_codec,1.0,0.016293670790030246,0.09174864770739789,17.879810627594882,0.8509505314561517,8692.0,0.5721991062164307,0.006202740556880763
socofing:000319:right_thumb,full_image_codec,1.0,0.013203241314288454,0.07866333563556374,18.793194390891145,0.8677670673178528,9925.0,0.6978262066841125,0.005685138373557313
socofing:000319:right_index,full_image_codec,1.0,0.016074677134195907,0.08736566508544502,17.93857741280585,0.8254408643963143,11328.0,0.7090507596731186,0.009906846547879745
socofing:000319:right_middle,full_image_codec,1.0,0.014270501290068693,0.08346572405839361,18.455607708456306,0.8580669585990393,10509.0,0.680118553340435,0.0050261719042800045
socofing:000319:right_ring,full_image_codec,1.0,0.013191473806201932,0.08114394357021258,18.797066805609774,0.8395328500403713,9911.0,0.642348513007164,0.005067741859226231
socofing:000319:right_little,full_image_codec,1.0,0.014120137326409729,0.08176303594229707,18.501610795014994,0.822056189242222,10809.0,0.63145512342453,0.008778928789564617
socofing:000321:left_thumb,full_image_codec,1.0,0.016119630229163365,0.09230872796525635,17.926449247688808,0.81203029348155,12101.0,0.6644838154315948,0.005210037810072165
socofing:000321:left_index,full_image_codec,1.0,0.01978677915042172,0.1002166216822948,17.03624893567192,0.7553768086231026,12445.0,0.7097429484128952,0.014543088197084737
socofing:000321:left_middle,full_image_codec,1.0,0.025426733674447807,0.11804553122074704,15.947094258358131,0.7250744323791346,12104.0,0.7588268965482712,0.022441250625363767
socofing:000321:left_ring,full_image_codec,1.0,0.02386709757989003,0.11361998828587569,16.222003912855918,0.7463717498750176,9739.0,0.7667397782206535,0.019936858753698904
socofing:000321:left_little,full_image_codec,1.0,0.017724385407396206,0.09602219933019521,17.514288150336977,0.8140083081103483,10363.0,0.6706096827983856,0.010444533734669019
socofing:000321:right_thumb,full_image_codec,1.0,0.019572578509299603,0.10088623594926278,17.083519562227732,0.7997854437694858,12565.0,0.7620336338877678,0.009211856893846694
socofing:000321:right_index,full_image_codec,1.0,0.01821665355703814,0.0980028460086349,17.39531400974181,0.7986546715389249,12471.0,0.6340686604380608,0.013814179420491698
socofing:000321:right_middle,full_image_codec,1.0,0.014730177519072324,0.08499545706338787,18.317920192748854,0.7673714105320248,12258.0,0.713354155421257,0.012547224916896364
socofing:000321:right_ring,full_image_codec,1.0,0.019277590698621994,0.10045554475758542,17.149472448977544,0.7424702828743772,11072.0,0.6371668875217438,0.011639916900984688
socofing:000321:right_little,full_image_codec,1.0,0.01748212602449538,0.09424013311555487,17.574057533628668,0.80629058835651,9926.0,0.6169485151767731,0.009500714257435473
socofing:000339:left_thumb,full_image_codec,1.0,0.013402248269797596,0.08102294141776316,18.728223412423336,0.8079480337074011,12333.0,0.705029770731926,0.008282233587473067
socofing:000339:left_index,full_image_codec,1.0,0.018037170016566836,0.09707454843339976,17.438316010845913,0.7497717608720998,12489.0,0.7294766157865524,0.020493501950128144
socofing:000339:left_middle,full_image_codec,1.0,0.02258953273962398,0.10906403608509951,16.46092752289096,0.7363575891361357,12675.0,0.6659198254346848,0.030670644204298634
socofing:000339:left_ring,full_image_codec,1.0,0.019544433854493358,0.09968634473465114,17.08976905299812,0.7086895022065225,11028.0,0.7051116079092026,0.0347228853094405
socofing:000339:left_little,full_image_codec,1.0,0.02027251846453568,0.09957120920061127,16.930922953469995,0.7638366902405221,10186.0,0.6816461607813835,0.012718055485585343
socofing:000339:right_thumb,full_image_codec,1.0,0.012020107105805802,0.07744832695561917,19.200916625118815,0.8438953245003102,12513.0,0.5766665786504745,0.009214629851872776
socofing:000339:right_index,full_image_codec,1.0,0.013842124973584995,0.08307822815797919,18.58797234051098,0.8216102473892564,12169.0,0.6213884204626083,0.010665727877569545
socofing:000339:right_middle,full_image_codec,1.0,0.014444126332293087,0.08663421471235314,18.40308721769869,0.8637396435835734,12599.0,0.6148974820971489,0.005289860456815695
socofing:000339:right_ring,full_image_codec,1.0,0.015724587236551537,0.08964572124625272,18.034207457708167,0.7807822188213848,12231.0,0.6595573872327805,0.014107854282003656
socofing:000339:right_little,full_image_codec,1.0,0.014247288998433047,0.07216330461799692,18.4626776618391,0.7673929525405322,11339.0,0.756049856543541,0.025779319087448557
socofing:000345:left_thumb,full_image_codec,1.0,0.016412456185076047,0.09164606757288755,17.84826420299576,0.7579142893540444,11395.0,0.7059733122587204,0.009808265617809665
socofing:000345:left_index,full_image_codec,1.0,0.009423660175637309,0.0689104665531238,20.25780383264369,0.8705874015344304,9142.0,0.5989702343940735,0.002480363752937419
