condition,sample_id,fit_cost,disagree_zp_harmonic,disagree_zp_neural,disagree_harmonic_neural,err_zero_pole,err_harmonic,err_neural
rect,socofing:000023:left_thumb,0.037954524667561655,0.20313158645370497,0.3145562074862792,0.49383724697004944,0.23880082253488294,0.3840201677519881,0.1406727284193039
rect,socofing:000023:left_index,0.05945819207827806,0.5664177988687475,0.684622728403791,0.22720604500014965,0.6613276826565962,0.23875809447382995,0.016474083065986633
rect,socofing:000023:left_middle,0.04861050032033118,0.8032780111057185,0.651157544181614,0.33440458650498867,0.6500682629114103,0.43073608440897393,0.07268016040325165
rect,socofing:000023:left_ring,0.09891864585836106,0.6645772697388677,0.8480595773565589,0.2047910552032585,0.867312050853415,0.19635168878749948,0.059702012687921524
rect,socofing:000023:left_little,0.11337884311039094,0.5226187354391445,0.4129072761010616,0.27646944197479373,0.40647559252256826,0.288662550000787,0.031074363738298416
rect,socofing:000023:right_thumb,0.059470544072659726,0.4829587487740947,0.32355778865567064,0.4577883575147903,0.27578658295188596,0.47799433854674256,0.05298604071140289
rect,socofing:000023:right_index,0.07256212767967327,0.5650457158368937,0.4183882550590502,0.3498907669814063,0.3808195579442626,0.39575422585335956,0.06894542276859283
rect,socofing:000023:right_middle,0.057627200753126155,0.6730283698647088,0.2679756964162915,0.37830878682313734,0.32409884379686904,0.3467298761248413,0.029605863615870476
rect,socofing:000023:right_ring,0.0648128951642089,0.20326996453808194,0.2610511999705387,0.3132260387009491,0.3754997553286512,0.3022715593155795,0.28645020723342896
rect,socofing:000023:right_little,0.1172222786229936,0.9902422901242127,1.0326997241323403,0.331973258565832,1.1169584328435325,0.4795486349745305,0.10506811738014221
rect,socofing:000030:left_thumb,0.04882869931931165,0.30938644568539153,0.1763474920312072,0.208025952125546,0.2658586940510732,0.20088067003426358,0.06847339123487473
rect,socofing:000030:left_index,0.043285370529156195,0.08999235188280447,0.687482232501311,0.6010593962249069,0.645750628380614,0.660990802584764,0.13007789850234985
rect,socofing:000030:left_middle,0.06731630050652776,0.4033343240167082,0.6310849645447154,0.3077585822135882,0.590818394229089,0.3233047900067487,0.07967965304851532
rect,socofing:000030:left_ring,0.06653304498289986,0.4657692437643831,0.6077278548818594,0.19624075581021852,0.5412275306206402,0.15539153704516395,0.06893691420555115
rect,socofing:000030:left_little,0.11205690790681341,0.6387126034164444,0.21458588274191628,0.675396713976699,0.19245729309551052,0.6629878748623439,0.0945543497800827
rect,socofing:000030:right_thumb,0.06758735175740345,0.5857982718309058,0.9052189413361456,0.7421205579388539,0.8180002638591755,0.6665904762070718,0.0996633768081665
rect,socofing:000030:right_index,0.08212968915738794,0.5765613986546356,0.5687747838198336,0.2141185588397444,0.5323525098649939,0.32394177928250634,0.13435442745685577
rect,socofing:000030:right_middle,0.10888289043379282,0.42952679234020696,0.21229844489062868,0.20024752043972516,0.20032078257125374,0.2973420474503786,0.06588481366634369
rect,socofing:000030:right_ring,0.04076289049135581,0.4088125281764473,0.5315772847529945,0.46834484498307716,0.5483823458183568,0.4919009024017497,0.08551155775785446
rect,socofing:000030:right_little,0.07769774910380754,0.5376386503013453,0.2655759906582578,0.6310625643466763,0.3954466727177919,0.6890736836885339,0.1966659128665924
rect,socofing:000032:left_thumb,0.06880965652761518,0.1417275517463671,0.1442165522728934,0.059468734716659144,0.17028343746188673,0.06598778161891913,0.04200148209929466
rect,socofing:000032:left_index,0.053410539264109436,1.036308860511121,1.082739871273657,0.2519819144662855,1.0710853749629805,0.24440906782257127,0.036125101149082184
rect,socofing:000032:left_middle,0.14828158249078938,0.8436205045770281,0.9216455680990184,0.22256196394308364,0.8879355228523826,0.22312007062829006,0.0267004556953907
rect,socofing:000032:left_ring,0.09522911234062245,0.7017592415104073,0.9558338124101737,0.3175120173463196,0.9050375348984402,0.29753754078382955,0.058438029140233994
rect,socofing:000032:left_little,0.0959433351541654,0.17562098146531885,0.7863566207980328,0.6033820212478064,0.7421383205202698,0.5630559162612345,0.14237961173057556
central,socofing:000023:left_thumb,0.044616957941899245,0.2587613114210354,0.08565816329031796,0.3045227707773618,0.12890047099582397,0.2829273637360278,0.049174945801496506
central,socofing:000023:left_index,0.053023504271011976,0.37525102023655993,0.16048232287646824,0.4079806974528597,0.101593468494745,0.4438772207110809,0.04724003002047539
central,socofing:000023:left_middle,0.05798994398431551,0.39337603636346896,0.08723007516668982,0.39378262163122374,0.04402400590452116,0.48498562418799884,0.09199513494968414
central,socofing:000023:left_ring,0.051998166997079785,0.39401198695558687,0.03321770440838784,0.45461030904160643,0.039478355516281226,0.45627415154701967,0.04556917026638985
central,socofing:000023:left_little,0.047133305010627735,0.41129270469411267,0.052787392822983226,0.43734527523558625,0.05059932208272444,0.49504661765824576,0.051629289984703064
central,socofing:000023:right_thumb,0.0409136564257205,0.4635265814768099,0.21586200217851353,0.4774524263961795,0.19173301888142286,0.5154494465464686,0.04964356869459152
central,socofing:000023:right_index,0.04939349107328957,0.3162075128658944,0.5648635062355168,0.6193633734118282,0.6725211738097934,0.7783741953399032,0.13905195891857147
central,socofing:000023:right_middle,0.05204196775248797,0.5693271207826921,0.6397898864394254,0.38088415454881863,0.6633048747250897,0.3800193986256958,0.02466581016778946
central,socofing:000023:right_ring,0.05934415330509926,0.23196744184344803,0.25120257424647563,0.33575381995356457,0.3754713699350789,0.3757361984175666,0.08775649219751358
central,socofing:000023:right_little,0.06527732944554611,0.6132966130474862,0.8472865502409206,0.6103931781015874,0.7766293186789693,0.6742243605239282,0.07288917154073715
central,socofing:000030:left_thumb,0.01944387090460282,0.036873173560506324,0.09268427379862676,0.07793649258428084,0.1909715087011648,0.18371101928251815,0.0773879662156105
central,socofing:000030:left_index,0.045637331381994,0.22367726997693105,0.5563963965188787,0.23990844215840226,0.6868998273482976,0.36232656328221974,0.08269407600164413
central,socofing:000030:left_middle,0.0510049748910803,0.3657657782615206,0.8440204768362731,0.403037111569314,0.859000117176993,0.4233158073286826,0.02200392819941044
central,socofing:000030:left_ring,0.0511114206721369,0.5492595572063944,1.0592681925905403,0.3040135880560222,1.1140769513770243,0.38333123324893975,0.03982606902718544
central,socofing:000030:left_little,0.0368301338666587,0.43084061033721877,0.9790569292058203,0.8441493877186466,1.1833374861993387,0.9470676719306507,0.16864170134067535
central,socofing:000030:right_thumb,0.04144658102725313,0.2418940772241812,1.160750396957954,0.9039647440576831,1.2089949811908738,0.9257766961564384,0.10369737446308136
central,socofing:000030:right_index,0.053527472847076825,0.465837323540161,0.9076151026967605,0.806363537660513,0.9047248415665798,0.8418763195939156,0.08974253386259079
central,socofing:000030:right_middle,0.03648115379701551,0.41446683960549496,0.34255287063115314,0.19252378812231283,0.4199414447290169,0.19958818467713926,0.05814705789089203
central,socofing:000030:right_ring,0.04612391119730691,0.7118760350734752,0.8348005114603807,0.40059196717994505,0.8927940313004632,0.5291041869855615,0.14221714437007904
central,socofing:000030:right_little,0.050308857860563584,0.47436288072173227,0.9594756861605978,0.6504332781541121,1.0744249756430255,0.7960258796429294,0.2069469839334488
central,socofing:000032:left_thumb,0.029927054495351445,0.03363652194391592,0.10408758727006044,0.1109306845008343,0.11535471175410379,0.12456862546203233,0.03764376416802406
central,socofing:000032:left_index,0.03497854637544585,0.2551124084741316,0.7163050453523823,0.4510411083648549,0.8264333830053496,0.5295400615198848,0.0612284392118454
central,socofing:000032:left_middle,0.059370944497493104,0.7146012514075878,0.9745599122488073,0.14530120977313477,1.0273395509438912,0.21206629295179247,0.02431553415954113
central,socofing:000032:left_ring,0.05848594686055572,0.719312480665004,0.8298934984405406,0.11975950518606643,0.9241418858444989,0.15713230125213346,0.02293744683265686
central,socofing:000032:left_little,0.046192671536319424,0.6516730373051288,1.0399657559378035,0.6716577542229373,1.0857711553419755,0.6424256181074863,0.029488421976566315
irregular,socofing:000023:left_thumb,0.06802227292863051,0.31477084389574506,0.37556118908959624,0.4540083897012196,0.2964083751348932,0.4020259799112986,0.09397256374359131
irregular,socofing:000023:left_index,0.05297581982816559,0.18032414942556627,0.30868036758375894,0.2884258906452598,0.3343895559552186,0.32795563127579996,0.03281553462147713
irregular,socofing:000023:left_middle,0.04416473585781222,0.2990250163999263,0.26070245921751845,0.249761081894289,0.290754964385236,0.28584926118252385,0.04277384653687477
irregular,socofing:000023:left_ring,0.12595612975427642,0.5727012792179096,0.7312847857652847,0.5698715362762926,0.7366888048551805,0.578498167298297,0.02594108134508133
irregular,socofing:000023:left_little,0.08176797247917729,0.5994413289769476,0.5899891846396914,0.5205739031883562,0.5563901709771186,0.5150285465941862,0.07463452219963074
irregular,socofing:000023:right_thumb,0.05497009421340541,0.33680354961095177,0.213290245307198,0.4269285373355294,0.2108243820528331,0.439382513976563,0.025639213621616364
irregular,socofing:000023:right_index,0.056129275273204535,0.4630334947417818,0.6755177836880354,0.5382116304348248,0.683517294006619,0.5312969077052095,0.09660813212394714
irregular,socofing:000023:right_middle,0.05439526720007955,0.3699512072840367,0.24634255729885499,0.4155175453437567,0.25127639834642745,0.39452079643950655,0.030277466401457787
irregular,socofing:000023:right_ring,0.08690727765173159,0.6971509479794862,0.6248106328016287,0.5987254096687322,0.6473601914225063,0.6104229126906289,0.06862252205610275
irregular,socofing:000023:right_little,0.05217926165313855,0.3189886547859417,0.58519917585938,0.40667173577024474,0.5660539704980402,0.38759558338173933,0.02405199594795704
irregular,socofing:000030:left_thumb,0.04783512901842933,0.24660734717455224,0.29658875624369235,0.1956195618174431,0.2815501793390985,0.19388837497634312,0.050308387726545334
irregular,socofing:000030:left_index,0.06950929133521133,0.5673055893182417,0.27874663866444965,0.49781818705647013,0.29274220837872034,0.5303093638038265,0.042983464896678925
irregular,socofing:000030:left_middle,0.07761260096823983,0.27598387031654137,0.2432838529628297,0.3526191936198395,0.2865947714512459,0.38127345117049966,0.0690341666340828
irregular,socofing:000030:left_ring,0.06679868133950903,0.7502013773244748,0.5908379566951696,0.5032519134276146,0.5852674020264423,0.5431037352199322,0.057753369212150574
irregular,socofing:000030:left_little,0.10245772619786064,0.3741823469127682,0.6260849291725303,0.4253051808562107,0.6272041068534131,0.4368372882667668,0.09242025762796402
irregular,socofing:000030:right_thumb,0.07551586254656226,0.8255862012299382,0.44678853522924017,0.5708929083721617,0.4584492377593321,0.5820134250222905,0.05958959460258484
irregular,socofing:000030:right_index,0.05733037159390874,0.8169821216213553,0.515546247912492,0.8209914280789968,0.5212337260054749,0.795632718139804,0.06445885449647903
irregular,socofing:000030:right_middle,0.04777871247810766,0.21128187614526203,0.34285023772958245,0.24345182415722916,0.3585045498686002,0.270641968825376,0.046890098601579666
irregular,socofing:000030:right_ring,0.07857203269235373,0.5757412872346963,0.6584913820836521,0.3788638903396448,0.6226066476819773,0.4013952153022933,0.031213317066431046
irregular,socofing:000030:right_little,0.11218810551608162,0.736063685035342,0.8638201227998847,0.7422072740060304,0.8966759583886358,0.846583981981795,0.15307515859603882
irregular,socofing:000032:left_thumb,0.033445790963889534,0.13826516456992077,0.1957763634129126,0.23809916989841046,0.1883406935959209,0.23127517699430555,0.017238527536392212
irregular,socofing:000032:left_index,0.05700689013198666,0.2652569244241764,0.5379907517208244,0.3837575862861281,0.5173464174145742,0.3626840212898677,0.0670856237411499
irregular,socofing:000032:left_middle,0.08732386521348054,0.17840507643688658,0.42881385115466414,0.3043777936091932,0.3593699136684514,0.26964260412375357,0.09828361123800278
irregular,socofing:000032:left_ring,0.11238986978830905,0.5172353990021222,0.769692399963862,0.3186689883366094,0.717980122084648,0.32652567099714846,0.11696592718362808
irregular,socofing:000032:left_little,0.11146117361296078,0.7980344675683805,0.9047702433657958,0.4470243178525434,0.8976074673586194,0.39011013688860185,0.16997450590133667
fragments,socofing:000023:left_thumb,0.02517353408833089,0.16054129983081644,0.40373899274506647,0.423290282581671,0.3660814443409562,0.4481470739821503,0.1266099512577057
fragments,socofing:000023:left_index,0.038312918523572256,0.40098012081798384,0.3550808627631872,0.3662166145944104,0.34693814807879303,0.3512640389053375,0.05248906463384628
fragments,socofing:000023:left_middle,0.05724010055339794,0.8161732007296525,0.7209620390157984,0.6098124313414331,0.5838892480959288,0.6771308527029771,0.09323698282241821
fragments,socofing:000023:left_ring,0.0632238622294606,0.4456745925661055,0.6532474616532756,0.6140069038584273,0.6858561890692199,0.6397573994545787,0.08130883425474167
fragments,socofing:000023:left_little,0.09292882846892588,0.6901251307882609,0.4877387301624492,0.5718521376286668,0.44167756041605793,0.5206284919050965,0.055389419198036194
fragments,socofing:000023:right_thumb,0.04299259653183306,0.3978479330919432,0.5269095125017752,0.697732343022219,0.5343763430297438,0.6225477333652588,0.05440831929445267
fragments,socofing:000023:right_index,0.0681451200129127,0.34712763547982767,0.5622556258464104,0.5828458332572468,0.5371661409562078,0.6151015979425768,0.1292555332183838
fragments,socofing:000023:right_middle,0.02755800509068208,0.5438854326082513,0.5809511534241669,0.4812733018520323,0.6301143500353207,0.3831165946457875,0.06592024117708206
fragments,socofing:000023:right_ring,0.10208769819118926,0.6507484526925804,0.952289736557598,0.7578768934410751,0.9017860717671352,0.7136187016107447,0.20771686732769012
fragments,socofing:000023:right_little,0.04905722681275579,0.5142450524931564,0.5557476364109993,0.4085118359752273,0.5550026052692983,0.4197593557454935,0.017612330615520477
fragments,socofing:000030:left_thumb,0.020244012168342068,0.05751291182488396,0.368585829163575,0.3193069232441646,0.31407188821634796,0.25834170163170905,0.08508531004190445
fragments,socofing:000030:left_index,0.09938932638691785,0.7524213674518725,0.5984610567401696,0.7660621261348692,0.5980947712608966,0.9784630493487385,0.1962280124425888
fragments,socofing:000030:left_middle,0.06584249531585287,0.2565772491002125,0.3812566567751117,0.34793946944167586,0.3932159525027948,0.3380359898216605,0.03600303456187248
fragments,socofing:000030:left_ring,0.08698882260623429,0.5731331685829163,0.49886493882061583,0.6447799335326644,0.4834729746626963,0.6597367637116978,0.05882527679204941
fragments,socofing:000030:left_little,0.05887342077662719,0.385649658006723,0.7598546209644105,0.8963473380221517,0.8976082030566979,0.8610972719198238,0.2125503271818161
fragments,socofing:000030:right_thumb,0.055612107727015435,0.13305840931867347,0.509131617774901,0.6226178165407488,0.5187124423567445,0.6209810344166914,0.06655175238847733
fragments,socofing:000030:right_index,0.060271828705019015,0.3954097861782056,0.6326319394826841,0.6958069286420516,0.5318007434879101,0.7279733811519162,0.15093882381916046
fragments,socofing:000030:right_middle,0.016675760242378736,0.4602591712832838,0.25418099107609626,0.46731590010239005,0.3028289798420537,0.43584971355029034,0.07744088768959045
fragments,socofing:000030:right_ring,0.04812809284996056,0.31387635020944543,0.43957963429323343,0.4017997183668932,0.4336998783857687,0.3822356572122323,0.04609813168644905
fragments,socofing:000030:right_little,0.08540102205922685,0.48491300025190615,0.7863801692102819,0.803905800401227,1.0094266906544374,0.8070446176994852,0.3183032274246216
fragments,socofing:000032:left_thumb,0.03320979557948635,0.12046229164880276,0.293293640929849,0.27033807893902934,0.2908396815954212,0.2879062480359137,0.05898270010948181
fragments,socofing:000032:left_index,0.02824251326419552,0.4575703267725516,0.5951658173165697,0.5080961036640649,0.5780140062455976,0.5275712520510788,0.10886548459529877
fragments,socofing:000032:left_middle,0.12378318787285872,0.26359141375777423,0.8204892555331049,0.820389530136861,0.9062200093219832,0.8555398630004741,0.06368638575077057
fragments,socofing:000032:left_ring,0.0782181499533714,0.7181031328589024,0.6590283255035718,0.4971115196563319,0.564461505613007,0.576916161847809,0.1396166980266571
fragments,socofing:000032:left_little,0.07552949267765081,0.6065678889751951,0.6283645266608302,0.9944882203373941,0.5888355069587845,0.8704857683450375,0.33707475662231445
