sample_id,subject_id,heldout_pixels,signal_geometric_disagreement,error_model_orientation,error_harmonic_orientation
nist302-registered:00002304/00002304_1C_R_L01_BP_S22_1000PPI_8BPC_1CH_LP03-1_1,00002304,436,0.9247907783971502,1.1408716440200806,0.10348405760229994
nist302-registered:00002304/00002304_1F_R_L01_BP_S22_1000PPI_8BPC_1CH_LP03-1_1,00002304,1461,0.2218509841960341,0.37554284930229187,0.15788758972405345
nist302-registered:00002304/00002304_1F_R_L01_BP_S22_1000PPI_8BPC_1CH_LP06-1_1,00002304,2664,0.9508673161710982,0.693873941898346,0.6006030000266505
nist302-registered:00002304/00002304_2A_X_L02_BP_S22_1000PPI_8BPC_1CH_LP08-1_1,00002304,3190,0.36519695845121114,0.5455946922302246,0.48429321251457114
nist302-registered:00002304/00002304_5A_X_647_IN_D800_1000PPI_8BPC_1CH_LP04-1_1,00002304,1741,0.30574903857453245,0.3527003228664398,0.5018772824966787
nist302-registered:00002304/00002304_5A_X_648_IN_D800_1000PPI_8BPC_1CH_LP04-1_1,00002304,954,0.8330249985731988,0.8168932795524597,0.4697593238716088
nist302-registered:00002304/00002304_7D_X_065_CA_D800_1000PPI_8BPC_1CH_LP03-1_1,00002304,607,0.47153831688810355,0.4224238097667694,0.049829795282643086
nist302-registered:00002304/00002304_7D_X_066_CA_D800_1000PPI_8BPC_1CH_LP45-1_1,00002304,1915,0.10621343390658619,0.5587953925132751,0.5060689735007412
nist302-registered:00002325/00002325_1H_R_L01_BP_S21_1000PPI_8BPC_1CH_LP03-1_1,00002325,1434,0.31885018490985984,0.9330036640167236,0.5232730735136962
nist302-registered:00002325/00002325_4A_X_606_IN_D800_1000PPI_8BPC_1CH_LP01-1_1,00002325,2364,0.18819226745279774,0.6114619970321655,0.49925559648101675
nist302-registered:00002325/00002325_6E_X_074_BT_D800_1000PPI_8BPC_1CH_LP14-1_1,00002325,3558,0.5113005949058518,0.671911358833313,0.3381789604862144
nist302-registered:00002325/00002325_6E_X_074_BT_D800_1000PPI_8BPC_1CH_LP18-1_1,00002325,1571,0.1531176735255316,0.6230185031890869,0.4845924204878487
nist302-registered:00002325/00002325_6E_X_074_BT_D800_1000PPI_8BPC_1CH_LP21-1_1,00002325,3240,0.2945000347650485,0.3411233723163605,0.18665824803762662
nist302-registered:00002325/00002325_6E_X_074_BT_D800_1000PPI_8BPC_1CH_LP23-1_1,00002325,1065,0.174738293605348,0.22738364338874817,0.2517386977523861
nist302-registered:00002325/00002325_6E_X_074_BT_D800_1000PPI_8BPC_1CH_LP26-1_1,00002325,2817,0.1436485085148915,0.4592840373516083,0.335795242312318
nist302-registered:00002326/00002326_1C_L_L01_BP_S06_1000PPI_8BPC_1CH_LP03-1_1,00002326,2746,1.1424169805826236,1.006761908531189,0.5674782603377561
nist302-registered:00002326/00002326_1F_R_L01_BP_S06_1000PPI_8BPC_1CH_LP01-1_1,00002326,1740,0.44407041615034165,0.3619314134120941,0.3403644065395974
nist302-registered:00002326/00002326_1F_X_L01_BP_S06_1000PPI_8BPC_1CH_LP03-1_1,00002326,1856,0.49368478488327605,0.6319184303283691,0.6111013222405886
nist302-registered:00002326/00002326_1F_X_L01_BP_S06_1000PPI_8BPC_1CH_LP06-1_1,00002326,1053,0.25704376454763467,0.1639460176229477,0.2938159930408144
nist302-registered:00002326/00002326_1G_L_L01_BP_S06_1000PPI_8BPC_1CH_LP04-1_1,00002326,5678,0.8740718077089508,0.5226105451583862,0.6123300447890165
nist302-registered:00002326/00002326_1G_R_L01_BP_S06_1000PPI_8BPC_1CH_LP08-1_1,00002326,767,0.268907075407622,0.20893718302249908,0.12811377987587957
nist302-registered:00002326/00002326_4D_X_288_IN_D800_1000PPI_8BPC_1CH_LP01-1_1,00002326,2125,0.3807666657270474,0.3646122217178345,0.4248134839602153
nist302-registered:00002326/00002326_6A_X_163_BT_D800_1000PPI_8BPC_1CH_LP01-1_1,00002326,3707,0.15501870945947288,0.40140780806541443,0.3857741796849545
nist302-registered:00002326/00002326_6C_X_083_BT_D800_1000PPI_8BPC_1CH_LP17-1_1,00002326,1075,0.43846492569447565,0.5084099769592285,0.35080386595136837
nist302-registered:00002326/00002326_6C_X_083_BT_D800_1000PPI_8BPC_1CH_LP25-1_1,00002326,657,0.5183358302902379,0.7548088431358337,0.4602362739910229
nist302-registered:00002326/00002326_6C_X_083_BT_D800_1000PPI_8BPC_1CH_LP27-1_1,00002326,2745,0.43925980221710853,0.8270801305770874,0.7779206195142153
nist302-registered:00002334/00002334_1C_L_L01_BP_S21_1000PPI_8BPC_1CH_LP06-1_1,00002334,3843,0.2340986578158244,1.3827309608459473,1.2252708274693294
nist302-registered:00002334/00002334_1D_L_L01_BP_S21_1000PPI_8BPC_1CH_LP01-1_1,00002334,1591,0.9076263887110034,0.30205389857292175,0.7970271755095097
nist302-registered:00002334/00002334_1G_R_L01_BP_S21_1000PPI_8BPC_1CH_LP01-1_1,00002334,589,0.05912853033610896,0.09077958762645721,0.06818946071107479
nist302-registered:00002334/00002334_1H_L_L01_BP_S21_1000PPI_8BPC_1CH_LP01-1_1,00002334,3199,1.2092628033702735,1.18595290184021,0.49433099577262557
nist302-registered:00002334/00002334_1H_L_L01_BP_S21_1000PPI_8BPC_1CH_LP10-1_1,00002334,4105,0.3304552334194044,0.4993602931499481,0.5883126884027451
nist302-registered:00002334/00002334_1H_R_L01_BP_S21_1000PPI_8BPC_1CH_LP04-1_1,00002334,3337,0.4363193553274348,1.2141302824020386,0.9651089296921804
nist302-registered:00002334/00002334_4G_X_066_IN_D800_1000PPI_8BPC_1CH_LP03-1_1,00002334,3013,0.6209788281332417,0.6402550935745239,0.5878905807658543
nist302-registered:00002342/00002342_4F_X_452_IN_D800_1000PPI_8BPC_1CH_LP13-1_1,00002342,895,0.15024466583058804,0.12188950181007385,0.0653374958532105
nist302-registered:00002342/00002342_4F_X_462_IN_D800_1000PPI_8BPC_1CH_LP43-1_1,00002342,1756,0.3251065995970516,0.4089832901954651,0.4011811764361233
nist302-registered:00002342/00002342_6E_X_153_BT_D800_1000PPI_8BPC_1CH_LP17-1_1,00002342,3179,0.1903964882374056,0.5234375,0.5553027357259626
nist302-registered:00002360/00002360_1D_L_L01_BP_S06_1000PPI_8BPC_1CH_LP01-1_1,00002360,2333,0.31286855780408196,0.6737898588180542,0.515195156080236
nist302-registered:00002360/00002360_1D_R_L01_BP_S06_1000PPI_8BPC_1CH_LP03-1_1,00002360,1658,0.9074879316792684,0.7616945505142212,0.412765143276557
nist302-registered:00002360/00002360_1E_L_L01_BP_S06_1000PPI_8BPC_1CH_LP02-1_1,00002360,2307,1.1488133070165938,0.5661086440086365,0.8430976121711986
nist302-registered:00002360/00002360_1E_R_L01_BP_S06_1000PPI_8BPC_1CH_LP01-1_1,00002360,1855,0.9887820259377554,0.5757110714912415,0.7504409282664181
nist302-registered:00002360/00002360_1G_L_L01_BP_S06_1000PPI_8BPC_1CH_LP01-1_1,00002360,2080,0.242726590151895,0.45556822419166565,0.5398806675098449
nist302-registered:00002360/00002360_1G_L_L01_BP_S06_1000PPI_8BPC_1CH_LP07-1_1,00002360,1328,0.30452331486064255,0.4630395770072937,0.47374073886689194
nist302-registered:00002360/00002360_1G_L_L01_BP_S06_1000PPI_8BPC_1CH_LP10-1_1,00002360,4482,0.6597346526158947,0.8462994694709778,0.6142938131226379
nist302-registered:00002360/00002360_1G_L_L01_BP_S06_1000PPI_8BPC_1CH_LP12-1_1,00002360,576,0.32233994357249096,0.49201700091362,0.6593183306897628
nist302-registered:00002360/00002360_1G_R_L01_BP_S06_1000PPI_8BPC_1CH_LP01-1_1,00002360,1210,0.5378232644959366,0.4744974374771118,0.6471326943393065
nist302-registered:00002360/00002360_1G_R_L01_BP_S06_1000PPI_8BPC_1CH_LP02-1_1,00002360,2982,0.1845161558656566,0.4192827045917511,0.4927800291048021
nist302-registered:00002360/00002360_1G_R_L01_BP_S06_1000PPI_8BPC_1CH_LP03-1_1,00002360,5209,0.5810170260225853,0.7019593715667725,0.7495980361186765
nist302-registered:00002360/00002360_1G_R_L01_BP_S06_1000PPI_8BPC_1CH_LP09-1_1,00002360,4817,1.2822164959081266,1.1187201738357544,0.7433711736522166
nist302-registered:00002360/00002360_1H_L_L01_BP_S06_1000PPI_8BPC_1CH_LP06-1_1,00002360,1747,1.1350694726067534,1.0202323198318481,0.19003379114775173
nist302-registered:00002360/00002360_4G_X_336_IN_D800_1000PPI_8BPC_1CH_LP02-1_1,00002360,2851,0.4712815185995233,0.5226803421974182,0.8184689612313998
nist302-registered:00002360/00002360_5A_X_793_IN_D800_1000PPI_8BPC_1CH_LP04-1_1,00002360,1712,0.3794006918886504,0.4238148331642151,0.43287177895489487
nist302-registered:00002360/00002360_5A_X_796_IN_D800_1000PPI_8BPC_1CH_LP01-1_1,00002360,1189,0.1449960494411073,0.14641162753105164,0.11991320824846909
nist302-registered:00002360/00002360_5A_X_796_IN_D800_1000PPI_8BPC_1CH_LP02-1_1,00002360,721,0.2526197503595039,0.27985286712646484,0.08901196847306643
nist302-registered:00002360/00002360_6D_X_062_WT_D800_1000PPI_8BPC_1CH_LP03-1_1,00002360,1011,0.1728782406360327,0.2930193245410919,0.1499939139651784
nist302-registered:00002372/00002372_1C_R_L01_BP_S12_1000PPI_8BPC_1CH_LP01-1_1,00002372,2148,0.8472698649722121,0.7930986285209656,0.06414144542175598
nist302-registered:00002372/00002372_1C_R_L01_BP_S12_1000PPI_8BPC_1CH_LP03-1_1,00002372,838,0.29886842008637576,0.32682934403419495,0.0947497337592392
nist302-registered:00002372/00002372_1D_L_L01_BP_S12_1000PPI_8BPC_1CH_LP03-1_1,00002372,2507,0.7582595801133226,0.737074613571167,0.2607399064345951
nist302-registered:00002372/00002372_1D_R_L01_BP_S12_1000PPI_8BPC_1CH_LP03-1_1,00002372,1330,0.7069827350685598,0.8633667826652527,0.10030706598804895
nist302-registered:00002372/00002372_1D_R_L01_BP_S12_1000PPI_8BPC_1CH_LP07-1_1,00002372,1413,1.0058053695505451,0.8870150446891785,0.19246655480004554
nist302-registered:00002372/00002372_1E_R_L01_BP_S12_1000PPI_8BPC_1CH_LP04-1_1,00002372,4091,0.2679318711325423,0.5775057077407837,0.6823442033715907
nist302-registered:00002372/00002372_1G_L_L01_BP_S12_1000PPI_8BPC_1CH_LP02-1_1,00002372,5128,0.5118657308259377,0.5875073075294495,0.8417401494923892
nist302-registered:00002372/00002372_1H_R_L01_BP_S12_1000PPI_8BPC_1CH_LP10-1_1,00002372,1183,0.5621420553049868,0.4865996241569519,0.12332105892863923
nist302-registered:00002372/00002372_2B_X_L01_BP_S12_1000PPI_8BPC_1CH_LP14-1_1,00002372,1878,0.7151482095238543,0.8139016628265381,0.39019019493569335
nist302-registered:00002402/00002402_1D_L_L01_BP_S10_1000PPI_8BPC_1CH_LP02-1_1,00002402,916,0.5423456653318901,0.7423909902572632,0.3513535254178172
nist302-registered:00002402/00002402_1D_L_L01_BP_S10_1000PPI_8BPC_1CH_LP05-1_1,00002402,2155,0.5880086394055474,0.7066076397895813,0.16385300060587454
nist302-registered:00002402/00002402_1D_L_L01_BP_S10_1000PPI_8BPC_1CH_LP06-1_1,00002402,1358,0.283140982796208,0.2571781575679779,0.2977196489098381
nist302-registered:00002402/00002402_1E_L_L01_BP_S10_1000PPI_8BPC_1CH_LP07-1_1,00002402,729,0.43388226313191863,0.5910928249359131,0.1498930283624806
nist302-registered:00002402/00002402_1E_R_L01_BP_S10_1000PPI_8BPC_1CH_LP01-1_1,00002402,5136,0.45987575128415886,0.3941131830215454,0.4665852419268601
nist302-registered:00002402/00002402_1F_L_L01_BP_S10_1000PPI_8BPC_1CH_LP02-1_1,00002402,3217,0.25028523457055446,0.3521943688392639,0.3817868913762362
nist302-registered:00002402/00002402_1H_R_L01_BP_S10_1000PPI_8BPC_1CH_LP18-1_1,00002402,3227,0.6327632977040585,0.6620931625366211,0.4300810225544818
nist302-registered:00002402/00002402_5A_X_770_IN_D800_1000PPI_8BPC_1CH_LP02-1_1,00002402,1277,0.4146361269578447,0.2953449487686157,0.11611750151754871
nist302-registered:00002402/00002402_5A_X_770_IN_D800_1000PPI_8BPC_1CH_LP08-1_1,00002402,3702,0.08042081407087154,0.1616685390472412,0.1835793384920514
nist302-registered:00002402/00002402_6C_X_192_BT_D800_1000PPI_8BPC_1CH_LP03-1_1,00002402,4122,0.42518119167431984,0.47885826230049133,0.47402243464597704
nist302-registered:00002405/00002405_1C_L_L01_BP_S11_1000PPI_8BPC_1CH_LP08-1_1,00002405,2239,0.7030890236538238,0.9030469655990601,0.303867177232033
nist302-registered:00002405/00002405_1C_L_L01_BP_S11_1000PPI_8BPC_1CH_LP10-1_1,00002405,2627,0.9412119880315067,0.9989004731178284,0.4240037467737395
nist302-registered:00002405/00002405_1C_L_L01_BP_S11_1000PPI_8BPC_1CH_LP11-1_1,00002405,2009,0.8383392470360913,0.6621607542037964,0.24950413846221953
nist302-registered:00002405/00002405_1D_R_L01_BP_S11_1000PPI_8BPC_1CH_LP04-1_1,00002405,1117,1.0116573950621979,0.939389169216156,0.12238124627120964
nist302-registered:00002405/00002405_1D_R_L01_BP_S11_1000PPI_8BPC_1CH_LP05-1_1,00002405,1026,0.7062499482389064,0.6670128703117371,0.0905613541840871
nist302-registered:00002405/00002405_1E_L_L01_BP_S11_1000PPI_8BPC_1CH_LP06-1_1,00002405,1461,0.2957241119248439,0.23137851059436798,0.15661230401160142
nist302-registered:00002405/00002405_1E_R_L02_BP_S11_1000PPI_8BPC_1CH_LP01-1_1,00002405,1119,0.8432556347752647,0.7306408882141113,0.07548502742242978
nist302-registered:00002405/00002405_1E_R_L02_BP_S11_1000PPI_8BPC_1CH_LP03-1_1,00002405,1085,0.5824250361686042,0.6518027782440186,0.07019601037777977
nist302-registered:00002405/00002405_1F_L_L01_BP_S11_1000PPI_8BPC_1CH_LP01-1_1,00002405,954,0.26875979184813026,0.43777933716773987,0.15327301555645628
nist302-registered:00002405/00002405_1F_L_L01_BP_S11_1000PPI_8BPC_1CH_LP02-1_1,00002405,928,0.9332122837719532,0.9019771218299866,0.08685868340297612
nist302-registered:00002405/00002405_6E_X_064_BT_D800_1000PPI_8BPC_1CH_LP10-1_1,00002405,3307,0.26432991153392904,0.5906535983085632,0.5337105750560337
nist302-registered:00002406/00002406_1D_L_L01_BP_S21_1000PPI_8BPC_1CH_LP03-1_1,00002406,3503,0.21282396644472942,0.38257473707199097,0.5147285202757831
nist302-registered:00002406/00002406_1F_R_L01_BP_S21_1000PPI_8BPC_1CH_LP04-1_1,00002406,2720,0.5148777776375177,0.6532312631607056,0.6991279134858108
nist302-registered:00002406/00002406_1G_L_L01_BP_S21_1000PPI_8BPC_1CH_LP01-1_1,00002406,3320,0.32370746492535585,0.7506062984466553,0.7194109145568129
nist302-registered:00002406/00002406_1H_R_L01_BP_S21_1000PPI_8BPC_1CH_LP01-1_1,00002406,2047,0.5778504205440409,0.5263488292694092,0.46420593755623224
nist302-registered:00002406/00002406_6D_X_184_WT_D800_1000PPI_8BPC_1CH_LP10-1_1,00002406,2074,0.11729663498705742,0.5511598587036133,0.4811555590044889
nist302-registered:00002408/00002408_1D_R_L01_BP_S25_1000PPI_8BPC_1CH_LP02-1_1,00002408,3818,0.6863482630490615,0.6291604042053223,0.43108807408710215
nist302-registered:00002408/00002408_1E_R_L01_BP_S25_1000PPI_8BPC_1CH_LP01-1_1,00002408,1801,0.2807332025652322,0.3595937490463257,0.21662796126264477
nist302-registered:00002408/00002408_1H_R_L01_BP_S25_1000PPI_8BPC_1CH_LP13-1_1,00002408,2115,0.512407109928596,0.4027620255947113,0.165600834779782
nist302-registered:00002408/00002408_2B_X_L03_BP_S25_1000PPI_8BPC_1CH_LP04-1_1,00002408,3801,0.41223704669466654,0.6719968318939209,0.516646901833979
nist302-registered:00002408/00002408_2B_X_L03_BP_S25_1000PPI_8BPC_1CH_LP11-1_1,00002408,3627,0.3178508571027098,0.2784404456615448,0.466445120369849
nist302-registered:00002408/00002408_6C_X_073_BT_D800_1000PPI_8BPC_1CH_LP04-1_1,00002408,3858,0.4075412979792606,0.3310515582561493,0.4003405277981133
nist302-registered:00002408/00002408_6C_X_073_BT_D800_1000PPI_8BPC_1CH_LP07-1_1,00002408,779,0.08410762835331562,0.0976983830332756,0.14684531904256087
nist302-registered:00002412/00002412_1D_L_L01_BP_S06_1000PPI_8BPC_1CH_LP04-1_1,00002412,1662,1.013657631189734,1.0234107971191406,0.07229692546786906
nist302-registered:00002412/00002412_1D_R_L01_BP_S06_1000PPI_8BPC_1CH_LP04-1_1,00002412,2093,0.826504156377601,0.8367108702659607,0.14001358165005448
nist302-registered:00002412/00002412_1E_R_L02_BP_S06_1000PPI_8BPC_1CH_LP01-1_1,00002412,1980,0.4683231502779421,0.6841272711753845,0.25626409526186794
nist302-registered:00002412/00002412_4A_X_354_IN_D800_1000PPI_8BPC_1CH_LP24-1_1,00002412,1222,0.4036161710175074,0.9153860807418823,0.714117706190799
nist302-registered:00002412/00002412_4A_X_357_IN_D800_1000PPI_8BPC_1CH_LP24-1_1,00002412,2631,0.4731030937090883,0.46148061752319336,0.4186447530649433
nist302-registered:00002412/00002412_4A_X_358_IN_D800_1000PPI_8BPC_1CH_LP07-1_1,00002412,3682,0.17138565830023147,0.42478156089782715,0.5559346367058017
nist302-registered:00002412/00002412_7C_X_569_CA_D800_1000PPI_8BPC_1CH_LP03-1_1,00002412,3317,0.25526415135449326,0.28280898928642273,0.24380522467912644
nist302-registered:00002413/00002413_1D_R_L01_BP_S24_1000PPI_8BPC_1CH_LP01-1_1,00002413,1989,0.8168236843089678,0.5644058585166931,0.6740060481445156
nist302-registered:00002413/00002413_4G_X_347_IN_D800_1000PPI_8BPC_1CH_LP16-1_1,00002413,3115,0.5212701579851738,0.5693436861038208,0.43088716716512104
nist302-registered:00002426/00002426_1C_L_L01_BP_S04_1000PPI_8BPC_1CH_LP04-1_1,00002426,803,0.333521554056665,0.4556833803653717,0.13648851476007548
nist302-registered:00002426/00002426_1C_R_L01_BP_S04_1000PPI_8BPC_1CH_LP01-1_1,00002426,3156,0.545344558215664,0.3881931006908417,0.39898930622964457
nist302-registered:00002426/00002426_1C_R_L01_BP_S04_1000PPI_8BPC_1CH_LP02-1_1,00002426,2106,0.5522472776606733,0.6106812953948975,0.15001076064755814
nist302-registered:00002426/00002426_1C_R_L01_BP_S04_1000PPI_8BPC_1CH_LP03-1_1,00002426,2271,0.3362340796530388,0.4766738712787628,0.310280135336843
nist302-registered:00002426/00002426_1C_R_L01_BP_S04_1000PPI_8BPC_1CH_LP04-1_1,00002426,1111,0.5415552317082468,0.5003258585929871,0.20731545277109312
nist302-registered:00002426/00002426_1C_X_L01_BP_S04_1000PPI_8BPC_1CH_LP01-1_1,00002426,2413,0.21500905499894854,0.3309817314147949,0.2263422661220781
nist302-registered:00002426/00002426_1C_X_L01_BP_S04_1000PPI_8BPC_1CH_LP06-1_1,00002426,1396,0.421262485231331,0.4327993392944336,0.5526761479791479
nist302-registered:00002426/00002426_1E_L_L01_BP_S04_1000PPI_8BPC_1CH_LP01-1_1,00002426,2310,0.9541506870018642,0.9399370551109314,0.17626135888894742
nist302-registered:00002426/00002426_1E_L_L01_BP_S04_1000PPI_8BPC_1CH_LP02-1_1,00002426,2440,0.6002132995751447,0.8363934755325317,0.3768570411496907
nist302-registered:00002426/00002426_1E_L_L01_BP_S04_1000PPI_8BPC_1CH_LP03-1_1,00002426,1670,0.9664235685806377,0.9310827851295471,0.20469136228041562
nist302-registered:00002426/00002426_1E_R_L01_BP_S04_1000PPI_8BPC_1CH_LP02-1_1,00002426,3306,0.5294597039639836,0.4819971024990082,0.2765477306314037
nist302-registered:00002426/00002426_1F_R_L01_BP_S04_1000PPI_8BPC_1CH_LP04-1_1,00002426,4925,1.1034991530457938,0.6943692564964294,0.6028655708232654
nist302-registered:00002426/00002426_1G_L_L01_BP_S04_1000PPI_8BPC_1CH_LP03-1_1,00002426,2479,0.28901704379683485,0.27512267231941223,0.23324825304452632
nist302-registered:00002426/00002426_1G_L_L01_BP_S04_1000PPI_8BPC_1CH_LP04-1_1,00002426,821,0.038852338233629546,0.04906686767935753,0.027915502568050393
nist302-registered:00002426/00002426_4A_X_471_IN_D800_1000PPI_8BPC_1CH_LP01-1_1,00002426,4438,0.26517287642809206,0.4566883146762848,0.6081183772383792
nist302-registered:00002426/00002426_4A_X_473_IN_D800_1000PPI_8BPC_1CH_LP01-1_1,00002426,3497,0.2432279240370138,0.443429559469223,0.46151806405778184
nist302-registered:00002426/00002426_4A_X_474_IN_D800_1000PPI_8BPC_1CH_LP02-1_1,00002426,2103,0.3734834239452432,0.663446843624115,0.5981779980081273
nist302-registered:00002426/00002426_4A_X_475_IN_D800_1000PPI_8BPC_1CH_LP02-1_1,00002426,2148,0.47486562256890835,0.7538662552833557,0.6117945737468065
nist302-registered:00002426/00002426_6C_X_185_BT_D800_1000PPI_8BPC_1CH_LP27-1_1,00002426,5422,0.5019562107817545,0.47528713941574097,0.5791757231906804
nist302-registered:00002426/00002426_6C_X_185_BT_D800_1000PPI_8BPC_1CH_LP29-1_1,00002426,2396,0.08496685998314758,0.2033928632736206,0.10055341117138106
nist302-registered:00002426/00002426_6C_X_185_BT_D800_1000PPI_8BPC_1CH_LP30-1_1,00002426,3249,0.2922001742311321,0.6375378966331482,0.4198369830317827
nist302-registered:00002426/00002426_6C_X_185_BT_D800_1000PPI_8BPC_1CH_LP37-1_1,00002426,5235,0.3635143702309049,0.49567484855651855,0.43412903752546605
nist302-registered:00002426/00002426_6C_X_185_BT_D800_1000PPI_8BPC_1CH_LP38-1_1,00002426,2461,0.33524842916724706,0.3972749412059784,0.572672499638648
nist302-registered:00002426/00002426_6C_X_185_BT_D800_1000PPI_8BPC_1CH_LP54-1_1,00002426,3693,0.5021986126945223,0.46429529786109924,0.7534916704646953
nist302-registered:00002462/00002462_1E_L_L01_BP_S21_1000PPI_8BPC_1CH_LP03-1_1,00002462,4443,0.4571819312275988,0.47803711891174316,0.3304491750699486
nist302-registered:00002462/00002462_1E_R_L01_BP_S21_1000PPI_8BPC_1CH_LP01-1_1,00002462,1769,0.39779858351735625,0.5104205012321472,0.25406481644798296
nist302-registered:00002462/00002462_1H_L_L01_BP_S21_1000PPI_8BPC_1CH_LP12-1_1,00002462,1571,0.3163572554782438,0.47451239824295044,0.2906230235692355
nist302-registered:00002462/00002462_6E_X_093_BT_D800_1000PPI_8BPC_1CH_LP18-1_1,00002462,2849,0.2533609571152339,0.3013562560081482,0.266737860352104
nist302-registered:00002462/00002462_6E_X_093_BT_D800_1000PPI_8BPC_1CH_LP24-1_1,00002462,1165,0.2101502696181191,0.15427979826927185,0.1880525310938556
nist302-registered:00002462/00002462_6E_X_094_BT_D800_1000PPI_8BPC_1CH_LP07-1_1,00002462,3767,0.42460520144540675,0.4492073357105255,0.49701937971528026
nist302-registered:00002494/00002494_1D_L_L01_BP_S05_1000PPI_8BPC_1CH_LP03-1_1,00002494,1382,0.5354259293050654,0.6387868523597717,0.07061881354098079
nist302-registered:00002494/00002494_1F_L_L01_BP_S05_1000PPI_8BPC_1CH_LP03-1_1,00002494,1006,0.6160826310168259,0.7038830518722534,0.1342047222105222
nist302-registered:00002494/00002494_1G_L_L01_BP_S05_1000PPI_8BPC_1CH_LP02-1_1,00002494,2116,0.49182843384791675,0.5525500774383545,0.3382983015492099
nist302-registered:00002494/00002494_1G_L_L01_BP_S05_1000PPI_8BPC_1CH_LP03-1_1,00002494,3417,0.3309575030517844,0.5867795348167419,0.5543411033258091
nist302-registered:00002494/00002494_1G_R_L01_BP_S05_1000PPI_8BPC_1CH_LP02-1_1,00002494,1436,0.8156177985558309,0.7016105055809021,0.4590015376886458
nist302-registered:00002494/00002494_2B_X_L01_BP_S05_1000PPI_8BPC_1CH_LP05-1_1,00002494,6237,0.241507493955351,0.7359052896499634,0.5973204932161861
nist302-registered:00002494/00002494_4A_X_531_IN_D800_1000PPI_8BPC_1CH_LP10-1_1,00002494,4663,0.7224685249471252,0.5179667472839355,0.5673770161458149
nist302-registered:00002494/00002494_4A_X_534_IN_D800_1000PPI_8BPC_1CH_LP08-1_1,00002494,1512,0.5448621963360922,0.5628751516342163,0.15402655852502256
nist302-registered:00002494/00002494_4A_X_536_IN_D800_1000PPI_8BPC_1CH_LP01-1_1,00002494,3303,0.2850849171486034,0.7299644947052002,0.654605866471673
nist302-registered:00002494/00002494_4A_X_537_IN_D800_1000PPI_8BPC_1CH_LP01-1_1,00002494,1078,0.5688742328643183,0.7820281386375427,0.5358594292847059
nist302-registered:00002494/00002494_6E_X_183_BT_D800_1000PPI_8BPC_1CH_LP10-1_1,00002494,1070,0.6287334984018444,0.8695645928382874,0.34315345799357383
nist302-registered:00002494/00002494_6E_X_183_BT_D800_1000PPI_8BPC_1CH_LP14-1_1,00002494,1841,0.8302046620189183,0.6801803112030029,0.550585506939674
nist302-registered:00002494/00002494_6E_X_183_BT_D800_1000PPI_8BPC_1CH_LP15-1_1,00002494,4598,0.2992929175154747,0.46086856722831726,0.521810251941507
nist302-registered:00002494/00002494_6E_X_183_BT_D800_1000PPI_8BPC_1CH_LP15-2_1,00002494,3506,0.258167081592609,0.4690983295440674,0.40021738710253946
nist302-registered:00002494/00002494_6E_X_183_BT_D800_1000PPI_8BPC_1CH_LP25-1_1,00002494,5718,0.4571510935537806,0.6109756827354431,0.7209064717760975
nist302-registered:00002494/00002494_7D_X_290_CA_D800_1000PPI_8BPC_1CH_LP02-1_1,00002494,3997,0.46132353901965717,0.5817546844482422,0.7667303427953445
nist302-registered:00002494/00002494_7D_X_290_CA_D800_1000PPI_8BPC_1CH_LP24-1_1,00002494,5331,0.7524945270229116,0.622821569442749,0.6370425556205265
nist302-registered:00002495/00002495_1C_R_L01_BP_S24_1000PPI_8BPC_1CH_LP10-1_1,00002495,1178,0.9823094865267814,0.5043569207191467,0.6015652712270246
nist302-registered:00002495/00002495_1C_R_L01_BP_S24_1000PPI_8BPC_1CH_LP13-1_1,00002495,2577,0.2213960999608813,0.285897821187973,0.13961070060415703
nist302-registered:00002495/00002495_1E_L_L01_BP_S24_1000PPI_8BPC_1CH_LP04-1_1,00002495,793,0.7783378200884322,0.8063706159591675,0.06840410884506971
nist302-registered:00002495/00002495_1E_R_L01_BP_S24_1000PPI_8BPC_1CH_LP04-1_1,00002495,882,0.2569283824565313,0.33786827325820923,0.06766438495401346
nist302-registered:00002495/00002495_6E_X_121_BT_D800_1000PPI_8BPC_1CH_LP06-1_1,00002495,496,0.09989016104864314,0.11729566752910614,0.0548561548624007
nist302-registered:00002495/00002495_6E_X_121_BT_D800_1000PPI_8BPC_1CH_LP08-1_1,00002495,4413,0.31528770223753333,0.5219364762306213,0.5908421439575667
nist302-registered:00002495/00002495_6E_X_121_BT_D800_1000PPI_8BPC_1CH_LP34-1_1,00002495,955,0.09093656531956819,0.09388809651136398,0.10800710028809388
nist302-registered:00002508/00002508_1C_L_L01_BP_S22_1000PPI_8BPC_1CH_LP03-1_1,00002508,3698,0.3236005691363893,0.6683879494667053,0.40082944027880407
nist302-registered:00002508/00002508_1C_R_L01_BP_S22_1000PPI_8BPC_1CH_LP02-1_1,00002508,3251,0.39952859964775694,0.3975282907485962,0.19466046761597644
nist302-registered:00002508/00002508_1C_R_L01_BP_S22_1000PPI_8BPC_1CH_LP10-1_1,00002508,2807,0.5251443980970455,0.7582165598869324,0.35885705301063653
nist302-registered:00002508/00002508_1D_L_L01_BP_S22_1000PPI_8BPC_1CH_LP02-1_1,00002508,2971,1.4083080704003113,1.409621238708496,0.5230103030824172
nist302-registered:00002508/00002508_1D_L_L01_BP_S22_1000PPI_8BPC_1CH_LP04-1_1,00002508,5497,0.6430075359020263,1.1792337894439697,1.1585611861372185
nist302-registered:00002508/00002508_1D_R_L01_BP_S22_1000PPI_8BPC_1CH_LP04-1_1,00002508,4624,0.5479736271741559,0.8409332633018494,0.9004574858619707
nist302-registered:00002508/00002508_1E_R_L01_BP_S22_1000PPI_8BPC_1CH_LP01-1_1,00002508,1826,0.2996223328691874,0.3456343412399292,0.09731220759010789
nist302-registered:00002508/00002508_1F_L_L01_BP_S22_1000PPI_8BPC_1CH_LP05-1_1,00002508,6106,0.8039769874331955,0.5982727408409119,0.5661197924922713
nist302-registered:00002508/00002508_1F_R_L01_BP_S22_1000PPI_8BPC_1CH_LP07-1_1,00002508,6507,0.33847638539474667,0.7785407304763794,0.7808137569093536
nist302-registered:00002508/00002508_6E_X_109_BT_D800_1000PPI_8BPC_1CH_LP10-1_1,00002508,1921,0.08586355790272991,0.4807592034339905,0.5038133740280311
nist302-registered:00002508/00002508_6E_X_109_BT_D800_1000PPI_8BPC_1CH_LP23-1_1,00002508,6627,0.48356908554516465,0.6176922917366028,0.6533488061973153
nist302-registered:00002508/00002508_6E_X_109_BT_D800_1000PPI_8BPC_1CH_LP24-1_1,00002508,6353,0.329679352772705,0.5112330913543701,0.58514649531453
nist302-registered:00002508/00002508_6E_X_109_BT_D800_1000PPI_8BPC_1CH_LP27-1_1,00002508,4792,0.40808063441305725,0.6671985983848572,0.7327249883741909
nist302-registered:00002508/00002508_6E_X_109_BT_D800_1000PPI_8BPC_1CH_LP30-1_1,00002508,7293,0.39643488831219226,0.40095022320747375,0.4745826560780084
nist302-registered:00002534/00002534_1C_R_L01_BP_S03_1000PPI_8BPC_1CH_LP07-1_1,00002534,2242,1.12784117910611,0.9965676665306091,0.38693672993249295
nist302-registered:00002534/00002534_1E_R_L01_BP_S03_1000PPI_8BPC_1CH_LP04-1_1,00002534,4200,0.436172529541687,0.8731654286384583,0.9693077221852477
nist302-registered:00002534/00002534_1G_L_L01_BP_S03_1000PPI_8BPC_1CH_LP02-1_1,00002534,2760,0.09894535544780733,0.30934301018714905,0.3070286912292222
nist302-registered:00002534/00002534_1G_R_L01_BP_S03_1000PPI_8BPC_1CH_LP01-1_1,00002534,3977,0.4676636034210061,0.5446053743362427,0.47471544590779413
nist302-registered:00002534/00002534_1G_R_L01_BP_S03_1000PPI_8BPC_1CH_LP03-1_1,00002534,4622,0.3473562187418986,0.4027719497680664,0.345766456849745
nist302-registered:00002534/00002534_1G_R_L01_BP_S03_1000PPI_8BPC_1CH_LP06-1_1,00002534,5150,0.1951788861947083,0.6892605423927307,0.5740906492811049
nist302-registered:00002534/00002534_1H_L_L01_BP_S03_1000PPI_8BPC_1CH_LP09-1_1,00002534,3469,0.6350170094456158,0.6775649189949036,0.5793754285599225
nist302-registered:00002534/00002534_1H_L_L01_BP_S03_1000PPI_8BPC_1CH_LP10-1_1,00002534,1924,1.3515091238442356,0.8491154313087463,0.802242883184611
nist302-registered:00002534/00002534_1H_R_L01_BP_S03_1000PPI_8BPC_1CH_LP06-1_1,00002534,3788,0.36554936610122946,0.636836588382721,0.7535472701000278
nist302-registered:00002534/00002534_1H_R_L01_BP_S03_1000PPI_8BPC_1CH_LP07-1_1,00002534,2768,0.2791252222071374,0.609880268573761,0.6575145314073767
nist302-registered:00002534/00002534_1H_R_L01_BP_S03_1000PPI_8BPC_1CH_LP11-1_1,00002534,4187,0.43381145865245346,0.5834420323371887,0.7675483491928349
nist302-registered:00002534/00002534_2B_X_L01_BP_S03_1000PPI_8BPC_1CH_LP05-1_1,00002534,4237,1.033336509300729,0.6652159690856934,0.7098318681819334
nist302-registered:00002534/00002534_2B_X_L02_BP_S03_1000PPI_8BPC_1CH_LP10-1_1,00002534,1914,0.7123063766310264,0.700739324092865,0.10091351132074193
nist302-registered:00002534/00002534_4A_X_427_IN_D800_1000PPI_8BPC_1CH_LP03-1_1,00002534,1842,0.33983395491605684,0.4350002110004425,0.48901078424936456
nist302-registered:00002534/00002534_4A_X_428_IN_D800_1000PPI_8BPC_1CH_LP01-1_1,00002534,5338,0.6549106733643082,0.9310218095779419,0.7852986030339785
nist302-registered:00002534/00002534_4A_X_430_IN_D800_1000PPI_8BPC_1CH_LP01-1_1,00002534,1579,0.3026862181900015,0.38145723938941956,0.22210125060230904
nist302-registered:00002534/00002534_4A_X_431_IN_D800_1000PPI_8BPC_1CH_LP02-1_1,00002534,4006,0.6006188829668199,0.8775995373725891,0.8626744776859498
nist302-registered:00002534/00002534_6D_X_123_WT_D800_1000PPI_8BPC_1CH_LP01-1_1,00002534,6149,0.4801185164781313,0.6671761870384216,0.7352424901076513
nist302-registered:00002534/00002534_6D_X_123_WT_D800_1000PPI_8BPC_1CH_LP13-1_1,00002534,3718,0.4649772836344825,0.5419890880584717,0.4683022962983082
nist302-registered:00002544/00002544_1C_L_L01_BP_S21_1000PPI_8BPC_1CH_LP01-1_1,00002544,3911,1.3967587668518922,1.0589587688446045,0.6789591011316447
nist302-registered:00002544/00002544_1F_R_L01_BP_S21_1000PPI_8BPC_1CH_LP01-1_1,00002544,4076,0.248273702703841,0.6235200762748718,0.8158528069387656
nist302-registered:00002544/00002544_1F_R_L01_BP_S21_1000PPI_8BPC_1CH_LP03-1_1,00002544,6354,0.4130199012595177,0.7490535378456116,0.7035377245754235
nist302-registered:00002544/00002544_1H_R_L01_BP_S21_1000PPI_8BPC_1CH_LP19-2_1,00002544,4782,0.35087951294013625,0.9049495458602905,0.7401891540149271
nist302-registered:00002544/00002544_4E_X_176_IN_D800_1000PPI_8BPC_1CH_LP01-1_1,00002544,3347,0.14716820039110576,0.41175201535224915,0.40640842349570216
nist302-registered:00002544/00002544_5A_X_506_IN_D800_1000PPI_8BPC_1CH_LP03-1_1,00002544,1816,0.1175545057932906,0.24058732390403748,0.17411193128725283
nist302-registered:00002544/00002544_6A_X_062_BT_D800_1000PPI_8BPC_1CH_LP04-1_1,00002544,2687,0.4508370011769621,0.6796432733535767,0.4061850205752823
nist302-registered:00002544/00002544_6D_X_055_WT_D800_1000PPI_8BPC_1CH_LP07-1_1,00002544,2624,0.15519654354300103,0.3124772310256958,0.3183361010300431
nist302-registered:00002546/00002546_1C_R_L01_BP_S21_1000PPI_8BPC_1CH_LP07-1_1,00002546,4567,0.7383476741470996,1.0836732387542725,0.7510357705693677
nist302-registered:00002546/00002546_1F_L_L01_BP_S21_1000PPI_8BPC_1CH_LP03-1_1,00002546,4109,0.5304752996210762,0.5685070157051086,0.6011495853366834
nist302-registered:00002546/00002546_1F_L_L01_BP_S21_1000PPI_8BPC_1CH_LP10-1_1,00002546,3079,0.4786059997585862,0.689154326915741,0.4704181888904082
nist302-registered:00002546/00002546_1F_R_L01_BP_S21_1000PPI_8BPC_1CH_LP08-1_1,00002546,2754,0.7171112162666767,0.9771882891654968,0.4421839415076071
nist302-registered:00002546/00002546_1H_L_L01_BP_S21_1000PPI_8BPC_1CH_LP09-1_1,00002546,2904,0.4978971046424648,0.7497798800468445,0.7190580070662823
nist302-registered:00002546/00002546_1H_R_L01_BP_S21_1000PPI_8BPC_1CH_LP18-1_1,00002546,2028,0.48529937642222165,0.9638752937316895,0.4500438896867486
nist302-registered:00002546/00002546_1H_R_L01_BP_S21_1000PPI_8BPC_1CH_LP23-1_1,00002546,2107,0.38963160136656383,0.6987088918685913,0.5275789782533132
nist302-registered:00002546/00002546_4A_X_725_IN_D800_1000PPI_8BPC_1CH_LP06-1_1,00002546,4151,1.0291013702748655,1.001007318496704,0.6008019712265849
nist302-registered:00002546/00002546_4A_X_727_IN_D800_1000PPI_8BPC_1CH_LP03-1_1,00002546,3020,0.33849229056898017,0.8750791549682617,0.9727502228971133
nist302-registered:00002546/00002546_4A_X_729_IN_D800_1000PPI_8BPC_1CH_LP05-1_1,00002546,2510,0.43853600459170583,0.5776094794273376,0.33612883615026
nist302-registered:00002546/00002546_4A_X_732_IN_D800_1000PPI_8BPC_1CH_LP03-1_1,00002546,5244,0.4906979602226889,0.5228627920150757,0.34822242198096576
nist302-registered:00002546/00002546_4A_X_732_IN_D800_1000PPI_8BPC_1CH_LP05-1_1,00002546,4647,0.784804069900686,0.5688378214836121,0.7238981266293271
nist302-registered:00002546/00002546_4A_X_736_IN_D800_1000PPI_8BPC_1CH_LP02-1_1,00002546,2532,0.6370615671445331,0.8558312058448792,0.7794926311652324
nist302-registered:00002546/00002546_5A_X_571_IN_D800_1000PPI_8BPC_1CH_LP07-1_1,00002546,7567,0.9125324875175097,0.8653079271316528,0.7871548872695463
nist302-registered:00002546/00002546_6D_X_124_WT_D800_1000PPI_8BPC_1CH_LP11-1_1,00002546,5803,0.6387199699462908,0.7616065144538879,0.4529823831749662
nist302-registered:00002546/00002546_7C_X_212_CA_D800_1000PPI_8BPC_1CH_LP06-1_1,00002546,5467,0.39410618181415297,0.8303289413452148,0.8447696490824966
nist302-registered:00002547/00002547_1C_L_L01_BP_S21_1000PPI_8BPC_1CH_LP01-1_1,00002547,2228,0.28370794285923023,0.24618694186210632,0.18139595935751918
nist302-registered:00002547/00002547_1C_R_L01_BP_S21_1000PPI_8BPC_1CH_LP08-1_1,00002547,5838,0.23243763962519606,0.5372620820999146,0.5774673776331816
nist302-registered:00002547/00002547_1C_X_L01_BP_S21_1000PPI_8BPC_1CH_LP01-1_1,00002547,3539,0.6849227527307947,0.871408998966217,0.5728453824096431
nist302-registered:00002547/00002547_1E_R_L01_BP_S21_1000PPI_8BPC_1CH_LP05-1_1,00002547,4755,0.8804681892705173,0.7153975963592529,0.5164322236324004
nist302-registered:00002547/00002547_1G_R_L01_BP_S21_1000PPI_8BPC_1CH_LP02-1_1,00002547,3973,0.25895276438552745,0.654238760471344,0.5844347893537651
nist302-registered:00002547/00002547_6C_X_155_BT_D800_1000PPI_8BPC_1CH_LP06-3_1,00002547,3489,0.533436973022047,0.6873962879180908,0.7794525760122285
nist302-registered:00002547/00002547_6C_X_155_BT_D800_1000PPI_8BPC_1CH_LP07-1_1,00002547,5380,0.38649502240796496,0.5510551333427429,0.8633592412858848
nist302-registered:00002547/00002547_7D_X_177_CA_D800_1000PPI_8BPC_1CH_LP01-1_1,00002547,6522,1.2090950007123367,0.9144455790519714,0.9932694867997545
nist302-registered:00002561/00002561_1C_R_L03_BP_S11_1000PPI_8BPC_1CH_LP03-1_1,00002561,2262,0.44697838996210076,0.945598304271698,0.761102371267951
nist302-registered:00002561/00002561_1E_L_L01_BP_S11_1000PPI_8BPC_1CH_LP04-1_1,00002561,5127,0.21893940694810327,0.7642369866371155,0.7564810847250294
nist302-registered:00002561/00002561_1F_L_L01_BP_S11_1000PPI_8BPC_1CH_LP04-1_1,00002561,920,1.0993896711535112,1.0868029594421387,0.09834222498960916
nist302-registered:00002561/00002561_1G_L_L01_BP_S11_1000PPI_8BPC_1CH_LP01-1_1,00002561,4226,0.6002267352502683,0.42807620763778687,0.6360360916590817
nist302-registered:00002561/00002561_1G_R_L01_BP_S11_1000PPI_8BPC_1CH_LP01-1_1,00002561,2226,0.45386722168186444,0.717232882976532,0.5458541402727584
nist302-registered:00002561/00002561_6E_X_092_BT_D800_1000PPI_8BPC_1CH_LP11-1_1,00002561,497,0.09995860879442524,0.13405905663967133,0.02658024070618502
nist302-registered:00002575/00002575_1C_L_L01_BP_S22_1000PPI_8BPC_1CH_LP01-1_1,00002575,5214,1.5765414465931749,1.390410304069519,0.37893666088047473
nist302-registered:00002575/00002575_1D_X_L01_BP_S22_1000PPI_8BPC_1CH_LP04-1_1,00002575,2544,0.4086400338373979,0.6237289905548096,0.14999957755157792
nist302-registered:00002575/00002575_1H_L_L01_BP_S22_1000PPI_8BPC_1CH_LP09-1_1,00002575,863,0.8753692483812048,0.8238002061843872,0.35157686509338876
nist302-registered:00002575/00002575_2A_X_L02_BP_S22_1000PPI_8BPC_1CH_LP08-1_1,00002575,1651,0.36516662259929117,0.35455402731895447,0.23429808422164972
nist302-registered:00002575/00002575_4A_X_627_IN_D800_1000PPI_8BPC_1CH_LP15-1_1,00002575,2881,0.4437917709323848,0.6475343108177185,0.49707543755691264
nist302-registered:00002575/00002575_5A_X_597_IN_D800_1000PPI_8BPC_1CH_LP07-1_1,00002575,6167,0.29313142763128974,0.5154155492782593,0.6329787128530897
nist302-registered:00002575/00002575_5A_X_598_IN_D800_1000PPI_8BPC_1CH_LP03-1_1,00002575,1694,0.025982593206750414,0.0776178389787674,0.07246904917211307
nist302-registered:00002575/00002575_5A_X_599_IN_D800_1000PPI_8BPC_1CH_LP01-1_1,00002575,1793,0.1684988926830834,0.1812305748462677,0.18431614591013645
nist302-registered:00002575/00002575_5A_X_599_IN_D800_1000PPI_8BPC_1CH_LP08-1_1,00002575,2912,0.16947612132700438,0.17679736018180847,0.22197846429677706
nist302-registered:00002575/00002575_6E_X_078_BT_D800_1000PPI_8BPC_1CH_LP06-1_1,00002575,4624,0.2719061843766738,0.6650698184967041,0.5965432976396815
nist302-registered:00002575/00002575_6E_X_078_BT_D800_1000PPI_8BPC_1CH_LP13-1_1,00002575,4107,0.8078806134511989,0.6094711422920227,0.5247943124612241
nist302-registered:00002583/00002583_1C_L_L01_BP_S21_1000PPI_8BPC_1CH_LP03-1_1,00002583,3043,0.6302228719971672,0.27540916204452515,0.5149775414706085
nist302-registered:00002583/00002583_1C_R_L01_BP_S21_1000PPI_8BPC_1CH_LP05-1_1,00002583,2962,0.5435669866228192,0.622796893119812,0.5273643748344093
nist302-registered:00002583/00002583_1D_L_L01_BP_S21_1000PPI_8BPC_1CH_LP03-1_1,00002583,1549,1.2612432808073062,1.125453233718872,0.336690638187853
nist302-registered:00002583/00002583_1D_L_L01_BP_S21_1000PPI_8BPC_1CH_LP04-1_1,00002583,1685,0.7154351867939133,0.6624945402145386,0.29104740913398763
nist302-registered:00002583/00002583_1D_R_L01_BP_S21_1000PPI_8BPC_1CH_LP01-1_1,00002583,2189,0.4155576484120011,0.6794668436050415,0.44093899910940665
nist302-registered:00002583/00002583_1D_R_L01_BP_S21_1000PPI_8BPC_1CH_LP03-1_1,00002583,2811,0.8938802233537824,0.666053056716919,0.717812202005666
nist302-registered:00002583/00002583_1G_L_L01_BP_S21_1000PPI_8BPC_1CH_LP03-1_1,00002583,1361,0.3949586728909455,0.4604546129703522,0.33673542508840204
nist302-registered:00002583/00002583_1G_R_L01_BP_S21_1000PPI_8BPC_1CH_LP01-1_1,00002583,912,0.2411456478856841,0.20776551961898804,0.10709142586154083
nist302-registered:00002583/00002583_1G_R_L01_BP_S21_1000PPI_8BPC_1CH_LP03-1_1,00002583,2323,0.30070623088401793,0.8177815079689026,0.7919184164749647
nist302-registered:00002583/00002583_6E_X_004_BT_D800_1000PPI_8BPC_1CH_LP21-1_1,00002583,1323,0.05753788324382518,0.25966063141822815,0.20251503177663877
nist302-registered:00002583/00002583_6E_X_004_BT_D800_1000PPI_8BPC_1CH_LP25-1_1,00002583,1767,0.04811244971491327,0.15749125182628632,0.13373312780893848
nist302-registered:00002611/00002611_1A_X_L01_BP_S22_1000PPI_8BPC_1CH_LP08-1_1,00002611,1917,0.2540647510569377,0.6204586029052734,0.596848394128704
nist302-registered:00002611/00002611_1D_L_L01_BP_S22_1000PPI_8BPC_1CH_LP02-1_1,00002611,883,0.5201847091487521,0.5066697001457214,0.06602965959401776
nist302-registered:00002611/00002611_1D_R_L01_BP_S22_1000PPI_8BPC_1CH_LP03-1_1,00002611,1927,0.8169387041733978,0.7283484935760498,0.29144010049933755
nist302-registered:00002611/00002611_1F_L_L01_BP_S22_1000PPI_8BPC_1CH_LP04-1_1,00002611,4499,0.6315052898403231,0.6266648173332214,0.5167947192733124
nist302-registered:00002611/00002611_1F_R_L01_BP_S22_1000PPI_8BPC_1CH_LP02-1_1,00002611,4563,0.9355691452121097,0.4455409646034241,1.0370258419762866
nist302-registered:00002611/00002611_4D_X_108_IN_D800_1000PPI_8BPC_1CH_LP01-1_1,00002611,5897,0.4750919279887751,0.7108938097953796,0.7246611458897568
nist302-registered:00002611/00002611_4D_X_109_IN_D800_1000PPI_8BPC_1CH_LP08-1_1,00002611,6646,0.5589689802872415,1.100635051727295,0.9142116575901308
nist302-registered:00002614/00002614_1C_L_L01_BP_S05_1000PPI_8BPC_1CH_LP05-1_1,00002614,780,0.5089727350000057,0.41188839077949524,0.150617145086732
nist302-registered:00002614/00002614_1C_R_L01_BP_S05_1000PPI_8BPC_1CH_LP06-1_1,00002614,805,0.35069932772752244,0.43972262740135193,0.6387080727485619
nist302-registered:00002614/00002614_1F_L_L01_BP_S05_1000PPI_8BPC_1CH_LP03-1_1,00002614,2105,0.6217152891800012,0.8416122198104858,0.4251730242735763
nist302-registered:00002614/00002614_3_X_0262_IN_D800_1000PPI_8BPC_1CH_LP03-1_1,00002614,3544,0.5162115089071827,0.8490318059921265,1.0212437022016059
nist302-registered:00002614/00002614_3_X_0262_IN_D800_1000PPI_8BPC_1CH_LP14-1_1,00002614,8025,0.49951700167206287,0.6328535079956055,0.9427066877978008
nist302-registered:00002614/00002614_5B_X_0203_IN_D800_1000PPI_8BPC_1CH_LP37-1_1,00002614,2034,0.13843684570130252,0.2877157926559448,0.26300196835316353
nist302-registered:00002614/00002614_5B_X_0203_IN_D800_1000PPI_8BPC_1CH_LP39-1_1,00002614,4414,0.5643172645637611,0.8444638848304749,0.9482389534667252
nist302-registered:00002614/00002614_5B_X_0205_IN_D800_1000PPI_8BPC_1CH_LP18-1_1,00002614,4835,0.3449260755521544,0.44497308135032654,0.34076385889651484
nist302-registered:00002614/00002614_5B_X_0207_IN_D800_1000PPI_8BPC_1CH_LP14-1_1,00002614,5218,0.18951872094469246,0.3177679181098938,0.36123653792180743
nist302-registered:00002614/00002614_5B_X_0209_IN_D800_1000PPI_8BPC_1CH_LP41-1_1,00002614,4967,0.7391664292713546,0.7167011499404907,0.7467744689911633
nist302-registered:00002625/00002625_1D_L_L01_BP_S23_1000PPI_8BPC_1CH_LP03-1_1,00002625,7500,0.25556671499028255,0.6555485129356384,0.681491199539876
nist302-registered:00002625/00002625_1F_L_L01_BP_S23_1000PPI_8BPC_1CH_LP02-1_1,00002625,4028,1.00900167345006,0.6589468717575073,0.6742570412753108
nist302-registered:00002625/00002625_1F_R_L01_BP_S23_1000PPI_8BPC_1CH_LP02-1_1,00002625,4402,0.4365107244831818,0.5552821755409241,0.4411393568586303
nist302-registered:00002625/00002625_1H_L_L01_BP_S23_1000PPI_8BPC_1CH_LP05-1_1,00002625,1192,0.52718509946496,0.5711972713470459,0.09382787752420332
nist302-registered:00002625/00002625_1H_L_L01_BP_S23_1000PPI_8BPC_1CH_LP06-1_1,00002625,701,0.2875600575867519,0.3476300537586212,0.028866454672413243
nist302-registered:00002625/00002625_4E_X_439_IN_D800_1000PPI_8BPC_1CH_LP16-1_1,00002625,1915,0.19682629899091467,0.3753162622451782,0.24447455058728174
nist302-registered:00002625/00002625_6A_X_099_BT_D800_1000PPI_8BPC_1CH_LP02-1_1,00002625,944,0.1226849895886445,0.3384198546409607,0.29434454291086953
nist302-registered:00002626/00002626_1A_X_L01_BP_S21_1000PPI_8BPC_1CH_LP04-1_1,00002626,2355,0.4049182393910026,0.6119382977485657,0.5285870032809955
nist302-registered:00002626/00002626_1D_L_L01_BP_S21_1000PPI_8BPC_1CH_LP03-1_1,00002626,3086,0.9711708615716834,0.9248273968696594,0.5402174163695478
nist302-registered:00002626/00002626_1F_R_L01_BP_S21_1000PPI_8BPC_1CH_LP03-1_1,00002626,2077,0.6896316707910816,0.5719878673553467,0.2574654112253271
nist302-registered:00002626/00002626_1H_L_L01_BP_S21_1000PPI_8BPC_1CH_LP03-1_1,00002626,3025,0.6808527118999511,0.7871479392051697,0.3412422058862721
nist302-registered:00002626/00002626_1H_L_L01_BP_S21_1000PPI_8BPC_1CH_LP04-1_1,00002626,3207,0.6866099149727113,0.8043857216835022,0.47222612496386074
nist302-registered:00002626/00002626_1H_L_L01_BP_S21_1000PPI_8BPC_1CH_LP05-1_1,00002626,2076,0.7016159010970291,0.7913320660591125,0.6016468774834743
nist302-registered:00002626/00002626_1H_R_L01_BP_S21_1000PPI_8BPC_1CH_LP04-2_1,00002626,1618,0.36114449730823184,0.7828957438468933,0.44674872678945104
nist302-registered:00002626/00002626_1H_R_L01_BP_S21_1000PPI_8BPC_1CH_LP04-3_1,00002626,2665,0.6401855655818942,0.6153870820999146,0.6904366710111963
