model,sample_id,subject_id,trackB_mse,trackB_mae,trackB_psnr,trackB_ssim_map_mean,trackB_pixels,trackB_max_absolute_error,trackB_orientation_error,trackC_mse,trackC_mae,trackC_psnr,trackC_ssim_map_mean,trackC_pixels,trackC_max_absolute_error,trackC_orientation_error
zero_shot,nist302-registered:00002304/00002304_1C_R_L01_BP_S22_1000PPI_8BPC_1CH_LP03-1_1,00002304,0.20856177913716833,0.39621975129141945,6.8076527707295,0.16702268040762824,4193.0,0.8585192561149597,0.8149931184570873,0.0023883450342200552,0.03880462925368493,26.219029323025218,0.6346690364616604,436.0,0.18658602237701416,0.07798167344530352
finetune_no_spectrum,nist302-registered:00002304/00002304_1C_R_L01_BP_S22_1000PPI_8BPC_1CH_LP03-1_1,00002304,0.0609885370756375,0.208176924406615,12.147517838844358,0.05342742802255187,4193.0,0.6929059326648712,0.759843296648267,0.046291996657305316,0.20250098824227622,13.344940869089353,-0.04012817574856575,436.0,0.40729787945747375,0.6529642614147171
support_constrained,nist302-registered:00002304/00002304_1C_R_L01_BP_S22_1000PPI_8BPC_1CH_LP03-1_1,00002304,0.17130134256368665,0.35786324513077933,7.662392332649866,0.18669614477487642,4193.0,0.8517184555530548,0.5321598260323117,0.023276514515489018,0.13106374921055014,16.330820515143685,0.08874853954688097,436.0,0.37665602564811707,1.1462697714324248
support_spectrum,nist302-registered:00002304/00002304_1C_R_L01_BP_S22_1000PPI_8BPC_1CH_LP03-1_1,00002304,0.1705266847392035,0.3566705401468868,7.68207651110257,0.1875217261300439,4193.0,0.851715475320816,0.502299110086773,0.023316275335118382,0.13126093272222292,16.323408248650065,0.08641066446613924,436.0,0.3874727189540863,1.1333252101121478
uniform_confidence,nist302-registered:00002304/00002304_1C_R_L01_BP_S22_1000PPI_8BPC_1CH_LP03-1_1,00002304,0.1702073635109523,0.3558737949023746,7.690216553971503,0.18962425642697317,4193.0,0.8517195284366608,0.49751740588947524,0.024114526205257274,0.13355367418822892,16.177212665417557,0.08263517259908404,436.0,0.3918215036392212,1.127886582320554
boundary_continuity,nist302-registered:00002304/00002304_1C_R_L01_BP_S22_1000PPI_8BPC_1CH_LP03-1_1,00002304,0.17546608528689248,0.36429958184081557,7.558068130790717,0.20056878314797055,4193.0,0.8517098724842072,0.6171959546420267,0.017914602703533854,0.11769847462483503,17.467928188445736,0.12676762922425347,436.0,0.29549896717071533,0.8930249994978147
orientation_only,nist302-registered:00002304/00002304_1C_R_L01_BP_S22_1000PPI_8BPC_1CH_LP03-1_1,00002304,0.17832005133175519,0.3577784183889364,7.487998195104632,0.18340454893373037,4193.0,0.8559814095497131,0.650582252346558,0.053103460066871847,0.20157325411335045,12.748771806324102,0.0032499084366167633,436.0,0.5898001194000244,0.9281328369006728
ridge_band_only,nist302-registered:00002304/00002304_1C_R_L01_BP_S22_1000PPI_8BPC_1CH_LP03-1_1,00002304,0.16665058598863938,0.3532102398597452,7.781931549036305,0.22236480406743342,4193.0,0.8516992628574371,0.7890685251171872,0.029261281710791433,0.15445906333967085,15.337066547065081,0.17154559604199968,436.0,0.3335733413696289,0.10905979871071715
zero_shot,nist302-registered:00002304/00002304_1F_R_L01_BP_S22_1000PPI_8BPC_1CH_LP03-1_1,00002304,0.18499011366124946,0.3834142242902582,7.328514807704645,0.15246304707539443,3963.0,0.8194640129804611,1.5263570913931612,0.00467715634434533,0.04923781293618361,23.300181125906203,0.5546708027561698,1461.0,0.284010648727417,0.18134413348177422
finetune_no_spectrum,nist302-registered:00002304/00002304_1F_R_L01_BP_S22_1000PPI_8BPC_1CH_LP03-1_1,00002304,0.043223045635843414,0.1682337660501318,13.642846345782143,0.10322762143889604,3963.0,0.5877149999141693,0.7641678898292872,0.022615563833377286,0.12580869874670275,16.455925802960422,0.08950280508770456,1461.0,0.4224027991294861,0.1960608702928701
support_constrained,nist302-registered:00002304/00002304_1F_R_L01_BP_S22_1000PPI_8BPC_1CH_LP03-1_1,00002304,0.14910450485933163,0.34175703387473405,8.265092351117639,0.13531508713434298,3963.0,0.7971454858779907,0.4473139103615659,0.02070594418810357,0.12234098421923516,16.83904960943594,0.15675704497633933,1461.0,0.5710106641054153,0.29410898888357023
support_spectrum,nist302-registered:00002304/00002304_1F_R_L01_BP_S22_1000PPI_8BPC_1CH_LP03-1_1,00002304,0.14939681457506065,0.3423698394776233,8.25658662408318,0.1313875195290714,3963.0,0.7980575114488602,0.3588021202935672,0.021893771666027732,0.12424921131680715,16.59679415561167,0.15770827624830963,1461.0,0.5672503709793091,0.3220141459603499
uniform_confidence,nist302-registered:00002304/00002304_1F_R_L01_BP_S22_1000PPI_8BPC_1CH_LP03-1_1,00002304,0.14928254853963066,0.3422170986423521,8.25990959293913,0.13016908986308445,3963.0,0.7980395704507828,0.3619174438715406,0.022483679036867446,0.1258274222138318,16.481326230549715,0.15626027546281107,1461.0,0.57130928337574,0.3108651980380696
boundary_continuity,nist302-registered:00002304/00002304_1F_R_L01_BP_S22_1000PPI_8BPC_1CH_LP03-1_1,00002304,0.1543753436058233,0.3501966717626421,8.114220627504489,0.13943496130023453,3963.0,0.7989411950111389,0.5976434699362277,0.016440817305374764,0.1077158701982831,17.840765966261703,0.17978811963884797,1461.0,0.4768659174442291,0.2527557397685034
orientation_only,nist302-registered:00002304/00002304_1F_R_L01_BP_S22_1000PPI_8BPC_1CH_LP03-1_1,00002304,0.16485156617060673,0.35386039426824284,7.829069224909757,0.11098721187043012,3963.0,0.7997512817382812,0.8350820488962819,0.03581862612574588,0.16033711453197266,14.458910761489145,0.11686226361073371,1461.0,0.6503782719373703,0.2464242961687217
ridge_band_only,nist302-registered:00002304/00002304_1F_R_L01_BP_S22_1000PPI_8BPC_1CH_LP03-1_1,00002304,0.1490616223440367,0.338189339512922,8.266341563431983,0.17669834745482932,3963.0,0.7999365329742432,1.2496963392129596,0.020798656444489597,0.13357842915030393,16.81964718767545,0.4360044739011179,1461.0,0.35891205072402954,0.11556097793051681
zero_shot,nist302-registered:00002304/00002304_1F_R_L01_BP_S22_1000PPI_8BPC_1CH_LP06-1_1,00002304,0.16701198447888985,0.3496247422318231,7.772523635452155,0.21390727997452066,6689.0,0.8509061932563782,0.9555933377936753,0.005266914242401724,0.05022418711547021,22.784437529079305,0.5784794489825983,2664.0,0.333835244178772,0.44748048765080417
finetune_no_spectrum,nist302-registered:00002304/00002304_1F_R_L01_BP_S22_1000PPI_8BPC_1CH_LP06-1_1,00002304,0.0771208142568975,0.23605609302573147,11.128283937134908,0.10793370146249784,6689.0,0.6995572149753571,1.08675524892827,0.04884427246067376,0.19758961835244038,13.111863548635014,0.1266067504856531,2664.0,0.4882957935333252,0.5078804216569904
support_constrained,nist302-registered:00002304/00002304_1F_R_L01_BP_S22_1000PPI_8BPC_1CH_LP06-1_1,00002304,0.18179672557629434,0.36120910084885605,7.404139433195159,0.15509298552900339,6689.0,0.8762714341282845,0.9541493173447878,0.029622820566801062,0.15086434147245176,15.283735920579586,0.15836502958085105,2664.0,0.4544561505317688,0.625812481497317
support_spectrum,nist302-registered:00002304/00002304_1F_R_L01_BP_S22_1000PPI_8BPC_1CH_LP06-1_1,00002304,0.18587991172044865,0.3681381881963264,7.307675424516753,0.14398067681189572,6689.0,0.873266763985157,0.9850316287602002,0.02872051790564261,0.14694494650036366,15.418077328999761,0.1741365965440922,2664.0,0.4810359477996826,0.5793751990938893
uniform_confidence,nist302-registered:00002304/00002304_1F_R_L01_BP_S22_1000PPI_8BPC_1CH_LP06-1_1,00002304,0.1865791461017244,0.36921586253563193,7.2913689884816115,0.14475395167242674,6689.0,0.8742800429463387,0.9681909723716247,0.028658916165959926,0.14657402238822556,15.427402379457716,0.17787585240816148,2664.0,0.49394020438194275,0.5604027561566836
boundary_continuity,nist302-registered:00002304/00002304_1F_R_L01_BP_S22_1000PPI_8BPC_1CH_LP06-1_1,00002304,0.1923716815366838,0.37582818702217496,7.158588587926261,0.15445266480018136,6689.0,0.8769803121685982,0.9476401341764453,0.026779226743688118,0.14234624077026192,15.72201967495696,0.15712245077886067,2664.0,0.4438101649284363,0.5893378786487278
orientation_only,nist302-registered:00002304/00002304_1F_R_L01_BP_S22_1000PPI_8BPC_1CH_LP06-1_1,00002304,0.20065559634491464,0.37805559695444224,6.975487231575444,0.14525612894519668,6689.0,0.8784327581524849,0.8866179823163028,0.049491529570832485,0.19374413396771606,13.05469123802361,0.07979674839189896,2664.0,0.5562843084335327,0.6471795813855177
ridge_band_only,nist302-registered:00002304/00002304_1F_R_L01_BP_S22_1000PPI_8BPC_1CH_LP06-1_1,00002304,0.20048010605285108,0.38500534367367084,6.979287166105205,0.20701595286228608,6689.0,0.8783735111355782,0.9521927915023645,0.029511831941588993,0.15975983330124133,15.300038309124657,0.48211295760331063,2664.0,0.3420279622077942,0.4258119993772519
zero_shot,nist302-registered:00002304/00002304_2A_X_L02_BP_S22_1000PPI_8BPC_1CH_LP08-1_1,00002304,0.14380180531620843,0.33438731271374017,8.42235661700383,0.1670539857993954,5072.0,0.7934582978487015,1.1839559421947587,0.018891293848791197,0.11043756342606859,17.237382965965583,0.3453323322528692,3190.0,0.4907393157482147,0.27484856760097154
finetune_no_spectrum,nist302-registered:00002304/00002304_2A_X_L02_BP_S22_1000PPI_8BPC_1CH_LP08-1_1,00002304,0.0707496557859024,0.23315960660353538,11.50275668745677,0.10487692081243503,5072.0,0.6453959494829178,0.43419448796156496,0.0402963756382037,0.1686375883772829,13.947340136879996,0.13149455254710712,3190.0,0.6038771569728851,0.6017051213860715
support_constrained,nist302-registered:00002304/00002304_2A_X_L02_BP_S22_1000PPI_8BPC_1CH_LP08-1_1,00002304,0.13914652318460355,0.32742746394386146,8.565276407895546,0.15070081485512105,5072.0,0.7635977566242218,0.7933970909929997,0.03330768410280804,0.14996161783189982,14.774555629358574,0.1910431931367529,3190.0,0.5396621823310852,0.47310141738614025
support_spectrum,nist302-registered:00002304/00002304_2A_X_L02_BP_S22_1000PPI_8BPC_1CH_LP08-1_1,00002304,0.13632011055415133,0.32308738529740916,8.654400703690534,0.14190173930455505,5072.0,0.763442724943161,0.7527679766261464,0.03619265197440669,0.15478173469114453,14.413795933036875,0.14609425754851407,3190.0,0.5842998325824738,0.5438997590813004
uniform_confidence,nist302-registered:00002304/00002304_2A_X_L02_BP_S22_1000PPI_8BPC_1CH_LP08-1_1,00002304,0.13442177811059575,0.32039411081300834,8.715303641166672,0.13939765123313186,5072.0,0.7632081806659698,0.7475291131823981,0.03764359398883309,0.15702946963355086,14.243089193838482,0.13793573177073473,3190.0,0.601298063993454,0.5558820499907581
boundary_continuity,nist302-registered:00002304/00002304_2A_X_L02_BP_S22_1000PPI_8BPC_1CH_LP08-1_1,00002304,0.13300580882416524,0.32167912399460935,8.76129391475079,0.16273598331716288,5072.0,0.7625815570354462,0.756310998308637,0.02689076639999745,0.13502976666423594,15.703968199951186,0.19276091481585458,3190.0,0.5181215405464172,0.496715327638983
orientation_only,nist302-registered:00002304/00002304_2A_X_L02_BP_S22_1000PPI_8BPC_1CH_LP08-1_1,00002304,0.15316600937555655,0.337333360816167,8.14837602709271,0.1268418134912129,5072.0,0.7911649495363235,0.8078190311281109,0.04560077060095633,0.17027909046149928,13.410278181926852,0.1744952524151787,3190.0,0.6825276762247086,0.40844591812599657
ridge_band_only,nist302-registered:00002304/00002304_2A_X_L02_BP_S22_1000PPI_8BPC_1CH_LP08-1_1,00002304,0.13160601271225203,0.31734211801930273,8.807242685632472,0.20363587395980287,5072.0,0.763703852891922,1.0537768457992844,0.02924933693180695,0.15288901685921003,15.338839747141556,0.22820817313901248,3190.0,0.3437867760658264,0.2017488041144947
zero_shot,nist302-registered:00002304/00002304_5A_X_647_IN_D800_1000PPI_8BPC_1CH_LP04-1_1,00002304,0.09274598455920725,0.26234714317376673,10.327048841013685,0.18982851717871865,5646.0,0.813377633690834,1.1254906974599543,0.008279642093038097,0.07525359207977173,20.819884362076447,0.4736029610079923,1741.0,0.31125491857528687,0.25284334425013055
finetune_no_spectrum,nist302-registered:00002304/00002304_5A_X_647_IN_D800_1000PPI_8BPC_1CH_LP04-1_1,00002304,0.037436797072288655,0.1589057418922562,14.267013146704118,0.14408797445935517,5646.0,0.6757772564888,0.9392639232659,0.029353793263189418,0.15082778602342095,15.323357688005492,0.12566891621821166,1741.0,0.4600852131843567,0.341306166307944
support_constrained,nist302-registered:00002304/00002304_5A_X_647_IN_D800_1000PPI_8BPC_1CH_LP04-1_1,00002304,0.16345095958327138,0.35041328492398555,7.866125254323649,0.15369538639552446,5646.0,0.8862246051430702,1.2624800599959922,0.00916646079254551,0.07943920964896166,20.37798314816545,0.23429779055741184,1741.0,0.3586397171020508,0.20292580936573315
support_spectrum,nist302-registered:00002304/00002304_5A_X_647_IN_D800_1000PPI_8BPC_1CH_LP04-1_1,00002304,0.16599677045045272,0.3509107785859599,7.799003612924222,0.1480170612372772,5646.0,0.88624057918787,1.2045809600898245,0.008843686315796396,0.07468167416396188,20.53366670179112,0.25253013126605084,1741.0,0.39904654026031494,0.3566628164654695
uniform_confidence,nist302-registered:00002304/00002304_5A_X_647_IN_D800_1000PPI_8BPC_1CH_LP04-1_1,00002304,0.16601326801167354,0.35092225959547607,7.798572011527941,0.1496697386395121,5646.0,0.886322058737278,1.1737571450954716,0.008862974401051809,0.07452862309628969,20.524205050675604,0.2512715399528776,1741.0,0.3961108922958374,0.32708199332783017
boundary_continuity,nist302-registered:00002304/00002304_5A_X_647_IN_D800_1000PPI_8BPC_1CH_LP04-1_1,00002304,0.1705382121305106,0.35594887504689965,7.6817829433690825,0.1463827988436331,5646.0,0.8866541162133217,1.1829385757067445,0.007525238846288082,0.06901158049214784,21.23479711285114,0.29451095396442545,1741.0,0.40383052825927734,0.2585155426754398
orientation_only,nist302-registered:00002304/00002304_5A_X_647_IN_D800_1000PPI_8BPC_1CH_LP04-1_1,00002304,0.18580782651688235,0.37619327878618425,7.309359967928203,0.14678917825573212,5646.0,0.8973980024456978,1.3053763840519226,0.021890860713182518,0.12628370781933557,16.597371623408435,0.1669804805113853,1741.0,0.5165180861949921,0.2873594417391285
ridge_band_only,nist302-registered:00002304/00002304_5A_X_647_IN_D800_1000PPI_8BPC_1CH_LP04-1_1,00002304,0.17481586872366045,0.3601693622279665,7.574191472947634,0.16751990002616762,5646.0,0.8910624086856842,1.3349752946904863,0.007798583365910428,0.07525900702994148,21.079842809305816,0.42324763842617563,1741.0,0.35214829444885254,0.3344063867690319
zero_shot,nist302-registered:00002304/00002304_5A_X_648_IN_D800_1000PPI_8BPC_1CH_LP04-1_1,00002304,0.11173949688409499,0.27141038779349075,9.517932884166385,0.1611073356930211,2404.0,0.9170566126704216,1.388901172207786,0.0068482434847928885,0.06785282030295527,21.644208070017378,0.583679896040258,954.0,0.3765876293182373,0.47917572366991135
finetune_no_spectrum,nist302-registered:00002304/00002304_5A_X_648_IN_D800_1000PPI_8BPC_1CH_LP04-1_1,00002304,0.047401830763021076,0.17654269071801035,13.242048845933525,0.12007119811946544,2404.0,0.54721599817276,0.90125727029825,0.03357793266804874,0.1664194304113368,14.739460460924615,0.11309981916086716,954.0,0.4574406147003174,0.5253071065895549
support_constrained,nist302-registered:00002304/00002304_5A_X_648_IN_D800_1000PPI_8BPC_1CH_LP04-1_1,00002304,0.10119429857257761,0.26078626473500904,9.948439555616408,0.14073951061626366,2404.0,0.8926389142870903,1.2111576479923938,0.023627816665344494,0.13454531548658008,16.265764076101824,0.15576645844396342,954.0,0.4719335436820984,0.6190821132168421
support_spectrum,nist302-registered:00002304/00002304_5A_X_648_IN_D800_1000PPI_8BPC_1CH_LP04-1_1,00002304,0.09624741050649199,0.25542330295281385,10.166109461609661,0.12389719396859125,2404.0,0.8848991319537163,1.1872986062497406,0.02245098707684495,0.1277323626997086,16.487645601126335,0.1829023597817266,954.0,0.44474250078201294,0.6521675016550622
uniform_confidence,nist302-registered:00002304/00002304_5A_X_648_IN_D800_1000PPI_8BPC_1CH_LP04-1_1,00002304,0.0956343723627363,0.2543673762112558,10.19385988011291,0.11992250204576396,2404.0,0.8843644186854362,1.183058803804368,0.022433245711163993,0.12751100638752463,16.491078868061887,0.18121911032149235,954.0,0.44411712884902954,0.6343062974666399
boundary_continuity,nist302-registered:00002304/00002304_5A_X_648_IN_D800_1000PPI_8BPC_1CH_LP04-1_1,00002304,0.09825081519332293,0.2607106575943815,10.07663837568382,0.1578105974743705,2404.0,0.8847961351275444,1.1792874520398975,0.0165526812581858,0.11256596683456213,17.811316477300533,0.1954143674370011,954.0,0.3786865472793579,0.4823200219602506
orientation_only,nist302-registered:00002304/00002304_5A_X_648_IN_D800_1000PPI_8BPC_1CH_LP04-1_1,00002304,0.12533142942185996,0.29749830210652706,9.019400071153575,0.1662111156932337,2404.0,0.9123348519206047,1.2895671579515429,0.03926437037821021,0.17625624966071587,14.06001362262629,0.07123881403138395,954.0,0.543414443731308,0.5005468072338682
ridge_band_only,nist302-registered:00002304/00002304_5A_X_648_IN_D800_1000PPI_8BPC_1CH_LP04-1_1,00002304,0.10439599659466042,0.2662315395522782,9.81316155454299,0.17787991206473008,2404.0,0.905066542327404,1.2552343711026401,0.022289733510836778,0.13112134822259658,16.51895123779292,0.2776826922814664,954.0,0.42328792810440063,0.32042496958183364
zero_shot,nist302-registered:00002304/00002304_6C_X_222_BT_D800_1000PPI_8BPC_1CH_LP01-1_1,00002304,0.039319544466523484,0.1513479076417876,14.053915222951709,0.2593877473664973,1620.0,0.5227861106395721,0.5629298235200936,0.0024523929389218373,0.04066109178855666,26.104099429899577,0.4352525062008789,299.0,0.11925369501113892,0.08998702747139598
finetune_no_spectrum,nist302-registered:00002304/00002304_6C_X_222_BT_D800_1000PPI_8BPC_1CH_LP01-1_1,00002304,0.07532831312718326,0.23098194107965186,11.230417578794913,0.11045329242879375,1620.0,0.6606553196907043,0.2831333708952853,0.016591144197990487,0.11158567278281502,17.80123662092684,0.1685182195559621,299.0,0.34343892335891724,0.0945923160584262
support_constrained,nist302-registered:00002304/00002304_6C_X_222_BT_D800_1000PPI_8BPC_1CH_LP01-1_1,00002304,0.04014519312611741,0.15935355047752828,13.963664484868959,0.30222766113050803,1620.0,0.5981025099754333,0.39809457419670785,0.006243429153026527,0.06056963261154583,22.045768120516307,0.27410811322194717,299.0,0.30886971950531006,0.09467958990790269
support_spectrum,nist302-registered:00002304/00002304_6C_X_222_BT_D800_1000PPI_8BPC_1CH_LP01-1_1,00002304,0.03275662107005487,0.14151207609677022,14.847009031971186,0.288048838431972,1620.0,0.5245399177074432,0.4330620866882804,0.005701916645112884,0.058273514776325544,22.439791358220894,0.2571934321939574,299.0,0.2445528507232666,0.10490985066764842
uniform_confidence,nist302-registered:00002304/00002304_6C_X_222_BT_D800_1000PPI_8BPC_1CH_LP01-1_1,00002304,0.03327398617162381,0.14238790799806147,14.778951682132295,0.2983564322706632,1620.0,0.592030793428421,0.4275031355301492,0.006055578653269404,0.060186833541927526,22.178443506358047,0.2576631660659312,299.0,0.30279800295829773,0.10537640046797793
boundary_continuity,nist302-registered:00002304/00002304_6C_X_222_BT_D800_1000PPI_8BPC_1CH_LP01-1_1,00002304,0.026844611346590334,0.12532534314158522,15.711428793242506,0.33573543386892507,1620.0,0.5233833491802216,0.3610935218180494,0.002661227583218552,0.04013932728049747,25.749179838065054,0.3735396731746209,299.0,0.18100816011428833,0.1511821112916864
orientation_only,nist302-registered:00002304/00002304_6C_X_222_BT_D800_1000PPI_8BPC_1CH_LP01-1_1,00002304,0.04423160897311398,0.16392535819315615,13.54267262406667,0.2445556940797013,1620.0,0.6778046786785126,0.34129299309287436,0.012890542555842694,0.09004932014041123,18.89728803046148,0.1660244762330489,299.0,0.3885718882083893,0.1225166750759641
ridge_band_only,nist302-registered:00002304/00002304_6C_X_222_BT_D800_1000PPI_8BPC_1CH_LP01-1_1,00002304,0.03291916929946123,0.14039335852419887,14.825511325488316,0.3380369154314568,1620.0,0.5246226489543915,0.34965715388109025,0.002100789727489029,0.03923290569248008,26.776174148769005,0.5355443925386307,299.0,0.10711395740509033,0.05772709953512582
zero_shot,nist302-registered:00002304/00002304_7D_X_065_CA_D800_1000PPI_8BPC_1CH_LP03-1_1,00002304,0.14553474895166052,0.3388609577061799,8.370332989381277,0.12337029800459036,2729.0,0.7400967180728912,1.0101479153959523,0.04863700594503279,0.1695243311183653,13.130331677314711,0.3414673513984737,607.0,0.5454212129116058,0.07514344651325357
finetune_no_spectrum,nist302-registered:00002304/00002304_7D_X_065_CA_D800_1000PPI_8BPC_1CH_LP03-1_1,00002304,0.03796282311168313,0.16393252764376323,14.206414986621185,0.11161991355327147,2729.0,0.5365036427974701,1.02430979125415,0.07764751572848481,0.24572655175623823,11.098724346253103,0.046224334054114725,607.0,0.5136301219463348,0.7813576215834256
support_constrained,nist302-registered:00002304/00002304_7D_X_065_CA_D800_1000PPI_8BPC_1CH_LP03-1_1,00002304,0.14670147947241277,0.3361802545221527,8.335655063103296,0.1620253839984406,2729.0,0.7503462731838226,0.8739385670337866,0.04660368903145959,0.18151401378570317,13.315797042843636,0.3768240737100922,607.0,0.443126380443573,0.2664168537749417
support_spectrum,nist302-registered:00002304/00002304_7D_X_065_CA_D800_1000PPI_8BPC_1CH_LP03-1_1,00002304,0.14879397379513568,0.34090414514970585,8.274146575032876,0.14740026432157122,2729.0,0.7462161183357239,0.8501267999184108,0.04586412378588732,0.1823471726656353,13.385268990840864,0.3539262648151252,607.0,0.43752050399780273,0.1523215969300321
uniform_confidence,nist302-registered:00002304/00002304_7D_X_065_CA_D800_1000PPI_8BPC_1CH_LP03-1_1,00002304,0.148383821773861,0.3405590732757667,8.286134474219,0.1451915178193969,2729.0,0.7491456568241119,0.8489242837373983,0.04595207878391832,0.18211253986523612,13.376948371839871,0.3391866580953132,607.0,0.44648873805999756,0.3010559276204004
boundary_continuity,nist302-registered:00002304/00002304_7D_X_065_CA_D800_1000PPI_8BPC_1CH_LP03-1_1,00002304,0.1371075117185457,0.3227960257499198,8.629387508374274,0.16354214131224026,2729.0,0.7404786050319672,0.8675141107927928,0.04309263275259695,0.17860365606218429,13.655969717970686,0.3503248234183571,607.0,0.4242945909500122,0.1379536122370214
orientation_only,nist302-registered:00002304/00002304_7D_X_065_CA_D800_1000PPI_8BPC_1CH_LP03-1_1,00002304,0.14325258195847423,0.3290078780259261,8.43897541645302,0.13437426691353485,2729.0,0.7807900011539459,0.9464152124308515,0.05913434693100519,0.1994498902824408,12.28160195095943,0.3733985293422703,607.0,0.5472534894943237,0.18018715165687849
ridge_band_only,nist302-registered:00002304/00002304_7D_X_065_CA_D800_1000PPI_8BPC_1CH_LP03-1_1,00002304,0.15402111841630306,0.3463109408042159,8.124197273267766,0.16037988233913936,2729.0,0.7481932640075684,0.8085560550596919,0.05576109628867722,0.20535127732663414,12.536686963978024,0.3390218674727986,607.0,0.3994637727737427,0.047885612766596565
