sample_id,subject_id,real_entropy_step2,recon_entropy_step2,entropy_diff_step2,real_self_rate_step2,recon_self_rate_step2,self_rate_diff_step2,transitions_step2,real_entropy_step4,recon_entropy_step4,entropy_diff_step4,real_self_rate_step4,recon_self_rate_step4,self_rate_diff_step4,transitions_step4
nist302-registered:00002304/00002304_1C_R_L01_BP_S22_1000PPI_8BPC_1CH_LP03-1_1,00002304,0.7636898814936802,0.3746344165105537,-0.38905546498312654,0.7777777777777778,0.9331683168316832,0.15539053905390543,396.0,1.0913212295171988,0.49899483902460845,-0.5923263904925904,0.5857740585774058,0.8744939271255061,0.2887198685481003,239.0
nist302-registered:00002304/00002304_1F_R_L01_BP_S22_1000PPI_8BPC_1CH_LP03-1_1,00002304,1.070974061461621,1.0870636961158153,0.01608963465419433,0.7477760334903192,0.7040560841261893,-0.04371994936412993,1911.0,1.5995997748373592,1.770018122913446,0.1704183480760868,0.568359375,0.4439681567666871,-0.1243912182333129,1536.0
nist302-registered:00002304/00002304_1F_R_L01_BP_S22_1000PPI_8BPC_1CH_LP06-1_1,00002304,1.1798984589266415,1.3123614761082778,0.13246301718163633,0.6997786386275595,0.6881405563689604,-0.01163808225859908,3614.0,1.9060304057843982,2.0957950728635426,0.1897646670791444,0.4932157394843962,0.4601314661331809,-0.033084273351215276,2948.0
nist302-registered:00002304/00002304_2A_X_L02_BP_S22_1000PPI_8BPC_1CH_LP08-1_1,00002304,1.2173591103923744,1.0759053867511097,-0.14145372364126474,0.6895219700627716,0.745832326648949,0.056310356586177446,4142.0,1.8695570882960548,1.666878727420301,-0.20267836087575386,0.4836424957841484,0.563174382178907,0.07953188639475861,2965.0
nist302-registered:00002304/00002304_5A_X_647_IN_D800_1000PPI_8BPC_1CH_LP04-1_1,00002304,0.9399142721874632,0.7779241143009197,-0.16199015788654347,0.7650494159928122,0.8299502106472616,0.06490079465444942,2226.0,1.4694439967523065,1.2050502069229763,-0.26439378982933026,0.6001335113484646,0.6283378746594005,0.028204363310935898,1498.0
nist302-registered:00002304/00002304_5A_X_648_IN_D800_1000PPI_8BPC_1CH_LP04-1_1,00002304,0.7709036986142945,0.8451747482332188,0.07427104961892428,0.7859649122807018,0.8113848768054376,0.025419964524735827,855.0,0.8958648074636355,1.4228051846177194,0.5269403771540839,0.7049891540130152,0.6237113402061856,-0.08127781380682964,461.0
nist302-registered:00002304/00002304_7D_X_065_CA_D800_1000PPI_8BPC_1CH_LP03-1_1,00002304,0.37095579638130405,0.5071687287545087,0.13621293237320464,0.9202551834130781,0.8858954041204438,-0.03435977929263434,627.0,0.5528683673537157,0.6579298701196069,0.10506150276589121,0.8544303797468354,0.8164556962025317,-0.03797468354430378,316.0
nist302-registered:00002304/00002304_7D_X_066_CA_D800_1000PPI_8BPC_1CH_LP45-1_1,00002304,0.9211088339557008,0.8826076558932958,-0.03850117806240494,0.7592319054652881,0.8040066777963272,0.0447747723310391,2708.0,1.4702463225051796,1.3715715044095036,-0.09867481809567602,0.5841860465116279,0.6568023016851624,0.07261625517353454,2150.0
nist302-registered:00002325/00002325_1H_R_L01_BP_S21_1000PPI_8BPC_1CH_LP03-1_1,00002325,0.33872314248221885,0.603173211534248,0.2644500690520291,0.9319444444444445,0.8776978417266187,-0.054246602717825776,2160.0,0.4732435047412629,0.8933745054566634,0.4201310007154005,0.876078914919852,0.7521008403361344,-0.12397807458371757,1622.0
nist302-registered:00002325/00002325_4A_X_606_IN_D800_1000PPI_8BPC_1CH_LP01-1_1,00002325,1.1095355662193613,0.6359866868989187,-0.47354887932044265,0.7350946090681899,0.8651056248409265,0.13001101577273655,2801.0,1.757877010898691,0.9960267055774562,-0.7618503053212348,0.5560747663551402,0.7270177625428482,0.17094299618770803,2140.0
nist302-registered:00002325/00002325_6E_X_074_BT_D800_1000PPI_8BPC_1CH_LP14-1_1,00002325,0.8079879550451788,1.0347083927659972,0.2267204377208184,0.8257607336390163,0.7540377505351236,-0.07172298310389269,4798.0,1.2277100401906833,1.5963735957503977,0.3686635555597144,0.7060240963855422,0.537101593625498,-0.16892250276004417,3735.0
nist302-registered:00002325/00002325_6E_X_074_BT_D800_1000PPI_8BPC_1CH_LP18-1_1,00002325,1.1303212870782733,0.9838528278111246,-0.1464684592671487,0.7145769622833843,0.7682119205298014,0.053634958246417064,1962.0,1.7579968141648856,1.4261481437202315,-0.33184867044465416,0.5045112781954887,0.5990404386566142,0.09452916046112547,1330.0
nist302-registered:00002325/00002325_6E_X_074_BT_D800_1000PPI_8BPC_1CH_LP21-1_1,00002325,0.7897970979095166,0.6203243725110503,-0.16947272539846625,0.8258476442095993,0.8696726374305127,0.04382499322091338,4542.0,1.217816015267473,0.8795358776310943,-0.33828013763637876,0.6811751904243744,0.7789864029666255,0.09781121254225111,3676.0
nist302-registered:00002325/00002325_6E_X_074_BT_D800_1000PPI_8BPC_1CH_LP23-1_1,00002325,0.9350572516406405,0.9777737174782114,0.04271646583757094,0.7458167330677291,0.7492138364779874,0.0033971034102583397,1255.0,1.3300513518770778,1.362882961424323,0.03283160954724518,0.5548128342245989,0.5848563968668408,0.03004356264224184,748.0
nist302-registered:00002325/00002325_6E_X_074_BT_D800_1000PPI_8BPC_1CH_LP26-1_1,00002325,1.0432901453341377,0.7872154139972108,-0.2560747313369268,0.7413173652694611,0.832771896053898,0.09145453078443688,4175.0,1.5412235882473233,1.2074307067400933,-0.33379288150722997,0.5555212831585441,0.6693648816936488,0.11384359853510473,3242.0
nist302-registered:00002326/00002326_1C_L_L01_BP_S06_1000PPI_8BPC_1CH_LP03-1_1,00002326,1.0023114896109244,0.7737923799378258,-0.22851910967309863,0.763262270699058,0.8349261511728931,0.0716638804738351,4034.0,1.603629497392634,1.1944530195998113,-0.4091764777928226,0.6146447409246044,0.6782884310618067,0.06364369013720228,3223.0
nist302-registered:00002326/00002326_1F_R_L01_BP_S06_1000PPI_8BPC_1CH_LP01-1_1,00002326,0.8868672437263453,0.6615114486363363,-0.22535579509000903,0.7723449001051524,0.8714640198511167,0.09911911974596421,1902.0,1.203825422220775,0.9439680942991855,-0.25985732792158944,0.6069565217391304,0.7854914196567863,0.17853489791765587,1150.0
nist302-registered:00002326/00002326_1F_X_L01_BP_S06_1000PPI_8BPC_1CH_LP03-1_1,00002326,1.083983237141741,1.096610290884157,0.012627053742416017,0.7208258527827648,0.7419604804339404,0.021134627651175575,2228.0,1.7923012494034127,1.6770835989235582,-0.11521765047985455,0.4830163043478261,0.52425068119891,0.04123437685108394,1472.0
nist302-registered:00002326/00002326_1F_X_L01_BP_S06_1000PPI_8BPC_1CH_LP06-1_1,00002326,1.0771857429481138,0.6347095030857922,-0.44247623986232154,0.7110591900311527,0.8570478723404256,0.14598868230927287,1284.0,1.4417331333181345,0.9145707152002809,-0.5271624181178536,0.5188235294117647,0.7166186359269933,0.19779510651522858,850.0
nist302-registered:00002326/00002326_1G_L_L01_BP_S06_1000PPI_8BPC_1CH_LP04-1_1,00002326,1.0680500278670013,1.1731184080631345,0.10506838019613318,0.7513330101793505,0.7263640999490056,-0.024968910230344865,8252.0,1.6694936827687488,1.8142389744345861,0.14474529166583738,0.5627067254685777,0.5286962291275019,-0.03401049634107578,7256.0
nist302-registered:00002326/00002326_1G_R_L01_BP_S06_1000PPI_8BPC_1CH_LP08-1_1,00002326,0.5317673833936597,0.58705400061736,0.05528661722370032,0.8609112709832134,0.8549707602339182,-0.005940510749295247,834.0,0.8593318021316936,0.8655578573838532,0.006226055252159579,0.6971153846153846,0.6932084309133489,-0.003906953702035643,416.0
nist302-registered:00002326/00002326_4D_X_288_IN_D800_1000PPI_8BPC_1CH_LP01-1_1,00002326,0.8640003392937338,0.5904195953343387,-0.273580743959395,0.8097934710193204,0.882177033492823,0.07238356247350253,3002.0,1.399311895519161,0.9128892740892869,-0.48642262142987414,0.6514745308310992,0.7605743112145906,0.10909978038349144,2238.0
nist302-registered:00002326/00002326_6A_X_163_BT_D800_1000PPI_8BPC_1CH_LP01-1_1,00002326,1.1588836242105807,0.8678457442903822,-0.2910378799201985,0.7344476994657936,0.809931506849315,0.07548380738352145,5803.0,1.8086363971160173,1.3632624351930107,-0.4453739619230066,0.5465773498011304,0.649075420735508,0.10249807093437757,4777.0
nist302-registered:00002326/00002326_6C_X_083_BT_D800_1000PPI_8BPC_1CH_LP17-1_1,00002326,0.6993506517966332,0.9278530461594834,0.22850239436285014,0.8387650085763293,0.7451146983857264,-0.09365031019060288,1166.0,1.0792854754587922,1.2642908408550448,0.18500536539625267,0.7097701149425287,0.4823695345557123,-0.22740058038681643,696.0
nist302-registered:00002326/00002326_6C_X_083_BT_D800_1000PPI_8BPC_1CH_LP25-1_1,00002326,0.7524060752509463,0.9967491561818252,0.24434308093087898,0.7884972170686456,0.7285974499089253,-0.05989976715972034,539.0,1.130049341541302,1.3747663596824045,0.24471701814110247,0.67,0.49666666666666665,-0.1733333333333334,300.0
nist302-registered:00002326/00002326_6C_X_083_BT_D800_1000PPI_8BPC_1CH_LP27-1_1,00002326,1.3472195645425167,1.1552745061932983,-0.19194505834921838,0.6807177442324124,0.7302813017098732,0.04956355747746077,3511.0,2.1415781628452346,1.7700711493610608,-0.3715070134841738,0.4706085753803596,0.5409299279633268,0.07032135258296723,2892.0
nist302-registered:00002334/00002334_1C_L_L01_BP_S21_1000PPI_8BPC_1CH_LP06-1_1,00002334,1.191052896888554,1.2267626755374208,0.03570977864886671,0.694467246757511,0.7200802637236635,0.02561301696615248,6091.0,1.8400236278045004,1.890162567713774,0.05013893990927354,0.5058802243531754,0.5157193743224407,0.009839149969265382,5527.0
nist302-registered:00002334/00002334_1D_L_L01_BP_S21_1000PPI_8BPC_1CH_LP01-1_1,00002334,1.1013103334148202,0.9425750571227953,-0.15873527629202488,0.7202889034799738,0.7863137508069722,0.06602484732699843,1523.0,1.6968739541127515,1.6441772689192256,-0.052696685193525994,0.4857444561774023,0.5991471215351812,0.11340266535777893,947.0
nist302-registered:00002334/00002334_1G_R_L01_BP_S21_1000PPI_8BPC_1CH_LP01-1_1,00002334,0.6911212340915308,0.5461344369834347,-0.14498679710809614,0.842436974789916,0.8923076923076924,0.049870717517776386,476.0,0.929084471351349,0.9766244376526646,0.04753996630131563,0.6832579185520362,0.7024793388429752,0.019221420290938984,221.0
nist302-registered:00002334/00002334_1H_L_L01_BP_S21_1000PPI_8BPC_1CH_LP01-1_1,00002334,1.1590955307296327,0.5598419284040214,-0.5992536023256113,0.7131242740998839,0.882886216466235,0.16976194236635112,4305.0,1.8005450880682563,0.8009876078783791,-0.9995574801898772,0.5258717660292463,0.7768595041322314,0.250987738102985,3556.0
nist302-registered:00002334/00002334_1H_L_L01_BP_S21_1000PPI_8BPC_1CH_LP10-1_1,00002334,1.033517370818449,1.1991311358354326,0.16561376501698355,0.7464254952627045,0.7149204529167263,-0.031505042345978174,5805.0,1.5784699933715625,1.867961937952062,0.28949194458049954,0.5385403854038541,0.5157242952582695,-0.02281609014558461,4878.0
nist302-registered:00002334/00002334_1H_R_L01_BP_S21_1000PPI_8BPC_1CH_LP04-1_1,00002334,1.1895131401716585,0.8323078556053092,-0.35720528456634937,0.6803980560055543,0.8184238551650692,0.13802579915951496,4321.0,1.8667445558174054,1.2564096267825775,-0.6103349290348279,0.45485714285714285,0.6712606404539927,0.21640349759684985,3500.0
nist302-registered:00002334/00002334_4G_X_066_IN_D800_1000PPI_8BPC_1CH_LP03-1_1,00002334,0.9925237470725806,0.7091087655293167,-0.28341498154326394,0.7649662240857209,0.8530824659727783,0.08811624188705736,4293.0,1.639427787697195,1.0674970360207232,-0.5719307516764718,0.5905147484094853,0.7122798667301286,0.1217651183206433,3458.0
nist302-registered:00002342/00002342_4F_X_452_IN_D800_1000PPI_8BPC_1CH_LP13-1_1,00002342,0.6056794443863676,0.6046441584311091,-0.0010352859552584803,0.8640684410646388,0.8771106941838649,0.013042253119226133,1052.0,0.881403772263176,0.954794259655531,0.07339048739235499,0.7182866556836903,0.7047308319738989,-0.01355582370979147,607.0
nist302-registered:00002342/00002342_4F_X_462_IN_D800_1000PPI_8BPC_1CH_LP43-1_1,00002342,0.6834755956676914,0.602876009765202,-0.0805995859024895,0.8181818181818182,0.8733309274630098,0.055149109281191544,2508.0,1.0784805993265578,0.9210301595368722,-0.15745043978968565,0.6532994923857868,0.7486437613019892,0.0953442689162024,1970.0
nist302-registered:00002342/00002342_6E_X_153_BT_D800_1000PPI_8BPC_1CH_LP17-1_1,00002342,1.0052547547661719,0.8839768974201547,-0.12127785734601715,0.7617483577564427,0.8126735672809896,0.05092520952454693,3958.0,1.6780064652354587,1.4331048433006601,-0.24490162193479859,0.5715282623866015,0.6431972789115646,0.07166901652496316,2866.0
nist302-registered:00002360/00002360_1D_L_L01_BP_S06_1000PPI_8BPC_1CH_LP01-1_1,00002360,1.004388271778606,1.127257122003688,0.1228688502250821,0.7562972292191436,0.72895467160037,-0.027342557618773577,3176.0,1.5000307222545866,1.7579825084752867,0.25795178622070014,0.538938395970554,0.5133308298911002,-0.025607566079453803,2581.0
nist302-registered:00002360/00002360_1D_R_L01_BP_S06_1000PPI_8BPC_1CH_LP03-1_1,00002360,0.9211444477465307,0.7292341862013003,-0.1919102615452304,0.7811926605504587,0.8342082239720034,0.05301556342154479,2180.0,1.3578709230840595,1.0535343465693774,-0.30433657651468216,0.6013029315960912,0.6613300492610837,0.06002711766499258,1535.0
nist302-registered:00002360/00002360_1E_L_L01_BP_S06_1000PPI_8BPC_1CH_LP02-1_1,00002360,1.1883821324256847,1.1631789067769065,-0.025203225648778194,0.6664077669902913,0.7188111067657411,0.052403339775449864,2575.0,1.7628019525332654,1.9329696044827367,0.17016765194947125,0.4351851851851852,0.5076115485564304,0.07242636337124525,1944.0
nist302-registered:00002360/00002360_1E_R_L01_BP_S06_1000PPI_8BPC_1CH_LP01-1_1,00002360,1.1365198514735826,0.9753073701911231,-0.16121248128245946,0.7135549872122762,0.7621824239900041,0.04862743677772796,2346.0,1.659255147200709,1.5058220964116684,-0.15343305078904068,0.4911308203991131,0.5875613747954174,0.09643055439630427,1804.0
nist302-registered:00002360/00002360_1G_L_L01_BP_S06_1000PPI_8BPC_1CH_LP01-1_1,00002360,0.974645929675212,0.8141232858658375,-0.16052264380937453,0.749801429706116,0.8256620428751577,0.07586061316904169,2518.0,1.439605482041705,1.3359869072639456,-0.10361857477775938,0.5730706075533661,0.6591744993870045,0.08610389183363831,1827.0
nist302-registered:00002360/00002360_1G_L_L01_BP_S06_1000PPI_8BPC_1CH_LP07-1_1,00002360,1.0437007439531745,0.7291765347639589,-0.31452420918921553,0.7391629297458894,0.8402130492676432,0.1010501195217538,1338.0,1.6291666192070515,1.178265147422764,-0.45090147178428763,0.5259165613147914,0.6410835214446953,0.1151669601299039,791.0
nist302-registered:00002360/00002360_1G_L_L01_BP_S06_1000PPI_8BPC_1CH_LP10-1_1,00002360,0.914193986170739,0.8285012889153581,-0.08569269725538087,0.7885352001056664,0.8142414860681114,0.025706285962445063,7571.0,1.4497622184337815,1.288556599330114,-0.16120561910366749,0.6318221195495235,0.6659145395571852,0.03409242000766166,6926.0
nist302-registered:00002360/00002360_1G_L_L01_BP_S06_1000PPI_8BPC_1CH_LP12-1_1,00002360,0.549446347450789,0.7808776107513083,0.23143126330051933,0.8536585365853658,0.8200692041522492,-0.03358933243311668,451.0,0.9611592469302791,1.1441078592972718,0.18294861236699267,0.6534090909090909,0.6179775280898876,-0.035431562819203344,176.0
nist302-registered:00002360/00002360_1G_R_L01_BP_S06_1000PPI_8BPC_1CH_LP01-1_1,00002360,0.901449023136887,0.6964991652567281,-0.20494985788015896,0.7635658914728682,0.8512544802867383,0.0876885888138701,1290.0,1.2179028125746818,0.9954203565517918,-0.22248245602288996,0.5928571428571429,0.7159603246167718,0.12310318175962898,840.0
nist302-registered:00002360/00002360_1G_R_L01_BP_S06_1000PPI_8BPC_1CH_LP02-1_1,00002360,0.8209128633557549,0.8913809127492383,0.07046804939348339,0.8012154975943276,0.7906786590351594,-0.010536838559168205,3949.0,1.1947166489607028,1.3881196987607838,0.19340304980008094,0.6561832061068702,0.6273607748184019,-0.028822431288468287,3275.0
nist302-registered:00002360/00002360_1G_R_L01_BP_S06_1000PPI_8BPC_1CH_LP03-1_1,00002360,1.205306684341399,0.9985902804077297,-0.2067164039336694,0.7005696818118661,0.781685393258427,0.08111571144656093,7197.0,1.892261443445304,1.6229536166700136,-0.2693078267752904,0.4960912052117264,0.5955644156491403,0.09947321043741392,6140.0
nist302-registered:00002360/00002360_1G_R_L01_BP_S06_1000PPI_8BPC_1CH_LP09-1_1,00002360,0.8638033631405283,0.8657784312415868,0.001975068101058519,0.8151186639320246,0.8143076529306373,-0.0008110110013872518,6826.0,1.3932375016921053,1.320402840917622,-0.0728346607744832,0.6691919191919192,0.6565770862800566,-0.012614832911862606,5940.0
nist302-registered:00002360/00002360_1H_L_L01_BP_S06_1000PPI_8BPC_1CH_LP06-1_1,00002360,0.7533846629536959,0.713176538110176,-0.04020812484351988,0.8044406490179334,0.8504464285714286,0.04600577955349516,2342.0,1.1428428164812225,1.0843829024930982,-0.058459913988124335,0.7000599880023995,0.701816347124117,0.0017563591217174546,1667.0
nist302-registered:00002360/00002360_4G_X_336_IN_D800_1000PPI_8BPC_1CH_LP02-1_1,00002360,1.0145863031717843,0.5464998508122968,-0.46808645235948754,0.7171648550724637,0.8981712385702411,0.1810063834977773,4416.0,1.4565399749819319,0.8293670571806587,-0.6271729178012732,0.4976460814178898,0.8103061986557132,0.3126601172378234,3611.0
nist302-registered:00002360/00002360_5A_X_793_IN_D800_1000PPI_8BPC_1CH_LP04-1_1,00002360,0.9542010978323204,0.6935675193104198,-0.2606335785219006,0.7634228187919463,0.8395536744901886,0.0761308556982423,2384.0,1.4335675576390392,0.9803540379041924,-0.4532135197348468,0.5734886300610095,0.7029702970297029,0.12948166696869345,1803.0
nist302-registered:00002360/00002360_5A_X_796_IN_D800_1000PPI_8BPC_1CH_LP01-1_1,00002360,1.0699747002331383,0.7611586440262915,-0.3088160562068468,0.7313167259786477,0.8291713961407492,0.09785467016210148,1686.0,1.5432753934365997,1.1338385359855503,-0.4094368574510494,0.5160202360876898,0.6581875993640699,0.14216736327638013,1186.0
nist302-registered:00002360/00002360_5A_X_796_IN_D800_1000PPI_8BPC_1CH_LP02-1_1,00002360,0.9756545546479471,0.8495690019995076,-0.12608555264843957,0.7653194263363755,0.7849604221635884,0.019640995827212904,767.0,1.4076896327235033,1.2444114008077807,-0.16327823191572266,0.5421166306695464,0.5991189427312775,0.05700231206173112,463.0
nist302-registered:00002360/00002360_6D_X_062_WT_D800_1000PPI_8BPC_1CH_LP03-1_1,00002360,0.7474457504274166,0.6694359368747136,-0.07800981355270298,0.8166118421052632,0.8439716312056738,0.027359789100410592,1216.0,0.9974386321534843,0.9000987851189136,-0.09733984703457066,0.7261306532663316,0.7205707491082045,-0.005559904158127127,796.0
nist302-registered:00002372/00002372_1C_R_L01_BP_S12_1000PPI_8BPC_1CH_LP01-1_1,00002372,0.9357362651158213,0.6630996322992024,-0.2726366328166189,0.7889165628891657,0.8674922600619195,0.07857569717275381,3212.0,1.4630238932002841,1.0235459545541583,-0.43947793864612583,0.6139575971731449,0.743891797556719,0.12993420038357406,2264.0
nist302-registered:00002372/00002372_1C_R_L01_BP_S12_1000PPI_8BPC_1CH_LP03-1_1,00002372,0.6265393081274975,0.5047979115377983,-0.12174139658969918,0.855779427359491,0.905894519131334,0.050115091771843034,943.0,0.8447979942353215,0.8077722352374153,-0.03702575899790628,0.7944078947368421,0.8060897435897436,0.011681848852901466,608.0
nist302-registered:00002372/00002372_1D_L_L01_BP_S12_1000PPI_8BPC_1CH_LP03-1_1,00002372,1.0665478801518096,1.0017998550682456,-0.06474802508356392,0.735534686458649,0.772793902081501,0.03725921562285206,3301.0,1.6691069156364968,1.608069896326265,-0.061037019310231866,0.5226781857451404,0.5784716516023007,0.055793465857160385,2315.0
nist302-registered:00002372/00002372_1D_R_L01_BP_S12_1000PPI_8BPC_1CH_LP03-1_1,00002372,0.45240971392425117,0.5637429458375992,0.11133323191334804,0.8929546695794648,0.8876221498371335,-0.0053325197423312876,1831.0,0.6097458339610818,0.8899257685553317,0.28017993459424984,0.8371361132966169,0.770735524256651,-0.06640058903996582,1271.0
nist302-registered:00002372/00002372_1D_R_L01_BP_S12_1000PPI_8BPC_1CH_LP07-1_1,00002372,0.7438696586383419,0.4287652572328067,-0.3151044014055352,0.8304668304668305,0.9092212135690396,0.07875438310220917,2035.0,1.13153075372772,0.6257718109315189,-0.505758942796201,0.6755526657997399,0.818639798488665,0.14308713268892503,1538.0
nist302-registered:00002372/00002372_1E_R_L01_BP_S12_1000PPI_8BPC_1CH_LP04-1_1,00002372,1.2114510288489653,0.9815625813186248,-0.22988844753034043,0.7110004394316684,0.7725237828763291,0.061523343444660705,6827.0,1.900227467700017,1.4750658739012659,-0.4251615937987512,0.5073444462782637,0.5961925398545117,0.08884809357624801,6059.0
nist302-registered:00002372/00002372_1G_L_L01_BP_S12_1000PPI_8BPC_1CH_LP02-1_1,00002372,1.1442812450843345,1.1140686999663414,-0.030212545117993095,0.7144827586206897,0.7427157160535494,0.028232957432859696,7975.0,1.7663367509129189,1.6890968800530033,-0.07723987085991557,0.5126273196595508,0.5599367165632226,0.04730939690367186,7167.0
nist302-registered:00002372/00002372_1H_R_L01_BP_S12_1000PPI_8BPC_1CH_LP10-1_1,00002372,0.8476826435805354,0.4181367831621272,-0.42954586041840814,0.7843388960205392,0.9216944801026957,0.13735558408215653,1558.0,1.2753082747433062,0.6998026455856099,-0.5755056291576963,0.5925925925925926,0.8264550264550264,0.23386243386243388,945.0
nist302-registered:00002372/00002372_2B_X_L01_BP_S12_1000PPI_8BPC_1CH_LP14-1_1,00002372,0.6932020717152341,0.5614650378788186,-0.13173703383641544,0.8422876949740035,0.8852459016393442,0.04295820666534078,2885.0,1.065329926834744,0.8648616073686841,-0.20046831946605992,0.7106210621062106,0.7703993055555556,0.059778243449345014,2222.0
nist302-registered:00002402/00002402_1D_L_L01_BP_S10_1000PPI_8BPC_1CH_LP02-1_1,00002402,0.7978779786563519,0.8583851160764229,0.06050713742007097,0.7917917917917918,0.7848101265822784,-0.006981665209513377,999.0,1.1411537644682688,1.1514362279927266,0.01028246352445783,0.6388415672913118,0.6405797101449275,0.0017381428536157317,587.0
nist302-registered:00002402/00002402_1D_L_L01_BP_S10_1000PPI_8BPC_1CH_LP05-1_1,00002402,0.6052182794207561,0.8427216877039746,0.23750340828321848,0.8581100971445393,0.7954343314556774,-0.0626757656888619,3397.0,0.9123734803798186,1.2464120680463737,0.33403858766655514,0.7483492296404989,0.6144756277695717,-0.13387360187092723,2726.0
nist302-registered:00002402/00002402_1D_L_L01_BP_S10_1000PPI_8BPC_1CH_LP06-1_1,00002402,0.7923300676969733,0.5315383626307891,-0.2607917050661842,0.8288682340076544,0.8805970149253731,0.05172878091771871,1829.0,1.3476136149995137,0.7991513337298763,-0.5484622812696374,0.6674191121143717,0.744413407821229,0.07699429570685734,1329.0
nist302-registered:00002402/00002402_1E_L_L01_BP_S10_1000PPI_8BPC_1CH_LP07-1_1,00002402,1.2150887555825045,0.9063936951202328,-0.3086950604622717,0.6853625170998632,0.782016348773842,0.09665383167397879,731.0,1.8802215191931377,1.4066193745206386,-0.47360214467249917,0.40561224489795916,0.5306122448979592,0.12500000000000006,392.0
nist302-registered:00002402/00002402_1E_R_L01_BP_S10_1000PPI_8BPC_1CH_LP01-1_1,00002402,1.1051168372210327,1.0814138929883828,-0.02370294423264996,0.7367024484380654,0.7586206896551724,0.02191824121710695,8291.0,1.7615339500799152,1.683339314027794,-0.07819463605212129,0.5285831509846827,0.5734293193717277,0.04484616838704503,7312.0
nist302-registered:00002402/00002402_1F_L_L01_BP_S10_1000PPI_8BPC_1CH_LP02-1_1,00002402,1.162310499144973,1.0322558228901468,-0.13005467625482625,0.7047694126921561,0.7687140115163148,0.0639445988241587,5074.0,1.7422917688938153,1.5845385242730645,-0.1577532446207508,0.5047007567071773,0.5871559633027523,0.08245520659557504,4361.0
nist302-registered:00002402/00002402_1H_R_L01_BP_S10_1000PPI_8BPC_1CH_LP18-1_1,00002402,0.8151150544223781,1.0740605933915064,0.2589455389691283,0.8218605674070816,0.7554729450640232,-0.0663876223430584,4547.0,1.2176688317611537,1.7959600117617074,0.5782911800005537,0.7001426533523538,0.5491464045525091,-0.15099624879984475,3505.0
nist302-registered:00002402/00002402_5A_X_770_IN_D800_1000PPI_8BPC_1CH_LP02-1_1,00002402,0.9029817974481082,0.5921632273531706,-0.31081857009493763,0.7710772833723654,0.8828976034858388,0.11182032011347343,1708.0,1.2798151696890911,0.8516989017651451,-0.4281162679239461,0.5862068965517241,0.7814251401120896,0.19521824356036555,1131.0
nist302-registered:00002402/00002402_5A_X_770_IN_D800_1000PPI_8BPC_1CH_LP08-1_1,00002402,0.6767665501479336,0.4583251247523119,-0.21844142539562172,0.8511126810314377,0.8932799733199933,0.04216729228855565,5662.0,1.0113861081274762,0.6462023499217242,-0.365183758205752,0.7398843930635838,0.8188991531947653,0.07901476013118147,4844.0
nist302-registered:00002402/00002402_6C_X_192_BT_D800_1000PPI_8BPC_1CH_LP03-1_1,00002402,1.0207082853288802,0.7665302784221701,-0.2541780069067101,0.7605873261205565,0.8401943582129842,0.0796070320924277,6470.0,1.6308788687205804,1.1686791268311438,-0.4621997418894366,0.5933089388395191,0.7113629673241095,0.11805402848459046,5739.0
nist302-registered:00002405/00002405_1C_L_L01_BP_S11_1000PPI_8BPC_1CH_LP08-1_1,00002405,0.8018673662431123,0.6211378254712051,-0.18072954077190717,0.8136520737327189,0.8645548880393228,0.05090281430660393,3472.0,1.20194204815616,0.9394277727989148,-0.26251427535724525,0.6801163213376954,0.7220689655172414,0.04195264417954603,2751.0
nist302-registered:00002405/00002405_1C_L_L01_BP_S11_1000PPI_8BPC_1CH_LP10-1_1,00002405,0.8625582827681161,0.6104244935441192,-0.2521337892239969,0.8121674762896137,0.8804545454545455,0.06828706916493177,4323.0,1.3204659941995016,0.9785226574194629,-0.34194333678003874,0.6592004536433229,0.7590227651304831,0.09982231148716014,3527.0
nist302-registered:00002405/00002405_1C_L_L01_BP_S11_1000PPI_8BPC_1CH_LP11-1_1,00002405,0.6379102622473715,0.656272047024308,0.018361784776936507,0.8677450047573739,0.8594139650872819,-0.008331039670092077,3153.0,0.9009459410629236,0.9656951239520548,0.06474918288913123,0.7782340862422998,0.7195024077046549,-0.05873167853764494,2435.0
nist302-registered:00002405/00002405_1D_R_L01_BP_S11_1000PPI_8BPC_1CH_LP04-1_1,00002405,0.8674654171691467,0.5926650681998861,-0.27480034896926064,0.7973629424011104,0.8743961352657005,0.0770331928645901,1441.0,1.2415496042618805,0.9144575306287684,-0.3270920736331121,0.6551724137931034,0.7558011049723757,0.10062869117927231,899.0
nist302-registered:00002405/00002405_1D_R_L01_BP_S11_1000PPI_8BPC_1CH_LP05-1_1,00002405,0.8805859327028402,0.5777135736985186,-0.30287235900432163,0.7695507487520798,0.8868954758190327,0.11734472706695287,1202.0,1.2161980430533805,0.9179944621291434,-0.29820358092423715,0.6122137404580152,0.7611731843575419,0.14895944389952664,655.0
nist302-registered:00002405/00002405_1E_L_L01_BP_S11_1000PPI_8BPC_1CH_LP06-1_1,00002405,0.6199344758166428,0.7229599496052955,0.10302547378865268,0.8707692307692307,0.8421563865954347,-0.02861284417379606,1950.0,1.0064528754707216,1.0895591381989804,0.08310626272825883,0.7644694533762058,0.6731780616078137,-0.09129139176839207,1244.0
nist302-registered:00002405/00002405_1E_R_L02_BP_S11_1000PPI_8BPC_1CH_LP01-1_1,00002405,0.9284093513299616,0.5131680379769114,-0.41524131335305026,0.7598540145985402,0.9038336582196231,0.14397964362108295,1370.0,1.2839000591773253,0.815321234241799,-0.4685788249355263,0.5554156171284634,0.7982924226254002,0.2428768054969368,794.0
nist302-registered:00002405/00002405_1E_R_L02_BP_S11_1000PPI_8BPC_1CH_LP03-1_1,00002405,0.841688213470982,0.726498969848814,-0.11518924362216798,0.808854532677442,0.8514056224899599,0.04255108981251787,1423.0,1.243069385214981,1.1592129853743425,-0.08385639984063853,0.6111771700356718,0.6721854304635762,0.061008260427904304,841.0
nist302-registered:00002405/00002405_1F_L_L01_BP_S11_1000PPI_8BPC_1CH_LP01-1_1,00002405,0.9582987624804729,0.5209727494682268,-0.43732601301224605,0.7373737373737373,0.8871473354231975,0.1497735980494601,1089.0,1.3076854284809314,0.7212735216438375,-0.5864119068370939,0.5248796147672552,0.7611940298507462,0.23631441508349105,623.0
nist302-registered:00002405/00002405_1F_L_L01_BP_S11_1000PPI_8BPC_1CH_LP02-1_1,00002405,0.9134581316823601,0.6019243851093306,-0.31153374657302957,0.7843137254901961,0.8746948738812043,0.09038114839100819,1224.0,1.2681114001326825,0.9623445970809428,-0.30576680305173976,0.5968379446640316,0.7260812581913499,0.12924331352731833,759.0
nist302-registered:00002405/00002405_6E_X_064_BT_D800_1000PPI_8BPC_1CH_LP10-1_1,00002405,1.0550978492592882,1.0318909057497294,-0.023206943509558764,0.7533697632058288,0.7577530719719134,0.004383308766084615,5490.0,1.6760087321811226,1.57880138797361,-0.09720734420751254,0.5780045823786711,0.5714610832954028,-0.006543499083268345,4801.0
nist302-registered:00002406/00002406_1D_L_L01_BP_S21_1000PPI_8BPC_1CH_LP03-1_1,00002406,1.1015296209848566,1.0016546607208914,-0.09987496026396525,0.7328679037295609,0.7687239944521498,0.035856090722588885,5443.0,1.6730145483232048,1.5603014630812013,-0.11271308524200352,0.5241306638566913,0.5869265603465249,0.06279589648983364,4745.0
nist302-registered:00002406/00002406_1F_R_L01_BP_S21_1000PPI_8BPC_1CH_LP04-1_1,00002406,1.1835713824957623,1.1665825714771116,-0.016988811018650685,0.7079207920792079,0.7237554810420428,0.01583468896283491,3838.0,1.8068457694769737,1.9256770432362122,0.11883127375923852,0.4993702770780856,0.510718789407314,0.011348512329228344,3176.0
nist302-registered:00002406/00002406_1G_L_L01_BP_S21_1000PPI_8BPC_1CH_LP01-1_1,00002406,1.2622982315717761,0.668096832399791,-0.5942013991719851,0.6773797841020608,0.870022030164379,0.19264224606231817,4076.0,1.9388775695458804,1.0436683536474325,-0.8952092158984479,0.4619726678550208,0.7452399086062452,0.28326724075122445,3366.0
nist302-registered:00002406/00002406_1H_R_L01_BP_S21_1000PPI_8BPC_1CH_LP01-1_1,00002406,1.1044522875776677,0.6702786073220698,-0.4341736802555979,0.7298787210584344,0.8629850746268657,0.13310635356843126,2721.0,1.7056552379827041,0.9980038931270561,-0.7076513448556481,0.5039331366764995,0.738321306494493,0.23438816981799349,2034.0
nist302-registered:00002406/00002406_6D_X_184_WT_D800_1000PPI_8BPC_1CH_LP10-1_1,00002406,0.746826701070998,0.6746747652353275,-0.07215193583567048,0.8365417088821344,0.8555858310626703,0.01904412218053586,2961.0,1.2283283697385898,1.0240474788035072,-0.20428089093508262,0.7137761925991976,0.7143965851765619,0.0006203925773643482,2243.0
nist302-registered:00002408/00002408_1D_R_L01_BP_S25_1000PPI_8BPC_1CH_LP02-1_1,00002408,1.0800636535219377,1.4422293736749658,0.36216572015302817,0.732420872540633,0.6526736631684158,-0.07974720937221724,5845.0,1.6204323433738015,2.3347173731012307,0.7142850297274292,0.5344413295955146,0.41428018575851394,-0.12016114383700066,4994.0
nist302-registered:00002408/00002408_1E_R_L01_BP_S25_1000PPI_8BPC_1CH_LP01-1_1,00002408,1.016243862922667,1.0138739581651928,-0.0023699047574743393,0.7616618075801749,0.7779764032892384,0.016314595709063573,2744.0,1.5602294157457008,1.5674455641935794,0.007216148447878545,0.5611164581328201,0.5852858481724461,0.024169390039626037,2078.0
nist302-registered:00002408/00002408_1H_R_L01_BP_S25_1000PPI_8BPC_1CH_LP13-1_1,00002408,0.9127781133959563,0.8424090365593631,-0.07036907683659321,0.791907514450867,0.7992457209167392,0.007338206465872132,3287.0,1.3159895344704975,1.2977140467073958,-0.018275487763101728,0.6267657992565056,0.6112863652295829,-0.015479434026922645,2690.0
nist302-registered:00002408/00002408_2B_X_L03_BP_S25_1000PPI_8BPC_1CH_LP04-1_1,00002408,1.094389079968574,0.9473845836006893,-0.1470044963678847,0.744275420336269,0.785640875055058,0.04136545471878894,6245.0,1.7484899799764106,1.4381581156475693,-0.3103318643288413,0.568351889030845,0.6057377049180328,0.03738581588718781,5479.0
nist302-registered:00002408/00002408_2B_X_L03_BP_S25_1000PPI_8BPC_1CH_LP11-1_1,00002408,0.8266508600131033,0.7597602642566362,-0.06689059575646705,0.7994932432432432,0.8375099760574621,0.03801673281421891,5920.0,1.3258729988334195,1.1627798488690522,-0.1630931499643673,0.658695652173913,0.6705555555555556,0.011859903381642556,5060.0
nist302-registered:00002408/00002408_6C_X_073_BT_D800_1000PPI_8BPC_1CH_LP04-1_1,00002408,0.8136257265273383,0.96059529031799,0.14696956379065163,0.8272967511270014,0.7932192547577163,-0.03407749636928514,6433.0,1.3000050750033127,1.554681848618422,0.2546767736151092,0.6818578662475991,0.6190736688548505,-0.06278419739274865,5727.0
nist302-registered:00002408/00002408_6C_X_073_BT_D800_1000PPI_8BPC_1CH_LP07-1_1,00002408,0.8105292903225451,0.545355044940792,-0.26517424538175305,0.8024193548387096,0.8891820580474934,0.08676270320878376,744.0,1.1526854285287838,0.9070174369690981,-0.24566799155968566,0.653179190751445,0.742296918767507,0.08911772801606199,346.0
nist302-registered:00002412/00002412_1D_L_L01_BP_S06_1000PPI_8BPC_1CH_LP04-1_1,00002412,0.7938182987611118,0.6426664875386144,-0.15115181122249732,0.8238941711451013,0.87474162877222,0.05084745762711862,2419.0,1.1730196139972675,1.0115643878729024,-0.16145522612436514,0.6906729634002361,0.7473435655253837,0.05667060212514763,1694.0
nist302-registered:00002412/00002412_1D_R_L01_BP_S06_1000PPI_8BPC_1CH_LP04-1_1,00002412,0.7513540167863536,0.6746087999382173,-0.07674521684813629,0.8196894848270995,0.8600349040139617,0.040345419186862186,2834.0,1.0590209625252007,1.0984526767181015,0.03943171419290081,0.68,0.7209183673469388,0.04091836734693877,1925.0
nist302-registered:00002412/00002412_1E_R_L02_BP_S06_1000PPI_8BPC_1CH_LP01-1_1,00002412,1.0921973125042317,0.5979105524385182,-0.4942867600657135,0.7320261437908496,0.8847133757961784,0.15268723200532874,2754.0,1.6165307591873956,0.9335720529434576,-0.6829587062439381,0.5476424361493124,0.7675199328577423,0.21987749670842993,2036.0
nist302-registered:00002412/00002412_4A_X_354_IN_D800_1000PPI_8BPC_1CH_LP24-1_1,00002412,0.7838388597020561,0.6681631076622466,-0.11567575203980951,0.811141304347826,0.8417419012214551,0.030600596873629038,1472.0,1.291523371264706,0.9344343651105715,-0.3570890061541345,0.5748031496062992,0.7120055517002082,0.137202402093909,1016.0
nist302-registered:00002412/00002412_4A_X_357_IN_D800_1000PPI_8BPC_1CH_LP24-1_1,00002412,0.8835934572672431,0.8612744615143535,-0.022318995752889648,0.8081431215299199,0.806081290722929,-0.0020618308069908498,3242.0,1.4888954406877681,1.359118422327184,-0.1297770183605842,0.6344591705857204,0.6334782608695653,-0.000980909716155165,2339.0
nist302-registered:00002412/00002412_4A_X_358_IN_D800_1000PPI_8BPC_1CH_LP07-1_1,00002412,0.9489456462874412,0.6830711286759741,-0.2658745176114671,0.7838188903321581,0.8608895705521472,0.07707068021998909,5389.0,1.5087244985264976,1.040618423853974,-0.46810607467252363,0.6303348653972423,0.7513155661178068,0.12098070072056455,4569.0
nist302-registered:00002412/00002412_7C_X_569_CA_D800_1000PPI_8BPC_1CH_LP03-1_1,00002412,0.8326211376736835,1.0232133832196315,0.190592245545948,0.8126438817071011,0.7656888888888889,-0.04695499281821225,5647.0,1.2672291190312068,1.6080040920048833,0.3407749729736764,0.6664662256965324,0.5839887074006856,-0.08247751829584671,4989.0
nist302-registered:00002413/00002413_1D_R_L01_BP_S24_1000PPI_8BPC_1CH_LP01-1_1,00002413,1.0149428555472952,0.9989711760841923,-0.01597167946310296,0.7651438240270727,0.7664111962679107,0.0012673722408379495,2955.0,1.6341699376933092,1.5813146348319502,-0.05285530286135898,0.5704131497112395,0.5683484260457093,-0.0020647236655301215,2251.0
nist302-registered:00002413/00002413_4G_X_347_IN_D800_1000PPI_8BPC_1CH_LP16-1_1,00002413,0.9658358437349116,0.8172767716664838,-0.14855907206842778,0.7693194925028836,0.8171625700733075,0.04784307757042394,4335.0,1.5165098882740433,1.1721630968319625,-0.3443467914420808,0.5861657722122838,0.6659412404787813,0.0797754682664975,3354.0
nist302-registered:00002426/00002426_1C_L_L01_BP_S04_1000PPI_8BPC_1CH_LP04-1_1,00002426,0.8028266283641073,0.36784773767145584,-0.4349788906926515,0.7857142857142857,0.9263038548752834,0.14058956916099774,882.0,1.1138304849265654,0.5992094960298614,-0.514620988896704,0.6371490280777538,0.8401727861771058,0.20302375809935203,463.0
nist302-registered:00002426/00002426_1C_R_L01_BP_S04_1000PPI_8BPC_1CH_LP01-1_1,00002426,0.8017464254306464,0.5812190397894959,-0.2205273856411506,0.8219749652294854,0.8878642567318332,0.06588929150234779,5033.0,1.2851636209852644,0.9075285061244724,-0.37763511486079193,0.6660226998309587,0.780074774576644,0.11405207474568524,4141.0
nist302-registered:00002426/00002426_1C_R_L01_BP_S04_1000PPI_8BPC_1CH_LP02-1_1,00002426,0.8117994380713436,0.6263812987864225,-0.18541813928492112,0.8212307692307692,0.8766666666666667,0.055435897435897497,3250.0,1.2244489576353845,0.9901742852558707,-0.23427467237951383,0.689297124600639,0.7400863761287789,0.050789251528139956,2504.0
nist302-registered:00002426/00002426_1C_R_L01_BP_S04_1000PPI_8BPC_1CH_LP03-1_1,00002426,0.8693162628542119,0.5175303098501747,-0.35178595300403726,0.8034282554603263,0.9065085493656923,0.103080293905366,3617.0,1.288677220786932,0.8512663220646804,-0.4374108987222515,0.6700957786449095,0.803325079589671,0.1332293009447615,2819.0
nist302-registered:00002426/00002426_1C_R_L01_BP_S04_1000PPI_8BPC_1CH_LP04-1_1,00002426,0.7207783004182851,0.5935381414190751,-0.12724015899920993,0.8037709497206704,0.881562099871959,0.07779115015128857,1432.0,0.9855995673442394,0.8805485871992897,-0.10505098014494962,0.659375,0.7876269621421976,0.12825196214219758,960.0
nist302-registered:00002426/00002426_1C_X_L01_BP_S04_1000PPI_8BPC_1CH_LP01-1_1,00002426,0.7256421473701459,0.5558738091595536,-0.16976833821059223,0.8290830168204015,0.8961734693877551,0.06709045256735358,3686.0,1.1389800866995021,0.8780483898836976,-0.2609316968158045,0.6779838991949597,0.792258064516129,0.1142741653211693,2857.0
nist302-registered:00002426/00002426_1C_X_L01_BP_S04_1000PPI_8BPC_1CH_LP06-1_1,00002426,0.798701494505943,0.6434209159381128,-0.15528057856783017,0.8027965284474445,0.8715728715728716,0.06877634312542702,2074.0,1.2143995218867585,1.0090752656842878,-0.20532425620247063,0.6448467966573816,0.739251040221914,0.09440424356453236,1436.0
nist302-registered:00002426/00002426_1E_L_L01_BP_S04_1000PPI_8BPC_1CH_LP01-1_1,00002426,1.0024412721214067,0.5585766623760983,-0.4438646097453084,0.7453125,0.8921804109954631,0.14686791099546304,3200.0,1.549234399512085,0.8895245006007032,-0.6597098989113818,0.5770491803278689,0.7745956873315364,0.1975465070036675,2440.0
nist302-registered:00002426/00002426_1E_L_L01_BP_S04_1000PPI_8BPC_1CH_LP02-1_1,00002426,1.139614934588143,0.6025369333337623,-0.5370780012543807,0.7158878504672898,0.8806789815277084,0.16479113106041865,3210.0,1.7226841771615535,0.9429301380417818,-0.7797540391197717,0.4997991161108879,0.7549689440993789,0.25516982798849097,2489.0
nist302-registered:00002426/00002426_1E_L_L01_BP_S04_1000PPI_8BPC_1CH_LP03-1_1,00002426,1.0444117933055137,0.6332147195229599,-0.41119707378255377,0.7643546164446486,0.8727634194831014,0.1084088030384528,2177.0,1.6261513917704462,1.013389931472911,-0.6127614602975353,0.6067114093959731,0.7343316694398225,0.1276202600438494,1490.0
nist302-registered:00002426/00002426_1E_R_L01_BP_S04_1000PPI_8BPC_1CH_LP02-1_1,00002426,0.9420611234366731,0.5611832438697715,-0.38087787956690167,0.783629191321499,0.8980234388665383,0.11439424754503935,5070.0,1.4138458997264536,0.9069976737054337,-0.5068482260210199,0.6259631099696474,0.7988657079197894,0.17290259795014196,4283.0
nist302-registered:00002426/00002426_1F_R_L01_BP_S04_1000PPI_8BPC_1CH_LP04-1_1,00002426,0.8162198080479849,0.8574381915463651,0.04121838349838025,0.8144409937888198,0.8132041187159298,-0.0012368750728900535,9016.0,1.2349028909091384,1.3447207230860476,0.10981783217690921,0.6875584658559402,0.6670569867291178,-0.02050147912682232,8552.0
nist302-registered:00002426/00002426_1G_L_L01_BP_S04_1000PPI_8BPC_1CH_LP03-1_1,00002426,0.8369827161426833,0.7027819272441043,-0.134200788898579,0.8151093439363817,0.850014257199886,0.03490491326350431,3521.0,1.2299382190411596,1.029569136724708,-0.20036908231645167,0.6904168151050945,0.7541396688264939,0.06372285372139941,2807.0
nist302-registered:00002426/00002426_1G_L_L01_BP_S04_1000PPI_8BPC_1CH_LP04-1_1,00002426,0.6481782595343127,0.5194205130296379,-0.12875774650467486,0.8583234946871311,0.8949232585596222,0.03659976387249109,847.0,0.7740025949406355,0.7597479479114297,-0.014254647029205758,0.786697247706422,0.786697247706422,0.0,436.0
nist302-registered:00002426/00002426_4A_X_471_IN_D800_1000PPI_8BPC_1CH_LP01-1_1,00002426,1.0919086042289754,0.7281581882891919,-0.3637504159397835,0.7405126736359731,0.8477822580645161,0.10726958442854306,6983.0,1.7265022077175711,1.1089525094609598,-0.6175496982566113,0.5330008312551954,0.701195219123506,0.16819438786831065,6015.0
nist302-registered:00002426/00002426_4A_X_473_IN_D800_1000PPI_8BPC_1CH_LP01-1_1,00002426,0.9553798232949405,0.6221927107238007,-0.33318711257113987,0.7779268059015138,0.8725474031327288,0.09462059723121508,5219.0,1.5388959671869156,0.9610579448446666,-0.577838022342249,0.6082289803220036,0.7517151863526794,0.14348620603067586,4472.0
nist302-registered:00002426/00002426_4A_X_474_IN_D800_1000PPI_8BPC_1CH_LP02-1_1,00002426,1.2124563977138632,0.580560352952036,-0.6318960447618271,0.6907171139463264,0.8819362455726092,0.1912191316262828,2273.0,1.9765625137405256,0.9094188747098662,-1.0671436390306595,0.44391691394658755,0.7568569310600445,0.3129400171134569,1685.0
nist302-registered:00002426/00002426_4A_X_475_IN_D800_1000PPI_8BPC_1CH_LP02-1_1,00002426,1.146327439075406,0.7012000300800343,-0.4451274089953716,0.7070792708774905,0.8516057585825028,0.1445264877050123,2359.0,1.7874919185277716,1.0698794113514143,-0.7176125071763573,0.4924538848518726,0.6988996332110704,0.20644574835919782,1789.0
nist302-registered:00002426/00002426_6C_X_185_BT_D800_1000PPI_8BPC_1CH_LP27-1_1,00002426,0.9492749706933024,0.9269490443305708,-0.022325926362731563,0.7880147227973315,0.8024049398765031,0.014390217079171541,8694.0,1.5527047894183603,1.4750372571318586,-0.0776675322865017,0.6129244538036326,0.648851210222386,0.035926756418753425,7598.0
nist302-registered:00002426/00002426_6C_X_185_BT_D800_1000PPI_8BPC_1CH_LP29-1_1,00002426,0.6646121763344998,0.4360133327772239,-0.22859884355727583,0.8630275461207986,0.9177183240787481,0.05469077795794952,3957.0,1.0062291880258374,0.6715973444673075,-0.33463184355852993,0.748,0.8395820528580209,0.0915820528580209,3250.0
nist302-registered:00002426/00002426_6C_X_185_BT_D800_1000PPI_8BPC_1CH_LP30-1_1,00002426,0.9820801614617911,0.611422476345788,-0.37065768511600317,0.7662125340599455,0.874430823117338,0.1082182890573925,5505.0,1.4782101803760295,0.9478057626468008,-0.5304044177292286,0.5977875182634106,0.764198274132049,0.1664107558686384,4791.0
nist302-registered:00002426/00002426_6C_X_185_BT_D800_1000PPI_8BPC_1CH_LP37-1_1,00002426,0.8697448456284929,0.9060790512053402,0.0363342055768473,0.810468654899574,0.8034012784947534,-0.00706737640482058,8215.0,1.376192086310806,1.382233335157096,0.006041248846289982,0.6521255904417894,0.6470427163198248,-0.00508287412196462,7198.0
nist302-registered:00002426/00002426_6C_X_185_BT_D800_1000PPI_8BPC_1CH_LP38-1_1,00002426,0.7408434780141148,0.9472849245927835,0.2064414465786687,0.8435988390841664,0.7880558260305096,-0.05554301305365683,3101.0,1.1437317707138157,1.3925308886633876,0.24879911794957188,0.7347639484978541,0.6166738289643318,-0.11809011953352233,2330.0
nist302-registered:00002426/00002426_6C_X_185_BT_D800_1000PPI_8BPC_1CH_LP54-1_1,00002426,1.043109711688293,0.8559212653540337,-0.18718844633425935,0.7635542168674698,0.8116087904713974,0.04805457360392762,5976.0,1.7383921703987375,1.3815773322203888,-0.3568148381783487,0.6007223113964687,0.6517192841343253,0.05099697273785664,4984.0
nist302-registered:00002462/00002462_1E_L_L01_BP_S21_1000PPI_8BPC_1CH_LP03-1_1,00002462,0.9491531406975501,0.7951751359881631,-0.15397800470938694,0.777954808806489,0.8340392760877936,0.05608446728130456,6904.0,1.4782027344639757,1.22134885923814,-0.2568538752258356,0.630391506303915,0.6890243902439024,0.058632883939987335,6028.0
nist302-registered:00002462/00002462_1E_R_L01_BP_S21_1000PPI_8BPC_1CH_LP01-1_1,00002462,1.072486487129934,1.4241129691668446,0.3516264820369106,0.7332545311268716,0.5948756034162644,-0.1383789277106071,2538.0,1.6193869922272095,2.1706311971444108,0.5512442049172013,0.5303662494204914,0.35137457044673537,-0.178991678973756,2157.0
nist302-registered:00002462/00002462_1H_L_L01_BP_S21_1000PPI_8BPC_1CH_LP12-1_1,00002462,0.9373742079551239,0.6275711834492957,-0.3098030245058282,0.7678648765699437,0.8801313628899836,0.11226648632003988,2309.0,1.3625589861891685,1.0274498086697221,-0.33510917751944636,0.5651906519065191,0.7390552995391705,0.17386464763265141,1626.0
nist302-registered:00002462/00002462_6E_X_093_BT_D800_1000PPI_8BPC_1CH_LP18-1_1,00002462,1.1221522876223284,1.0816312063549873,-0.04052108126734111,0.7428057553956835,0.75225126290358,0.009445507507896522,4448.0,1.7156410743488097,1.6400826842389653,-0.07555839010984444,0.5298935298935299,0.5825602968460112,0.05266676695248129,3663.0
nist302-registered:00002462/00002462_6E_X_093_BT_D800_1000PPI_8BPC_1CH_LP24-1_1,00002462,0.6766229127893907,0.6466789734274105,-0.029943939361980143,0.8406349206349206,0.85625,0.015615079365079332,1575.0,1.072782358380899,0.9823841204565953,-0.09039823792430379,0.6776595744680851,0.7350785340314137,0.05741895956332854,940.0
nist302-registered:00002462/00002462_6E_X_094_BT_D800_1000PPI_8BPC_1CH_LP07-1_1,00002462,0.8781143023070648,1.0462676604165755,0.1681533581095107,0.7927896394819741,0.7542385825568962,-0.038551056925077876,5714.0,1.364782778279131,1.6056490272517667,0.24086624897263564,0.6336732653469306,0.5641381704565179,-0.06953509489041265,5001.0
nist302-registered:00002494/00002494_1D_L_L01_BP_S05_1000PPI_8BPC_1CH_LP03-1_1,00002494,0.7988473976756619,0.8396151815464042,0.04076778387074231,0.810272536687631,0.796794208893485,-0.013478327794146039,1908.0,1.204173968281987,1.2405772628068683,0.036403294524881336,0.6156225831399845,0.5816249050873197,-0.03399767805266485,1293.0
nist302-registered:00002494/00002494_1F_L_L01_BP_S05_1000PPI_8BPC_1CH_LP03-1_1,00002494,0.7801075324436667,0.6947764600546239,-0.0853310723890428,0.822260569456428,0.8374792703150912,0.01521870085866317,1159.0,1.0868507127056746,1.031661685085187,-0.05518902762048761,0.6835820895522388,0.6581920903954802,-0.025389999156758547,670.0
nist302-registered:00002494/00002494_1G_L_L01_BP_S05_1000PPI_8BPC_1CH_LP02-1_1,00002494,0.8587096001267992,1.0588274843339691,0.20011788420716992,0.8104771438104772,0.7477379659790083,-0.06273917783146887,2997.0,1.3495693337058803,1.8536932653126086,0.5041239316067283,0.631935047361299,0.49870801033591733,-0.1332270370253817,2217.0
nist302-registered:00002494/00002494_1G_L_L01_BP_S05_1000PPI_8BPC_1CH_LP03-1_1,00002494,1.1938348693257335,1.3743180410620668,0.18048317173633333,0.7040763673890609,0.6579307647173871,-0.04614560267167378,3876.0,1.93181072639694,2.1865040184742384,0.2546932920772984,0.46695594125500667,0.42469810890863524,-0.04225783234637143,2996.0
nist302-registered:00002494/00002494_1G_R_L01_BP_S05_1000PPI_8BPC_1CH_LP02-1_1,00002494,1.1940493202703597,1.1267420862954647,-0.06730723397489502,0.711864406779661,0.7189507494646681,0.007086342685007074,1652.0,1.8853739796977118,1.7320842271872663,-0.15328975251044552,0.46592844974446335,0.4871244635193133,0.021196013774849976,1174.0
nist302-registered:00002494/00002494_2B_X_L01_BP_S05_1000PPI_8BPC_1CH_LP05-1_1,00002494,0.9090241005090103,0.9803362844543905,0.07131218394538019,0.7971483466477904,0.7998574229192658,0.002709076271475319,9889.0,1.4638754354830228,1.563945548745386,0.10007011326236315,0.6419209039548023,0.6395732298739089,-0.002347674080893425,8850.0
nist302-registered:00002494/00002494_4A_X_531_IN_D800_1000PPI_8BPC_1CH_LP10-1_1,00002494,1.0507731133168867,0.8142013889669159,-0.23657172434997087,0.7493525179856115,0.8325685228823019,0.08321600489669034,6950.0,1.6861161312673405,1.2893131804971956,-0.39680295077014494,0.5617617279784003,0.6828791055206149,0.12111737754221463,5926.0
nist302-registered:00002494/00002494_4A_X_534_IN_D800_1000PPI_8BPC_1CH_LP08-1_1,00002494,0.8330837141855615,0.7540719611943496,-0.07901175299121188,0.8083989501312336,0.8408624229979466,0.03246347286671292,1905.0,1.2170670896747586,1.1870018897439145,-0.03006519993084411,0.6466512702078522,0.6894736842105263,0.04282241400267417,1299.0
nist302-registered:00002494/00002494_4A_X_536_IN_D800_1000PPI_8BPC_1CH_LP01-1_1,00002494,1.0888257022385228,0.8182973741463427,-0.2705283280921801,0.7314361938639395,0.8070652173913043,0.07562902352736478,4498.0,1.7301331922088719,1.2276457801988943,-0.5024874120099776,0.5146980224478889,0.6507816914673197,0.1360836690194308,3742.0
nist302-registered:00002494/00002494_4A_X_537_IN_D800_1000PPI_8BPC_1CH_LP01-1_1,00002494,0.8451187163248446,0.8196900357496941,-0.025428680575150464,0.802731411229135,0.8176678445229681,0.014936433293833096,1318.0,1.243241312925205,1.2408843831888698,-0.002356929736335056,0.6350067842605156,0.6691729323308271,0.034166148070311486,737.0
nist302-registered:00002494/00002494_6E_X_183_BT_D800_1000PPI_8BPC_1CH_LP10-1_1,00002494,1.0164350163013507,0.8594175464247167,-0.157017469876634,0.7581501137225171,0.8021897810218979,0.0440396672993808,1319.0,1.4848114261871748,1.1960256697934217,-0.28878575639375303,0.5719467956469165,0.6275862068965518,0.05563941124963523,827.0
nist302-registered:00002494/00002494_6E_X_183_BT_D800_1000PPI_8BPC_1CH_LP14-1_1,00002494,1.0340670083862538,0.8921891554852748,-0.14187785290097898,0.7387774594078319,0.7942811755361397,0.055503716128307845,2094.0,1.5601562242898899,1.3437687826931948,-0.2163874415966951,0.5381968341362698,0.605595172792101,0.06739833865583111,1453.0
nist302-registered:00002494/00002494_6E_X_183_BT_D800_1000PPI_8BPC_1CH_LP15-1_1,00002494,0.917492506639525,0.7117235506072515,-0.20576895603227352,0.7930318754633061,0.8568847126852186,0.06385283722191248,6745.0,1.4411523238805222,1.1231358210833582,-0.318016502797164,0.6383845240115391,0.7245477353756767,0.08616321136413763,5893.0
nist302-registered:00002494/00002494_6E_X_183_BT_D800_1000PPI_8BPC_1CH_LP15-2_1,00002494,0.8212052901032157,0.7172422506120826,-0.10396303949113317,0.8167453686887033,0.8464142813173284,0.029668912628625144,5506.0,1.305250259987843,1.0977973837749637,-0.20745287621287933,0.6815564820329562,0.7173237362996892,0.035767254266732995,5037.0
nist302-registered:00002494/00002494_6E_X_183_BT_D800_1000PPI_8BPC_1CH_LP25-1_1,00002494,1.0303526906583496,0.9048686423079335,-0.12548404835041604,0.758262769735045,0.8061068702290076,0.047844100493962594,7322.0,1.6280188251339014,1.414488226915025,-0.21353059821887643,0.5698425849212925,0.6633283877349159,0.0934858028136234,6035.0
nist302-registered:00002494/00002494_7D_X_290_CA_D800_1000PPI_8BPC_1CH_LP02-1_1,00002494,1.1342203664640298,0.9484196812106686,-0.18580068525336124,0.7441819150826079,0.782169771079198,0.03798785599659016,5629.0,1.8612096181888966,1.4613537345148084,-0.3998558836740882,0.5449701619778347,0.6006122120186885,0.055642050040853874,4692.0
nist302-registered:00002494/00002494_7D_X_290_CA_D800_1000PPI_8BPC_1CH_LP24-1_1,00002494,1.0564201193544953,0.8655971870151417,-0.19082293233935366,0.7587623571703684,0.8170995670995671,0.05833720992919866,7789.0,1.6875492157072882,1.3428168603086712,-0.344732355398617,0.5808173223543763,0.6780075878105495,0.09719026545617315,6558.0
nist302-registered:00002495/00002495_1C_R_L01_BP_S24_1000PPI_8BPC_1CH_LP10-1_1,00002495,1.0479498252909119,0.5473641793739796,-0.5005856459169322,0.7264285714285714,0.8921832884097035,0.1657547169811321,1400.0,1.5160840501428414,0.8345130558030096,-0.6815709943398318,0.5697115384615384,0.7757644394110985,0.20605290094956008,832.0
nist302-registered:00002495/00002495_1C_R_L01_BP_S24_1000PPI_8BPC_1CH_LP13-1_1,00002495,0.7970359846204059,0.5932215156772243,-0.20381446894318167,0.8031257877489286,0.8717112922002328,0.06858550445130418,3967.0,1.1651483238510283,0.8794467696918871,-0.2857015541591412,0.6535060012634238,0.7615050651230101,0.10799906385958624,3166.0
nist302-registered:00002495/00002495_1E_L_L01_BP_S24_1000PPI_8BPC_1CH_LP04-1_1,00002495,0.9421096339185309,0.6345747727156928,-0.307534861202838,0.7672090112640801,0.8772348033373063,0.11002579207322616,799.0,1.3971710766008796,1.0185254767694762,-0.37864559983140333,0.5180412371134021,0.7326732673267327,0.21463203021333055,388.0
nist302-registered:00002495/00002495_1E_R_L01_BP_S24_1000PPI_8BPC_1CH_LP04-1_1,00002495,0.9324486177271714,0.608801825998902,-0.3236467917282694,0.7307692307692307,0.8710629921259843,0.14029376135675353,1014.0,1.2307497584340987,0.9965222757567171,-0.23422748267738158,0.5451327433628319,0.6807760141093474,0.1356432707465155,565.0
nist302-registered:00002495/00002495_6E_X_121_BT_D800_1000PPI_8BPC_1CH_LP06-1_1,00002495,0.3137604381218593,0.7980159790529514,0.48425554093109213,0.9311926605504587,0.7899543378995434,-0.1412383226509153,436.0,0.365501830210788,0.9792178318503282,0.6137160016395402,0.9132231404958677,0.5901639344262295,-0.3230592060696382,242.0
nist302-registered:00002495/00002495_6E_X_121_BT_D800_1000PPI_8BPC_1CH_LP08-1_1,00002495,0.9844740697698595,0.8921035093766484,-0.09237056039321112,0.7661614599443242,0.7999479708636836,0.03378651091935947,6466.0,1.5854547205449447,1.392949294909181,-0.19250542563576367,0.6101036269430051,0.6160936356986101,0.005990008755604959,5404.0
nist302-registered:00002495/00002495_6E_X_121_BT_D800_1000PPI_8BPC_1CH_LP34-1_1,00002495,0.5101940007820045,0.6672300274083349,0.15703602662633043,0.8910149750415973,0.8573730862207897,-0.03364188882080765,1202.0,0.827149593565575,0.9445176615554274,0.11736806798985233,0.7982779827798278,0.7286729857819905,-0.06960499699783729,813.0
nist302-registered:00002508/00002508_1C_L_L01_BP_S22_1000PPI_8BPC_1CH_LP03-1_1,00002508,1.230011281057143,1.0986004077937355,-0.1314108732634076,0.7100809418690214,0.749566122874002,0.03948518100498066,5436.0,1.9587263025880808,1.721713624320822,-0.2370126782672588,0.5011579434923575,0.5538593850784778,0.05270144158612022,4318.0
nist302-registered:00002508/00002508_1C_R_L01_BP_S22_1000PPI_8BPC_1CH_LP02-1_1,00002508,0.9258960485924663,0.7683854692901058,-0.15751057930236056,0.7786102266342012,0.8269086826347305,0.04829845600052929,5339.0,1.3668450457135926,1.1601267636967956,-0.20671828201679698,0.6014801525005606,0.6808035714285714,0.07932341892801076,4459.0
nist302-registered:00002508/00002508_1C_R_L01_BP_S22_1000PPI_8BPC_1CH_LP10-1_1,00002508,1.0457811614273864,1.0603687566296232,0.014587595202236736,0.7469525959367945,0.7473438164045899,0.00039122046779538344,4430.0,1.650048384269492,1.611241595191994,-0.038806789077497905,0.5451586655817738,0.54675,0.0015913344182261202,3687.0
nist302-registered:00002508/00002508_1D_L_L01_BP_S22_1000PPI_8BPC_1CH_LP02-1_1,00002508,1.013990692303974,0.9756526382776283,-0.038338054026345825,0.7572794899043571,0.7692617179641923,0.011982228059835176,4705.0,1.532640547521235,1.4662179615426556,-0.06642258597857942,0.564569118018701,0.5870473537604457,0.02247823574174468,3957.0
nist302-registered:00002508/00002508_1D_L_L01_BP_S22_1000PPI_8BPC_1CH_LP04-1_1,00002508,1.1273652818861508,1.1402896591566858,0.01292437727053497,0.7285415212840195,0.746709534813624,0.01816801352960451,8598.0,1.7691268785937495,1.7570151792817732,-0.01211169931197631,0.5272890715294722,0.5680543572044866,0.04076528567501436,7787.0
nist302-registered:00002508/00002508_1D_R_L01_BP_S22_1000PPI_8BPC_1CH_LP04-1_1,00002508,1.1141091242709882,1.2421500405504802,0.128040916279492,0.7335231316725979,0.7099050551706441,-0.0236180765019538,7025.0,1.7586087822136982,1.9863168721570599,0.22770808994336167,0.5176393010220903,0.4782358028250216,-0.03940349819706873,6066.0
nist302-registered:00002508/00002508_1E_R_L01_BP_S22_1000PPI_8BPC_1CH_LP01-1_1,00002508,0.7666630046661659,0.8770565873889906,0.11039358272282473,0.8145615446500403,0.8003240178209802,-0.014237526829060099,2486.0,1.0003938159263468,1.284204882016568,0.2838110660902211,0.6789189189189189,0.6331521739130435,-0.04576674500587541,1850.0
nist302-registered:00002508/00002508_1F_L_L01_BP_S22_1000PPI_8BPC_1CH_LP05-1_1,00002508,1.0734279851820243,1.1837343667311597,0.11030638154913541,0.7607805088400172,0.7195550351288056,-0.04122547371121166,9276.0,1.7451501438527572,1.8795770109292291,0.1344268670764719,0.5688396983702262,0.512247994797312,-0.05659170357291421,8222.0
nist302-registered:00002508/00002508_1F_R_L01_BP_S22_1000PPI_8BPC_1CH_LP07-1_1,00002508,1.1770406189879281,1.0312615983619955,-0.14577902062593262,0.7196052497710855,0.7666573996849226,0.047052149913837105,9829.0,1.8783047917501272,1.6127232950835673,-0.26558149666655995,0.5150857142857143,0.5996530258189611,0.08456731153324681,8750.0
nist302-registered:00002508/00002508_6E_X_109_BT_D800_1000PPI_8BPC_1CH_LP10-1_1,00002508,1.2099099859140765,0.5761331117213637,-0.6337768741927128,0.684302733006307,0.8720238095238095,0.18772107651750258,2854.0,1.8285242011376848,0.8382875436657423,-0.9902366574719424,0.4663143989431968,0.7517241379310344,0.2854097389878376,2271.0
nist302-registered:00002508/00002508_6E_X_109_BT_D800_1000PPI_8BPC_1CH_LP23-1_1,00002508,1.1195707749035464,0.9223397981382573,-0.1972309767652891,0.7372971818958155,0.8004256554125956,0.06312847351678008,9368.0,1.7906617848010709,1.4281693056884002,-0.3624924791126707,0.5326211369706219,0.6456413103831204,0.11302017341249859,7863.0
nist302-registered:00002508/00002508_6E_X_109_BT_D800_1000PPI_8BPC_1CH_LP24-1_1,00002508,1.101740444036955,0.8439489408176639,-0.257791503219291,0.7228011204481792,0.8158815881588158,0.0930804677106366,8925.0,1.6959401416822004,1.2936207421121904,-0.40231939957001006,0.5169513457556936,0.6796517468467463,0.16270040109105277,7728.0
nist302-registered:00002508/00002508_6E_X_109_BT_D800_1000PPI_8BPC_1CH_LP27-1_1,00002508,1.061419389912077,0.8078528607414361,-0.2535665291706408,0.7442191954387076,0.8280492353599403,0.08383003992123272,6314.0,1.6702988785912802,1.2320194933601183,-0.43827938523116194,0.5542756735650136,0.6861158432708688,0.13184016970585521,5122.0
nist302-registered:00002508/00002508_6E_X_109_BT_D800_1000PPI_8BPC_1CH_LP30-1_1,00002508,0.9885758553731822,0.891189731897429,-0.09738612347575315,0.7729253505115574,0.8073003675242232,0.034375017012665765,10556.0,1.5898977075961804,1.419778359204399,-0.17011934839178133,0.5839092872570194,0.6545689019896831,0.07065961473266369,9260.0
nist302-registered:00002534/00002534_1C_R_L01_BP_S03_1000PPI_8BPC_1CH_LP07-1_1,00002534,1.0735039833162694,0.889355948473553,-0.18414803484271636,0.7367192060712201,0.806553911205074,0.06983470513385392,3426.0,1.6226036464126887,1.384275790262908,-0.2383278561497808,0.5440205429200293,0.6100064143681847,0.06598587144815538,2726.0
nist302-registered:00002534/00002534_1E_R_L01_BP_S03_1000PPI_8BPC_1CH_LP04-1_1,00002534,1.2550031727628495,1.0431427210503894,-0.21186045171246004,0.6741321388577828,0.7708982714650042,0.09676613260722144,5358.0,1.9786420630845825,1.6174842671450973,-0.36115779593948516,0.44796896394340485,0.6010655473038424,0.15309658336043758,4382.0
nist302-registered:00002534/00002534_1G_L_L01_BP_S03_1000PPI_8BPC_1CH_LP02-1_1,00002534,1.1196783000798183,1.1767780467543718,0.05709974667455353,0.7124897512981689,0.7062335801289706,-0.006256171169198299,3659.0,1.6968044670655718,1.8292431160444382,0.13243864897886648,0.5234149855907781,0.48677409546974765,-0.0366408901210305,2776.0
nist302-registered:00002534/00002534_1G_R_L01_BP_S03_1000PPI_8BPC_1CH_LP01-1_1,00002534,1.1978045141352274,1.1373995223976592,-0.06040499173756819,0.7175877650330205,0.7388963660834454,0.02130860105042498,5754.0,1.8928971001302064,1.7552876613681967,-0.1376094387620097,0.5265934993668214,0.556642216788916,0.030048717422094584,4738.0
nist302-registered:00002534/00002534_1G_R_L01_BP_S03_1000PPI_8BPC_1CH_LP03-1_1,00002534,0.9479503414929845,1.177500104165548,0.22954976267256344,0.7772763472259092,0.7278121449311955,-0.04946420229471371,7534.0,1.468769410528694,1.8291132606787186,0.3603438501500247,0.6030499773516533,0.5335132064754331,-0.06953677087622023,6623.0
nist302-registered:00002534/00002534_1G_R_L01_BP_S03_1000PPI_8BPC_1CH_LP06-1_1,00002534,1.1349067769208667,1.1095150180578446,-0.02539175886302214,0.722080136402387,0.7621504860194408,0.0400703496170538,7038.0,1.7888245015929118,1.7159650374863356,-0.07285946410657629,0.5285197311735309,0.5999725914759491,0.07145286030241815,5803.0
nist302-registered:00002534/00002534_1H_L_L01_BP_S03_1000PPI_8BPC_1CH_LP09-1_1,00002534,1.0131868340571688,0.8888963688344285,-0.12429046522274034,0.7488778643987716,0.7978787272363418,0.049000862837570214,4233.0,1.5670001177066208,1.3446652931238297,-0.2223348245827912,0.5741642323920805,0.6446002076843198,0.07043597529223933,3081.0
nist302-registered:00002534/00002534_1H_L_L01_BP_S03_1000PPI_8BPC_1CH_LP10-1_1,00002534,0.9515655203868614,0.7017344755957864,-0.24983104479107499,0.7654867256637168,0.8581514762516046,0.09266475058788781,2712.0,1.5009848292422652,1.111211743338125,-0.38977308590414017,0.5882066276803118,0.7051386623164764,0.11693203463616453,2052.0
nist302-registered:00002534/00002534_1H_R_L01_BP_S03_1000PPI_8BPC_1CH_LP06-1_1,00002534,1.2132803479408065,0.9752253799400938,-0.23805496800071269,0.6884328358208955,0.7766774799385351,0.08824464411763955,4288.0,1.9122987647341079,1.5288094902042038,-0.3834892745299041,0.46652133291809406,0.6004993757802747,0.13397804286218062,3211.0
nist302-registered:00002534/00002534_1H_R_L01_BP_S03_1000PPI_8BPC_1CH_LP07-1_1,00002534,1.0083456936227424,0.6275051325507023,-0.3808405610720401,0.7496463932107497,0.8633391455972101,0.11369275238646048,3535.0,1.600929402081607,0.9297535176757282,-0.6711758844058787,0.5313190862196021,0.7369934640522876,0.2056743778326855,2714.0
nist302-registered:00002534/00002534_1H_R_L01_BP_S03_1000PPI_8BPC_1CH_LP11-1_1,00002534,0.7574207902168257,0.8365697406839409,0.07914895046711512,0.8316551845963611,0.820771001150748,-0.01088418344561315,5661.0,1.2017725506704884,1.3078837234840237,0.10611117281353533,0.712677850923763,0.6707218167072182,-0.04195603421654481,4709.0
nist302-registered:00002534/00002534_2B_X_L01_BP_S03_1000PPI_8BPC_1CH_LP05-1_1,00002534,1.248234604404666,1.1785290405047995,-0.06970556389986649,0.6923757557882319,0.7245450757049591,0.032169319916727224,6781.0,1.9894867611627982,1.8440883293097392,-0.145398431853059,0.4781673833939795,0.5380018387986516,0.05983445540467208,6046.0
nist302-registered:00002534/00002534_2B_X_L02_BP_S03_1000PPI_8BPC_1CH_LP10-1_1,00002534,0.7437072777295032,0.5885140712831927,-0.15519320644631052,0.809238949817215,0.8767479674796748,0.06750901766245976,3009.0,1.047354378138274,0.8798101253192229,-0.16754425281905105,0.6386138613861386,0.7728006456820016,0.13418678429586295,2424.0
nist302-registered:00002534/00002534_4A_X_427_IN_D800_1000PPI_8BPC_1CH_LP03-1_1,00002534,0.9463365631562268,0.7198352323608244,-0.22650133079540247,0.7821073558648112,0.8419596997234294,0.05985234385861826,2515.0,1.444364020209913,1.1782707548055744,-0.26609326540433864,0.5843071786310517,0.6847345132743363,0.10042733464328457,1797.0
nist302-registered:00002534/00002534_4A_X_428_IN_D800_1000PPI_8BPC_1CH_LP01-1_1,00002534,1.0110774643496119,0.8394958604354176,-0.1715816039141943,0.7680856983861992,0.8226406043890154,0.054554906002816206,7188.0,1.6069292408802807,1.287782991369926,-0.31914624951035475,0.5812191103789127,0.6799300981314693,0.0987109877525566,6070.0
nist302-registered:00002534/00002534_4A_X_430_IN_D800_1000PPI_8BPC_1CH_LP01-1_1,00002534,0.7640654043231796,0.6443208815941313,-0.11974452272904834,0.8303094983991463,0.8698734177215189,0.03956391932237269,1874.0,1.1483475049580416,0.9825059707453088,-0.16584153421273284,0.6786018755328218,0.7411858974358975,0.06258402190307566,1173.0
nist302-registered:00002534/00002534_4A_X_431_IN_D800_1000PPI_8BPC_1CH_LP02-1_1,00002534,1.089336944499443,1.116829277368327,0.027492332868884084,0.74198525630036,0.7268370607028753,-0.015148195597484704,5833.0,1.7029390738991295,1.722904620484439,0.019965546585309468,0.5604766633565045,0.5252747252747253,-0.03520193808177918,5035.0
nist302-registered:00002534/00002534_6D_X_123_WT_D800_1000PPI_8BPC_1CH_LP01-1_1,00002534,1.0921213367455758,1.0276641709859877,-0.06445716575958804,0.753606192095696,0.7638407395734846,0.010234547477788625,8527.0,1.7391547195511072,1.6187052769486239,-0.12044944260248336,0.5830334901743703,0.5919970986460348,0.008963608471664442,7226.0
nist302-registered:00002534/00002534_6D_X_123_WT_D800_1000PPI_8BPC_1CH_LP13-1_1,00002534,0.7286039601507373,0.7113368889090793,-0.01726707124165794,0.8123646387084071,0.8525017373175816,0.04013709860917447,5079.0,1.1531780879113502,1.1000354013135096,-0.053142686597840605,0.6746092749167307,0.7137305699481865,0.03912129503145578,3903.0
nist302-registered:00002544/00002544_1C_L_L01_BP_S21_1000PPI_8BPC_1CH_LP01-1_1,00002544,1.1732098804067916,1.0504517799264566,-0.12275810048033509,0.7128282637445683,0.7432799758381153,0.030451712093547023,5293.0,1.8930342117845522,1.5821066715068206,-0.3109275402777316,0.47759836251989995,0.544047619047619,0.06644925652771905,4397.0
nist302-registered:00002544/00002544_1F_R_L01_BP_S21_1000PPI_8BPC_1CH_LP01-1_1,00002544,1.1178388148937877,1.1445526321733543,0.026713817279566676,0.7155652866242038,0.7357611070648216,0.02019582044061774,5024.0,1.6978126675972414,1.8210231767036256,0.1232105091063842,0.5200808284920434,0.5378660383709188,0.01778520987887544,3959.0
nist302-registered:00002544/00002544_1F_R_L01_BP_S21_1000PPI_8BPC_1CH_LP03-1_1,00002544,1.1975705197476856,1.1444335227649303,-0.05313699698275531,0.7086221573634927,0.7490450386426224,0.04042288127912974,8223.0,1.9356651053150034,1.8046462846743563,-0.13101882064064707,0.49627400401261107,0.5651244167962675,0.06885041278365639,6978.0
nist302-registered:00002544/00002544_1H_R_L01_BP_S21_1000PPI_8BPC_1CH_LP19-2_1,00002544,1.1362751884474867,1.1038959042507182,-0.0323792841967685,0.7153370128784078,0.7534031413612565,0.03806612848284874,5979.0,1.7582845024468703,1.730648571801841,-0.02763593064502934,0.4991496598639456,0.5791245791245792,0.07997491926063355,4704.0
nist302-registered:00002544/00002544_4E_X_176_IN_D800_1000PPI_8BPC_1CH_LP01-1_1,00002544,0.8768158500717023,0.8015458638747082,-0.0752699861969941,0.8018827556696619,0.83090599583885,0.029023240169188114,4674.0,1.3832950335559335,1.262843825258212,-0.1204512082977216,0.6489130434782608,0.678727817469463,0.029814773991202137,3680.0
nist302-registered:00002544/00002544_5A_X_506_IN_D800_1000PPI_8BPC_1CH_LP03-1_1,00002544,0.9947163051390149,0.7143606956289028,-0.28035560951011207,0.7625570776255708,0.8530640668523677,0.0905069892267969,2409.0,1.4824486738786669,1.1212272770280742,-0.3612213968505926,0.5889464594127807,0.7080689029918404,0.11912244357905977,1737.0
nist302-registered:00002544/00002544_6A_X_062_BT_D800_1000PPI_8BPC_1CH_LP04-1_1,00002544,0.9690631240918447,0.8607042620991009,-0.1083588619927438,0.7806244995996797,0.8105413105413105,0.02991681094163079,3747.0,1.541504656722174,1.2875732577879082,-0.25393139893426575,0.627618033368832,0.649176327028676,0.021558293659843963,2817.0
nist302-registered:00002544/00002544_6D_X_055_WT_D800_1000PPI_8BPC_1CH_LP07-1_1,00002544,0.741251232056713,0.5787548163863376,-0.16249641567037532,0.8367967562088191,0.8843334860284012,0.047536729819582124,3946.0,1.1589600928611228,0.8796993661658903,-0.2792607266952325,0.6987341772151898,0.7708159287106655,0.07208175149547569,3160.0
nist302-registered:00002546/00002546_1C_R_L01_BP_S21_1000PPI_8BPC_1CH_LP07-1_1,00002546,1.120066739149413,1.1237516073907734,0.003684868241360384,0.7247970672951034,0.7471959672337745,0.022398899938671057,7638.0,1.7306618255666286,1.8299447841373884,0.09928295857075975,0.5209926417544366,0.5410741405494961,0.020081498795059494,6931.0
nist302-registered:00002546/00002546_1F_L_L01_BP_S21_1000PPI_8BPC_1CH_LP03-1_1,00002546,1.1645205035240447,0.9106613002036384,-0.25385920332040623,0.7001819836214741,0.806411149825784,0.10622916620430989,6594.0,1.794910718348487,1.3942372100507052,-0.4006735082977817,0.5001733703190014,0.6461275803197268,0.1459542100007254,5768.0
nist302-registered:00002546/00002546_1F_L_L01_BP_S21_1000PPI_8BPC_1CH_LP10-1_1,00002546,1.0016268656556893,1.247962704920797,0.24633583926510783,0.7656012176560122,0.7058422368720164,-0.059758980783995774,3942.0,1.5789722611418555,2.006094023629317,0.4271217624874617,0.570927637870577,0.4790916643589033,-0.09183597351167366,3137.0
nist302-registered:00002546/00002546_1F_R_L01_BP_S21_1000PPI_8BPC_1CH_LP08-1_1,00002546,0.9481810332688628,0.8211926062873638,-0.12698842698149904,0.7763558805606338,0.8115905669844455,0.03523468642381178,3282.0,1.4458354031273386,1.2471366375462367,-0.1986987655811019,0.5634156550858099,0.6611570247933884,0.09774136970757852,2389.0
nist302-registered:00002546/00002546_1H_L_L01_BP_S21_1000PPI_8BPC_1CH_LP09-1_1,00002546,1.243810027691727,0.9987184845182964,-0.24509154317343063,0.685479733196511,0.7683640303358613,0.0828842971393503,3898.0,1.9295808400240873,1.5142436145226466,-0.4153372255014407,0.45081184336198665,0.5720446473871131,0.12123280402512648,3141.0
nist302-registered:00002546/00002546_1H_R_L01_BP_S21_1000PPI_8BPC_1CH_LP18-1_1,00002546,1.2259733883474826,0.915532061363914,-0.31044132698356863,0.6777522935779816,0.7926952992898207,0.11494300571183913,2616.0,1.8114105845028194,1.3993853118495139,-0.4120252726533056,0.4637075718015666,0.6246600181323663,0.1609524463307997,1915.0
nist302-registered:00002546/00002546_1H_R_L01_BP_S21_1000PPI_8BPC_1CH_LP23-1_1,00002546,0.9193852726438236,0.9282486513138852,0.008863378670061595,0.7759363606231355,0.7801047120418848,0.004168351418749272,3017.0,1.3690946925259968,1.3429663076214962,-0.026128384904500646,0.5790676416819013,0.5867507886435331,0.007683146961631859,2188.0
nist302-registered:00002546/00002546_4A_X_725_IN_D800_1000PPI_8BPC_1CH_LP06-1_1,00002546,1.0068082015204005,0.9937027877432971,-0.013105413777103392,0.7578457177566309,0.7730208802764008,0.015175162519769914,4939.0,1.5576979822946935,1.5438968047347459,-0.013801177559947586,0.587456271864068,0.5883478260869566,0.0008915542228885576,4002.0
nist302-registered:00002546/00002546_4A_X_727_IN_D800_1000PPI_8BPC_1CH_LP03-1_1,00002546,1.0449716062003234,0.8987745311560008,-0.14619707504432256,0.7354714912280702,0.7909378292939937,0.05546633806592349,3648.0,1.6494919581701086,1.356027331916169,-0.29346462625393954,0.5328212290502793,0.6337223739756642,0.10090114492538493,2864.0
nist302-registered:00002546/00002546_4A_X_729_IN_D800_1000PPI_8BPC_1CH_LP05-1_1,00002546,1.0258276278432659,0.6856928481672144,-0.34013477967605144,0.7642144974400431,0.8670605612998523,0.10284606385980921,3711.0,1.6599483283021306,1.0594880196886554,-0.6004603086134752,0.5763411279229711,0.7427603203943315,0.1664191924713604,2908.0
nist302-registered:00002546/00002546_4A_X_732_IN_D800_1000PPI_8BPC_1CH_LP03-1_1,00002546,1.0505815073374463,0.9215460180787742,-0.12903548925867203,0.7536488882826354,0.8054355242210598,0.051786635938424364,7331.0,1.6511791890525582,1.5421196057906805,-0.1090595832618777,0.5551312649164678,0.6392348183335473,0.08410355341707954,6285.0
nist302-registered:00002546/00002546_4A_X_732_IN_D800_1000PPI_8BPC_1CH_LP05-1_1,00002546,1.0450691874599012,1.2127381326639297,0.16766894520402853,0.7420986093552465,0.7139423076923077,-0.02815630166293881,5537.0,1.6918011540902875,1.907035811488094,0.21523465739780656,0.5166281755196305,0.5091416176014875,-0.007486557918143011,4330.0
nist302-registered:00002546/00002546_4A_X_736_IN_D800_1000PPI_8BPC_1CH_LP02-1_1,00002546,1.0869099650824785,0.9258678227467751,-0.16104214233570335,0.7286637198231893,0.7928464977645305,0.0641827779413412,2941.0,1.6933145197898805,1.4617568212188865,-0.23155769857099395,0.5279892521271832,0.631800420799519,0.10381116867233586,2233.0
nist302-registered:00002546/00002546_5A_X_571_IN_D800_1000PPI_8BPC_1CH_LP07-1_1,00002546,1.107288943377644,1.1866908980486794,0.07940195467103539,0.7488396080453842,0.7290492296129275,-0.01979037843245668,9695.0,1.833641963058362,1.8691073055814817,0.035465342523119725,0.5550268423621278,0.53995256399771,-0.015074278364417881,8196.0
nist302-registered:00002546/00002546_6D_X_124_WT_D800_1000PPI_8BPC_1CH_LP11-1_1,00002546,1.0114952417762957,0.7097120177588305,-0.30178322401746516,0.7665086157048687,0.8587239583333334,0.09221534262846465,8647.0,1.5984083711018748,1.1022219981013164,-0.49618637300055846,0.5876990066675738,0.7434567901234568,0.15575778345588298,7349.0
nist302-registered:00002546/00002546_7C_X_212_CA_D800_1000PPI_8BPC_1CH_LP06-1_1,00002546,1.2343286860728522,1.05239565641298,-0.18193302965987224,0.6947945205479452,0.759444158517756,0.06464963796981082,7300.0,1.9760975576833804,1.625526262597467,-0.35057129508591345,0.46057956937024447,0.5909603246167718,0.13038075524652737,6177.0
nist302-registered:00002547/00002547_1C_L_L01_BP_S21_1000PPI_8BPC_1CH_LP01-1_1,00002547,0.8310599357944578,0.7025566370096753,-0.1285032987847825,0.8173937360178971,0.8534158149542765,0.03602207893637943,3576.0,1.2775969642369718,1.061468229719634,-0.21612873451733772,0.643205574912892,0.7085410435360585,0.06533546862316653,2870.0
nist302-registered:00002547/00002547_1C_R_L01_BP_S21_1000PPI_8BPC_1CH_LP08-1_1,00002547,1.1586943692132445,1.139288203894345,-0.019406165318899493,0.7248240718272264,0.7397762527028298,0.01495218087560335,8242.0,1.851798167636867,1.7589903979570343,-0.09280776967983284,0.508515130190007,0.5384930804715531,0.02997795028154604,7105.0
nist302-registered:00002547/00002547_1C_X_L01_BP_S21_1000PPI_8BPC_1CH_LP01-1_1,00002547,1.069464178153897,1.1880124565221828,0.11854827836828585,0.7435158501440923,0.7385701676963813,-0.004945682447710986,4511.0,1.7951784338298795,1.925191056127948,0.13001262229806843,0.5217013888888888,0.5365132967496834,0.01481190786079456,3456.0
nist302-registered:00002547/00002547_1E_R_L01_BP_S21_1000PPI_8BPC_1CH_LP05-1_1,00002547,1.2113185261483752,0.9347311617901438,-0.2765873643582314,0.695068493150685,0.7800877800877801,0.08501928693709515,7300.0,1.9021094538189405,1.4203443861804423,-0.48176506763849813,0.4650007760360081,0.6021383647798743,0.13713758874386617,6443.0
nist302-registered:00002547/00002547_1G_R_L01_BP_S21_1000PPI_8BPC_1CH_LP02-1_1,00002547,1.223036507435653,1.0925170874864916,-0.1305194199491615,0.7105938416422287,0.7537509667440062,0.043157125101777494,5456.0,1.96042104136244,1.7103300140804418,-0.2500910272819983,0.5004683840749414,0.5750093527871306,0.07454096871218918,4270.0
nist302-registered:00002547/00002547_6C_X_155_BT_D800_1000PPI_8BPC_1CH_LP06-3_1,00002547,0.6702979623784551,0.9516446291045536,0.28134666672609854,0.8544025883984284,0.7816771333579609,-0.07272545504046757,4327.0,1.0570271952668093,1.4890172574234901,0.4319900621566808,0.7538502389803505,0.6118598382749326,-0.1419904007054179,3766.0
nist302-registered:00002547/00002547_6C_X_155_BT_D800_1000PPI_8BPC_1CH_LP07-1_1,00002547,1.1708367651345177,0.7397430530352217,-0.43109371209929603,0.7262987417466052,0.8569971671388102,0.130698425392205,8027.0,1.8519475332703785,1.2043025868065123,-0.6476449464638663,0.5218812162546178,0.743625347134562,0.22174413087994416,7038.0
nist302-registered:00002547/00002547_7D_X_177_CA_D800_1000PPI_8BPC_1CH_LP01-1_1,00002547,1.015009527803426,1.0977376722204673,0.08272814441704135,0.7822276458841801,0.746539865840197,-0.0356877800439831,9014.0,1.6285125317449998,1.7214436785308274,0.09293114678582759,0.620506999621642,0.5554025520976774,-0.0651044475239646,7929.0
nist302-registered:00002561/00002561_1C_R_L03_BP_S11_1000PPI_8BPC_1CH_LP03-1_1,00002561,1.2150616621539942,0.9332622212960356,-0.2817994408579586,0.6852421214450423,0.7855354659248956,0.10029334447985339,2602.0,1.9520146756034709,1.3506073506554883,-0.6014073249479825,0.43763326226012794,0.6046590141796083,0.16702575191948038,1876.0
nist302-registered:00002561/00002561_1E_L_L01_BP_S11_1000PPI_8BPC_1CH_LP04-1_1,00002561,1.0935454087439973,1.23634118472598,0.14279577598198268,0.739593417231365,0.7120444122616462,-0.027549004969718793,7231.0,1.758261211700938,1.9745471899312692,0.21628597823033124,0.5428805237315876,0.5108935466078324,-0.0319869771237552,6110.0
nist302-registered:00002561/00002561_1F_L_L01_BP_S11_1000PPI_8BPC_1CH_LP04-1_1,00002561,0.7772227842636869,0.5431007458633135,-0.23412203840037338,0.8252853380158033,0.8946444249341527,0.06935908691834947,1139.0,1.1995053278724273,0.8377156119065974,-0.3617897159658299,0.6346749226006192,0.7863777089783281,0.15170278637770895,646.0
nist302-registered:00002561/00002561_1G_L_L01_BP_S11_1000PPI_8BPC_1CH_LP01-1_1,00002561,1.228946482551816,0.8911397757321713,-0.33780670681964464,0.6852416894170548,0.8060258632182375,0.12078417380118278,6227.0,1.8735324875733355,1.3989636154872103,-0.4745688720861252,0.44801477377654664,0.639296613864264,0.19128184008771731,5415.0
nist302-registered:00002561/00002561_1G_R_L01_BP_S11_1000PPI_8BPC_1CH_LP01-1_1,00002561,1.010891859686134,0.9644095818944257,-0.046482277791708326,0.7604302477183833,0.7781378903948144,0.0177076426764311,3068.0,1.587699859250363,1.4244550357620496,-0.16324482348831348,0.586798114016288,0.5876759224039558,0.0008778083876678222,2333.0
nist302-registered:00002561/00002561_6E_X_092_BT_D800_1000PPI_8BPC_1CH_LP11-1_1,00002561,0.8954014835618401,0.6486995264679087,-0.2467019570939314,0.7741935483870968,0.844574780058651,0.0703812316715543,341.0,1.009616979137348,0.9852672927101708,-0.024349686427177164,0.535483870967742,0.6709677419354839,0.13548387096774195,155.0
nist302-registered:00002575/00002575_1C_L_L01_BP_S22_1000PPI_8BPC_1CH_LP01-1_1,00002575,1.0708813574608893,1.1383284640055957,0.06744710654470643,0.7485694266028261,0.7434837524400046,-0.005085674162821463,8563.0,1.6653220222281095,1.8174552816277312,0.15213325939962163,0.5530137514458295,0.5609663546673412,0.0079526032215117,7781.0
nist302-registered:00002575/00002575_1D_X_L01_BP_S22_1000PPI_8BPC_1CH_LP04-1_1,00002575,0.9651634661448968,0.6421368214265518,-0.32302664471834497,0.7640972581479566,0.876552598225602,0.11245534007764546,3866.0,1.4470201796865325,1.0158022227528503,-0.43121795693368226,0.557316250842886,0.7651540245114277,0.20783777366854161,2966.0
nist302-registered:00002575/00002575_1H_L_L01_BP_S22_1000PPI_8BPC_1CH_LP09-1_1,00002575,0.8217390072526769,0.6981037128226311,-0.12363529443004584,0.8033431661750245,0.8471698113207548,0.0438266451457302,1017.0,1.2557999620224958,1.0194740003563112,-0.23632596166618458,0.5948275862068966,0.6998341625207297,0.10500657631383314,580.0
nist302-registered:00002575/00002575_2A_X_L02_BP_S22_1000PPI_8BPC_1CH_LP08-1_1,00002575,0.9248028696355448,0.8615883649576097,-0.0632145046779351,0.7689127738735014,0.8088779284833539,0.039965154609852505,2419.0,1.3500192534061315,1.3023884462822464,-0.04763080712388512,0.6240437158469946,0.6601941747572816,0.03615045891028701,1830.0
nist302-registered:00002575/00002575_4A_X_627_IN_D800_1000PPI_8BPC_1CH_LP15-1_1,00002575,0.5612658467820835,0.8549733326453888,0.2937074858633053,0.8842956120092379,0.8047670639219935,-0.07952854808724441,4330.0,0.8725550309584678,1.281726578498484,0.40917154754001617,0.8119103773584906,0.6421422775223153,-0.16976809983617525,3392.0
nist302-registered:00002575/00002575_5A_X_597_IN_D800_1000PPI_8BPC_1CH_LP07-1_1,00002575,1.0955746246182623,1.069737201419226,-0.02583742319903637,0.7444005270092227,0.7539954897538974,0.009594962744674751,9867.0,1.7169744421701727,1.6780498017521566,-0.03892464041801613,0.5478699038021072,0.5891280947255113,0.0412581909234041,8732.0
nist302-registered:00002575/00002575_5A_X_598_IN_D800_1000PPI_8BPC_1CH_LP03-1_1,00002575,0.858033086974805,0.704512683376696,-0.15352040359810892,0.8084168336673346,0.8489294210943695,0.040512587427034896,2495.0,1.3048136716357976,1.0612863684437412,-0.2435273031920564,0.6428571428571429,0.7025959367945824,0.05973879393743953,1750.0
nist302-registered:00002575/00002575_5A_X_599_IN_D800_1000PPI_8BPC_1CH_LP01-1_1,00002575,1.1224396550288982,0.6920302933196235,-0.4304093617092747,0.7184857027788965,0.8541818181818182,0.1356961154029217,2483.0,1.7611859169640403,1.089492605064422,-0.6716933118996182,0.47735191637630664,0.6922305764411028,0.2148786600647961,1722.0
nist302-registered:00002575/00002575_5A_X_599_IN_D800_1000PPI_8BPC_1CH_LP08-1_1,00002575,1.0546414526617527,0.7663408061105312,-0.28830064655122145,0.7428952042628775,0.8373745819397993,0.09447937767692183,4504.0,1.572936591453086,1.169290115598702,-0.40364647585438385,0.5387123064384678,0.6988348530901722,0.16012254665170444,3681.0
nist302-registered:00002575/00002575_6E_X_078_BT_D800_1000PPI_8BPC_1CH_LP06-1_1,00002575,1.0344444993881228,0.670193921755273,-0.36425057763284974,0.7530744336569579,0.8638838475499092,0.11080941389295129,6180.0,1.6222601568886825,1.0341329721544694,-0.5881271847342131,0.5483110761979576,0.7357235561323816,0.187412479934424,5092.0
nist302-registered:00002575/00002575_6E_X_078_BT_D800_1000PPI_8BPC_1CH_LP13-1_1,00002575,1.1226022240309421,0.7651790836256243,-0.35742314040531786,0.748422159887798,0.8448095593726662,0.09638739948486819,5704.0,1.818793223334604,1.2217574411517476,-0.5970357821828565,0.5731441048034934,0.7135896989733774,0.140445594169884,4580.0
nist302-registered:00002583/00002583_1C_L_L01_BP_S21_1000PPI_8BPC_1CH_LP03-1_1,00002583,1.0144438612542093,1.087757429621034,0.07331356836682468,0.762455161418892,0.755607567778428,-0.006847593640464056,5018.0,1.5748268106920948,1.777476480536083,0.20264966984398813,0.5748447919061853,0.545536519386835,-0.02930827251935031,4349.0
nist302-registered:00002583/00002583_1C_R_L01_BP_S21_1000PPI_8BPC_1CH_LP05-1_1,00002583,1.1419183602567209,1.1524195470510425,0.01050118679432166,0.7310598325505412,0.7283980004760772,-0.002661832074464021,4897.0,1.8079041657824815,1.8960886883286534,0.08818452254617193,0.5283738674296614,0.5090103397341211,-0.019363527695540284,4194.0
nist302-registered:00002583/00002583_1D_L_L01_BP_S21_1000PPI_8BPC_1CH_LP03-1_1,00002583,1.0748854829726386,0.6421481272835703,-0.43273735568906835,0.7070474435743896,0.8491343775762572,0.14208693400186756,2171.0,1.6046989117692068,0.8923031753385258,-0.712395736430681,0.5009392611145899,0.734094616639478,0.23315535552488809,1597.0
nist302-registered:00002583/00002583_1D_L_L01_BP_S21_1000PPI_8BPC_1CH_LP04-1_1,00002583,0.9413147678053911,0.9187228370440542,-0.02259193076133692,0.765618077093487,0.7885714285714286,0.02295335147794164,2257.0,1.4520836697587545,1.4179395442235794,-0.034144125535175096,0.6054590570719603,0.6382022471910113,0.03274319011905091,1612.0
nist302-registered:00002583/00002583_1D_R_L01_BP_S21_1000PPI_8BPC_1CH_LP01-1_1,00002583,1.2106848031772706,0.8779642046912518,-0.33272059848601876,0.7102356406480118,0.7906116642958748,0.080376023647863,2716.0,1.8733625308510666,1.2845483982108996,-0.588814132640167,0.5022421524663677,0.6035906642728904,0.10134851180652271,2007.0
nist302-registered:00002583/00002583_1D_R_L01_BP_S21_1000PPI_8BPC_1CH_LP03-1_1,00002583,1.0926298065228293,0.8785688240238183,-0.21406098249901095,0.7331296861982782,0.80530594779632,0.0721762615980418,3601.0,1.7294369378561958,1.3197854250376924,-0.4096515128185034,0.5245659401551533,0.6338797814207651,0.10931384126561172,2707.0
nist302-registered:00002583/00002583_1G_L_L01_BP_S21_1000PPI_8BPC_1CH_LP03-1_1,00002583,0.9174353186320787,0.8677793878133273,-0.049655930818751415,0.7821387940841866,0.7963698241633579,0.014231030079171259,1758.0,1.3464215063828489,1.2920674341978884,-0.05435407218496047,0.617003367003367,0.5993294216261525,-0.01767394537721445,1188.0
nist302-registered:00002583/00002583_1G_R_L01_BP_S21_1000PPI_8BPC_1CH_LP01-1_1,00002583,0.6981586830803432,0.6309384961137224,-0.0672201869666208,0.8395967002749771,0.8581560283687943,0.018559328093817218,1091.0,1.121829585755598,0.9413207133412986,-0.18050887241429936,0.6457055214723927,0.7092511013215859,0.06354557984919318,652.0
nist302-registered:00002583/00002583_1G_R_L01_BP_S21_1000PPI_8BPC_1CH_LP03-1_1,00002583,1.0197472023019234,1.241409579936721,0.22166237763479768,0.7450693937180424,0.7047379981173517,-0.040331395600690656,2738.0,1.5761797685982184,1.925648874445931,0.3494691058477126,0.5353029544316474,0.49183673469387756,-0.04346621973776987,1997.0
nist302-registered:00002583/00002583_6E_X_004_BT_D800_1000PPI_8BPC_1CH_LP21-1_1,00002583,0.7367910742547489,0.6752306502210028,-0.061560424033746064,0.8223463687150838,0.8616047388260636,0.03925837011097977,1790.0,1.1823996433951567,1.0255920399878358,-0.15680760340732092,0.6398026315789473,0.7065820777160984,0.06677944613715103,1216.0
nist302-registered:00002583/00002583_6E_X_004_BT_D800_1000PPI_8BPC_1CH_LP25-1_1,00002583,0.844368460150009,0.5109561351346432,-0.3334123250153658,0.7945664309639002,0.9000364830353885,0.1054700520714883,2687.0,1.2820518987885947,0.7867988308766428,-0.4952530679119519,0.6617043121149897,0.7905,0.12879568788501028,1948.0
nist302-registered:00002611/00002611_1A_X_L01_BP_S22_1000PPI_8BPC_1CH_LP08-1_1,00002611,1.208587809061882,1.170122163257866,-0.03846564580401601,0.6907807675341862,0.728321548195013,0.03754078066082689,2267.0,1.9937398175936916,1.8623147248792025,-0.1314250927144891,0.46214415505754086,0.48513449740443604,0.022990342346895176,1651.0
nist302-registered:00002611/00002611_1D_L_L01_BP_S22_1000PPI_8BPC_1CH_LP02-1_1,00002611,0.8418351926736174,0.6325878193882566,-0.2092473732853608,0.7803855825649623,0.8491198658843252,0.06873428331936293,1193.0,1.2371230818520609,0.8955981535086754,-0.34152492834338544,0.5729166666666666,0.6851851851851852,0.1122685185185186,864.0
nist302-registered:00002611/00002611_1D_R_L01_BP_S22_1000PPI_8BPC_1CH_LP03-1_1,00002611,0.7666758918453063,0.7740839804635347,0.007408088618228392,0.8128609934539853,0.8308063404548587,0.017945347000873357,2597.0,1.1565898669108328,1.198578555691116,0.04198868878028317,0.6371967654986523,0.6797568957456755,0.04256013024702321,1855.0
nist302-registered:00002611/00002611_1F_L_L01_BP_S22_1000PPI_8BPC_1CH_LP04-1_1,00002611,1.065808845441217,1.0998356439495236,0.0340267985083067,0.7506084699010223,0.7492974412069221,-0.001311028694100158,6163.0,1.7685121895693046,1.7544640126336484,-0.014048176935656187,0.5516427306708637,0.5603058741744873,0.008663143503623627,5083.0
nist302-registered:00002611/00002611_1F_R_L01_BP_S22_1000PPI_8BPC_1CH_LP02-1_1,00002611,1.133022675194556,1.2185252844984833,0.08550260930392728,0.7314251816698799,0.7150895898119355,-0.01633559185794442,6743.0,1.7835310005013216,1.9711987556276724,0.1876677551263508,0.520870495897253,0.4884965222043874,-0.0323739736928656,5606.0
nist302-registered:00002611/00002611_4D_X_108_IN_D800_1000PPI_8BPC_1CH_LP01-1_1,00002611,1.0262833912838392,0.821685230640114,-0.20459816064372516,0.7532484407484408,0.8216842501883949,0.06843580943995409,7696.0,1.6405756566138934,1.2213538799013157,-0.41922177671257765,0.5628187297171998,0.6631901840490797,0.10037145433187988,6471.0
nist302-registered:00002611/00002611_4D_X_109_IN_D800_1000PPI_8BPC_1CH_LP08-1_1,00002611,1.0979851703940653,0.9446079338144668,-0.15337723657959845,0.7430392485743039,0.7962000358487185,0.053160787274414534,8943.0,1.8185684164507032,1.4872535475297646,-0.33131486892093864,0.553016453382084,0.6395280235988201,0.08651157021673606,7658.0
nist302-registered:00002614/00002614_1C_L_L01_BP_S05_1000PPI_8BPC_1CH_LP05-1_1,00002614,0.8028439829953217,0.714658021540572,-0.08818596145474966,0.8002070393374742,0.8392857142857143,0.03907867494824013,966.0,1.079029812029803,0.924346297056419,-0.15468351497338395,0.6213768115942029,0.6734348561759729,0.05205804458176999,552.0
nist302-registered:00002614/00002614_1C_R_L01_BP_S05_1000PPI_8BPC_1CH_LP06-1_1,00002614,1.1138820264368738,1.1831586783040913,0.06927665186721743,0.6825568797399784,0.7105561861520999,0.02799930641212156,923.0,1.6452201095125922,1.7138828216316713,0.06866271211907904,0.3621621621621622,0.45664739884393063,0.09448523668176845,555.0
nist302-registered:00002614/00002614_1F_L_L01_BP_S05_1000PPI_8BPC_1CH_LP03-1_1,00002614,1.0496691284524902,1.4221408435901293,0.3724717151376391,0.7421487603305785,0.6319373510384746,-0.11021140929210393,3025.0,1.6233266564716566,2.2078806493286303,0.5845539928569736,0.5445462114904246,0.397212543554007,-0.1473336679364176,2402.0
nist302-registered:00002614/00002614_3_X_0262_IN_D800_1000PPI_8BPC_1CH_LP03-1_1,00002614,1.139061967359169,1.1890930432825215,0.05003107592335243,0.7278250303766707,0.706766917293233,-0.021058113083437635,4938.0,1.7682222578808107,1.8904783594844699,0.12225610160365918,0.5299063175594523,0.4853668590272053,-0.044539458532247,4163.0
nist302-registered:00002614/00002614_3_X_0262_IN_D800_1000PPI_8BPC_1CH_LP14-1_1,00002614,0.9901851333427171,1.0007953329698127,0.01061019962709564,0.779828003673708,0.7745062313242475,-0.0053217723494605185,11977.0,1.5627395944319318,1.5779491541292021,0.015209559697270336,0.6090003688675766,0.5898345153664303,-0.0191658535011463,10844.0
nist302-registered:00002614/00002614_5B_X_0203_IN_D800_1000PPI_8BPC_1CH_LP37-1_1,00002614,1.0686364897296474,0.7602609289006148,-0.3083755608290326,0.7441771668575792,0.8375950241879752,0.09341785733039598,2619.0,1.6703103064660725,1.1499966809889415,-0.520313625477131,0.5423631123919308,0.6849246231155779,0.1425615107236471,1735.0
nist302-registered:00002614/00002614_5B_X_0203_IN_D800_1000PPI_8BPC_1CH_LP39-1_1,00002614,1.2213198369513596,1.0749193909884198,-0.14640044596293977,0.6977725278434019,0.7507929315813321,0.053020403737930155,5926.0,1.9164477525129024,1.6832220399497457,-0.23322571256315672,0.48569075561045916,0.5778885526081539,0.0921977969976947,4857.0
nist302-registered:00002614/00002614_5B_X_0205_IN_D800_1000PPI_8BPC_1CH_LP18-1_1,00002614,1.1526908481787836,0.9609514968588763,-0.19173935131990738,0.7223944991236348,0.7865903515944399,0.06419585247080506,7417.0,1.7656676180363664,1.5158791319041,-0.24978848613226634,0.53723567269384,0.6084765473575398,0.07124087466369977,6526.0
nist302-registered:00002614/00002614_5B_X_0207_IN_D800_1000PPI_8BPC_1CH_LP14-1_1,00002614,1.1787817095569422,1.0251942000267245,-0.15358750953021771,0.719622688345538,0.7708944281524927,0.05127173980695465,8057.0,1.8531135294403889,1.6449201856999478,-0.20819334374044107,0.5263234227701232,0.5828448892065762,0.05652146643645295,6895.0
nist302-registered:00002614/00002614_5B_X_0209_IN_D800_1000PPI_8BPC_1CH_LP41-1_1,00002614,1.1428800981006852,0.9991805601267842,-0.143699537973901,0.726687643020595,0.7763585694379935,0.049670926417398564,6992.0,1.871856948981459,1.5473347720381603,-0.32452217694329866,0.5252818585582507,0.5975356679636835,0.0722538094054328,5854.0
nist302-registered:00002625/00002625_1D_L_L01_BP_S23_1000PPI_8BPC_1CH_LP03-1_1,00002625,1.094246350580066,1.0766364688309498,-0.017609881749116152,0.7305588329936715,0.7602212422453098,0.029662409251638322,9323.0,1.6826154603698782,1.7105247960114436,0.02790933564156539,0.5227476611559656,0.5760965794768612,0.05334891832089561,7803.0
nist302-registered:00002625/00002625_1F_L_L01_BP_S23_1000PPI_8BPC_1CH_LP02-1_1,00002625,1.0271313335892749,1.0864008557690057,0.059269522179730805,0.761482939632546,0.7430133657351154,-0.018469573897430536,6096.0,1.5562006716411516,1.6812469211075212,0.12504624946636955,0.5844880677444187,0.5461017537766973,-0.03838631396772141,5196.0
nist302-registered:00002625/00002625_1F_R_L01_BP_S23_1000PPI_8BPC_1CH_LP02-1_1,00002625,1.1028200027914206,1.08818114078376,-0.014638862007660514,0.7379204370838313,0.7446931407942238,0.006772703710392514,5857.0,1.7509640158006865,1.696844414495294,-0.054119601305392395,0.5428208923662508,0.5500171291538198,0.007196236787569088,4729.0
nist302-registered:00002625/00002625_1H_L_L01_BP_S23_1000PPI_8BPC_1CH_LP05-1_1,00002625,0.9373648246320069,0.7551623432462848,-0.18220248138572204,0.7790613718411552,0.8483804272915231,0.06931905545036787,1385.0,1.3628517167933702,1.15808083836443,-0.20477087842894015,0.5562659846547314,0.7025089605734767,0.14624297591874524,782.0
nist302-registered:00002625/00002625_1H_L_L01_BP_S23_1000PPI_8BPC_1CH_LP06-1_1,00002625,0.7767815078595122,0.68249790167679,-0.09428360618272214,0.8269986893840104,0.8636959370904325,0.03669724770642202,763.0,1.1664488654074063,1.0205689296884874,-0.14587993571891889,0.5924932975871313,0.6890080428954424,0.09651474530831106,373.0
nist302-registered:00002625/00002625_4E_X_439_IN_D800_1000PPI_8BPC_1CH_LP16-1_1,00002625,0.9902054904457748,0.6837437499577137,-0.3064617404880611,0.741340530814215,0.8596779493920473,0.11833741857783231,2223.0,1.5230287744354223,1.0610349454893393,-0.461993828946083,0.5359735973597359,0.7011294526498697,0.16515585529013377,1515.0
nist302-registered:00002625/00002625_6A_X_099_BT_D800_1000PPI_8BPC_1CH_LP02-1_1,00002625,1.2335575730014905,0.583688667572596,-0.6498689054288945,0.660075329566855,0.8742304309586632,0.21415510139180816,1062.0,1.7614306667229949,0.8818605066230489,-0.8795701600999459,0.42333333333333334,0.7450381679389313,0.32170483460559796,600.0
nist302-registered:00002626/00002626_1A_X_L01_BP_S21_1000PPI_8BPC_1CH_LP04-1_1,00002626,1.2603892471346902,1.3299407703213277,0.06955152318663749,0.6952029520295203,0.685489166119501,-0.009713785910019368,2710.0,2.098295141846265,2.134675746557031,0.03638060471076576,0.45721784776902885,0.41911442349846556,-0.03810342427056329,1905.0
nist302-registered:00002626/00002626_1D_L_L01_BP_S21_1000PPI_8BPC_1CH_LP03-1_1,00002626,1.1612123343066703,1.0829312451021684,-0.07828108920450183,0.7123501823866597,0.7478178368121442,0.035467654425484496,3838.0,1.8304993298757612,1.7111588913068732,-0.1193404385688881,0.5119974059662775,0.5561247216035635,0.044127315637286,3084.0
nist302-registered:00002626/00002626_1F_R_L01_BP_S21_1000PPI_8BPC_1CH_LP03-1_1,00002626,0.9231626555620667,0.7641547483058657,-0.15900790725620095,0.7815394442670074,0.8281645569620253,0.0466251126950179,3131.0,1.401345725467888,1.104623019588681,-0.296722705879207,0.588137702198258,0.7038556193601313,0.1157179171618733,2411.0
nist302-registered:00002626/00002626_1H_L_L01_BP_S21_1000PPI_8BPC_1CH_LP03-1_1,00002626,1.1024717436491933,1.066403952390768,-0.0360677912584253,0.7295825771324864,0.7715901675005439,0.04200759036805746,3857.0,1.7584584877038758,1.6984195892842127,-0.060038898419663145,0.5225694444444444,0.5941951088417092,0.07162566439726481,2880.0
nist302-registered:00002626/00002626_1H_L_L01_BP_S21_1000PPI_8BPC_1CH_LP04-1_1,00002626,0.9148512675415141,1.1276516568683022,0.21280038932678802,0.7868548947003009,0.7469902541563157,-0.0398646405439852,4321.0,1.5519559862937045,1.7926770157135055,0.240721029419801,0.6024310702638601,0.5576746323529411,-0.04475643791091899,3373.0
nist302-registered:00002626/00002626_1H_L_L01_BP_S21_1000PPI_8BPC_1CH_LP05-1_1,00002626,1.092887127273311,0.7660854341581953,-0.32680169311511564,0.7279140073899899,0.8383493639466336,0.11043535655664372,2977.0,1.7485894964449011,1.176302609033102,-0.5722868874117992,0.5002249212775528,0.6849860613301474,0.18476114005259459,2223.0
nist302-registered:00002626/00002626_1H_R_L01_BP_S21_1000PPI_8BPC_1CH_LP04-2_1,00002626,0.6953938086364998,1.2660779475016632,0.5706841388651634,0.8484136310223267,0.6706392199349945,-0.17777441108733216,2553.0,1.0420818855101062,1.873607582510654,0.8315256970005478,0.751060820367751,0.4378494623655914,-0.3132113580021596,2121.0
nist302-registered:00002626/00002626_1H_R_L01_BP_S21_1000PPI_8BPC_1CH_LP04-3_1,00002626,0.8760817910926715,0.870731574189927,-0.005350216902744509,0.7925381571509327,0.8096239196449427,0.01708576249401006,3538.0,1.3050677153760117,1.3351476873144617,0.030079971938449912,0.638419986495611,0.6397397668744917,0.0013197803788806972,2962.0
