sample_id,subject_id,disagree_pixels,agree_pixels,zeroshot_follows_pseudo_in_conflict,zeroshot_error_in_conflict,zeroshot_error_in_agreement,finetuned_follows_pseudo_in_conflict,finetuned_error_in_conflict,finetuned_error_in_agreement
nist302-registered:00002304/00002304_1C_R_L01_BP_S22_1000PPI_8BPC_1CH_LP03-1_1,00002304,274,62,0.058394160583941604,0.12808142602443695,0.04357973113656044,0.8248175182481752,1.3261481523513794,0.7441819906234741
nist302-registered:00002304/00002304_1F_R_L01_BP_S22_1000PPI_8BPC_1CH_LP03-1_1,00002304,356,562,0.06179775280898876,0.3231452703475952,0.370236873626709,0.7808988764044944,1.1237714290618896,0.030421748757362366
nist302-registered:00002304/00002304_1F_R_L01_BP_S22_1000PPI_8BPC_1CH_LP06-1_1,00002304,1216,504,0.4745065789473684,0.8303052186965942,0.3912096917629242,0.578125,0.9858168363571167,0.3339657187461853
nist302-registered:00002304/00002304_2A_X_L02_BP_S22_1000PPI_8BPC_1CH_LP08-1_1,00002304,1141,881,0.14899211218229624,0.3448560833930969,0.34874653816223145,0.558282208588957,0.8596237301826477,0.31423068046569824
nist302-registered:00002304/00002304_5A_X_647_IN_D800_1000PPI_8BPC_1CH_LP04-1_1,00002304,1048,292,0.04198473282442748,0.1724114716053009,0.6600322723388672,0.04389312977099236,0.11914496123790741,1.0318633317947388
nist302-registered:00002304/00002304_7D_X_065_CA_D800_1000PPI_8BPC_1CH_LP03-1_1,00002304,350,82,0.008571428571428572,0.07913405448198318,0.2190026491880417,0.14285714285714285,0.38159361481666565,0.4156731367111206
nist302-registered:00002304/00002304_7D_X_066_CA_D800_1000PPI_8BPC_1CH_LP45-1_1,00002304,540,657,0.36666666666666664,0.7067438364028931,0.30756086111068726,0.31851851851851853,0.6848741173744202,0.32291847467422485
nist302-registered:00002325/00002325_1H_R_L01_BP_S21_1000PPI_8BPC_1CH_LP03-1_1,00002325,347,590,0.8126801152737753,1.5089846849441528,0.67680424451828,0.7463976945244957,1.377845048904419,0.6524968147277832
nist302-registered:00002325/00002325_4A_X_606_IN_D800_1000PPI_8BPC_1CH_LP01-1_1,00002325,926,545,0.23650107991360692,0.5104336738586426,0.4695034921169281,0.3023758099352052,0.7056974768638611,0.568780243396759
nist302-registered:00002325/00002325_6E_X_074_BT_D800_1000PPI_8BPC_1CH_LP14-1_1,00002325,1131,1145,0.23342175066312998,0.5104089975357056,0.37038180232048035,0.46949602122015915,0.7616729736328125,0.6525245904922485
nist302-registered:00002325/00002325_6E_X_074_BT_D800_1000PPI_8BPC_1CH_LP18-1_1,00002325,781,258,0.2023047375160051,0.5933384895324707,0.14750103652477264,0.5505761843790012,0.9459563493728638,0.15662983059883118
nist302-registered:00002325/00002325_6E_X_074_BT_D800_1000PPI_8BPC_1CH_LP21-1_1,00002325,1733,603,0.008655510675129832,0.19809025526046753,0.21479931473731995,0.08078476630121177,0.25452080368995667,0.25714895129203796
nist302-registered:00002325/00002325_6E_X_074_BT_D800_1000PPI_8BPC_1CH_LP23-1_1,00002325,463,275,0.05183585313174946,0.27724260091781616,0.20551244914531708,0.038876889848812095,0.2346668243408203,0.24768571555614471
nist302-registered:00002325/00002325_6E_X_074_BT_D800_1000PPI_8BPC_1CH_LP26-1_1,00002325,884,1265,0.21153846153846154,0.4685867130756378,0.13497398793697357,0.7386877828054299,1.2343212366104126,0.046268075704574585
nist302-registered:00002326/00002326_1C_L_L01_BP_S06_1000PPI_8BPC_1CH_LP03-1_1,00002326,1716,365,0.18473193473193472,0.44673168659210205,0.2583445608615875,0.664918414918415,1.2356709241867065,0.5860124826431274
nist302-registered:00002326/00002326_1F_R_L01_BP_S06_1000PPI_8BPC_1CH_LP01-1_1,00002326,648,696,0.15432098765432098,0.3130168318748474,0.199418842792511,0.27314814814814814,0.43412503600120544,0.36933082342147827
nist302-registered:00002326/00002326_1F_X_L01_BP_S06_1000PPI_8BPC_1CH_LP03-1_1,00002326,738,481,0.32791327913279134,0.6538751125335693,0.24741840362548828,0.508130081300813,0.9450820088386536,0.3094828128814697
nist302-registered:00002326/00002326_1F_X_L01_BP_S06_1000PPI_8BPC_1CH_LP06-1_1,00002326,312,278,0.060897435897435896,0.16199994087219238,0.11101707816123962,0.16666666666666666,0.2550993263721466,0.1463661640882492
nist302-registered:00002326/00002326_1G_L_L01_BP_S06_1000PPI_8BPC_1CH_LP04-1_1,00002326,2202,1677,0.20345140781108084,0.44458481669425964,0.42282652854919434,0.3578564940962761,0.6641469597816467,0.369768887758255
nist302-registered:00002326/00002326_1G_R_L01_BP_S06_1000PPI_8BPC_1CH_LP08-1_1,00002326,184,326,0.05434782608695652,0.18640252947807312,0.033102698624134064,0.15760869565217392,0.303394615650177,0.026763562113046646
nist302-registered:00002326/00002326_4D_X_288_IN_D800_1000PPI_8BPC_1CH_LP01-1_1,00002326,1104,545,0.03170289855072464,0.34065914154052734,0.09746639430522919,0.18115942028985507,0.44762831926345825,0.14767152070999146
nist302-registered:00002326/00002326_6A_X_163_BT_D800_1000PPI_8BPC_1CH_LP01-1_1,00002326,1386,1160,0.15873015873015872,0.35095369815826416,0.30355629324913025,0.27056277056277056,0.43162044882774353,0.33068397641181946
nist302-registered:00002326/00002326_6C_X_083_BT_D800_1000PPI_8BPC_1CH_LP17-1_1,00002326,337,473,0.0771513353115727,0.2764994502067566,0.13151313364505768,0.08011869436201781,0.2417633980512619,0.6654374003410339
nist302-registered:00002326/00002326_6C_X_083_BT_D800_1000PPI_8BPC_1CH_LP25-1_1,00002326,419,100,0.11455847255369929,0.33318471908569336,0.14993901550769806,0.315035799522673,0.7629254460334778,0.6822180151939392
nist302-registered:00002326/00002326_6C_X_083_BT_D800_1000PPI_8BPC_1CH_LP27-1_1,00002326,1109,525,0.5238954012623985,0.9701178669929504,0.4087744653224945,0.6239855725879171,1.1769877672195435,0.6261932849884033
nist302-registered:00002334/00002334_1C_L_L01_BP_S21_1000PPI_8BPC_1CH_LP06-1_1,00002334,2822,115,0.7668320340184267,1.38519287109375,0.47625383734703064,0.9273564847625797,1.6662206649780273,0.20786501467227936
nist302-registered:00002334/00002334_1D_L_L01_BP_S21_1000PPI_8BPC_1CH_LP01-1_1,00002334,662,435,0.31722054380664655,0.545863926410675,0.2986419200897217,0.2688821752265861,0.38652029633522034,0.1891309767961502
nist302-registered:00002334/00002334_1G_R_L01_BP_S21_1000PPI_8BPC_1CH_LP01-1_1,00002334,58,369,0.13793103448275862,0.20338425040245056,0.03610345721244812,0.13793103448275862,0.2773183286190033,0.0641184002161026
nist302-registered:00002334/00002334_1H_L_L01_BP_S21_1000PPI_8BPC_1CH_LP01-1_1,00002334,1796,569,0.44153674832962136,0.823360025882721,0.40157145261764526,0.9103563474387528,1.559635877609253,0.6434423327445984
nist302-registered:00002334/00002334_1H_L_L01_BP_S21_1000PPI_8BPC_1CH_LP10-1_1,00002334,1175,1218,0.2851063829787234,0.5342777371406555,0.372257798910141,0.7302127659574468,1.0194780826568604,0.21288315951824188
nist302-registered:00002334/00002334_1H_R_L01_BP_S21_1000PPI_8BPC_1CH_LP04-1_1,00002334,2125,476,0.7232941176470589,1.1939818859100342,0.7440896034240723,0.900235294117647,1.5937750339508057,0.3849693834781647
nist302-registered:00002334/00002334_4G_X_066_IN_D800_1000PPI_8BPC_1CH_LP03-1_1,00002334,1261,472,0.38699444885011897,0.661393940448761,0.3007277548313141,0.46946867565424266,0.7173028588294983,0.5506680011749268
nist302-registered:00002342/00002342_4F_X_452_IN_D800_1000PPI_8BPC_1CH_LP13-1_1,00002342,267,342,0.0149812734082397,0.06015879660844803,0.0683748796582222,0.033707865168539325,0.13260464370250702,0.09081142395734787
nist302-registered:00002342/00002342_4F_X_462_IN_D800_1000PPI_8BPC_1CH_LP43-1_1,00002342,1107,193,0.18699186991869918,0.35807228088378906,0.6021655201911926,0.07497741644083107,0.3082895278930664,0.5890381932258606
nist302-registered:00002342/00002342_6E_X_153_BT_D800_1000PPI_8BPC_1CH_LP17-1_1,00002342,1678,675,0.08581644815256258,0.3055330812931061,0.28051653504371643,0.36531585220500595,0.6615403294563293,0.29450929164886475
nist302-registered:00002360/00002360_1D_L_L01_BP_S06_1000PPI_8BPC_1CH_LP01-1_1,00002360,1360,570,0.16838235294117648,0.5479779243469238,0.5844587087631226,0.12794117647058822,0.39068490266799927,1.3774563074111938
nist302-registered:00002360/00002360_1D_R_L01_BP_S06_1000PPI_8BPC_1CH_LP03-1_1,00002360,467,762,0.16488222698072805,0.3117227554321289,0.1847412884235382,0.708779443254818,1.1887943744659424,0.44165053963661194
nist302-registered:00002360/00002360_1E_L_L01_BP_S06_1000PPI_8BPC_1CH_LP02-1_1,00002360,791,718,0.29835651074589126,0.6280456781387329,0.41949644684791565,0.21997471554993678,0.5557575821876526,0.4620020091533661
nist302-registered:00002360/00002360_1E_R_L01_BP_S06_1000PPI_8BPC_1CH_LP01-1_1,00002360,604,586,0.09933774834437085,0.3308863341808319,0.5917311310768127,0.09933774834437085,0.39446529746055603,0.9428058862686157
nist302-registered:00002360/00002360_1G_L_L01_BP_S06_1000PPI_8BPC_1CH_LP01-1_1,00002360,641,696,0.37285491419656785,0.811109721660614,0.47497913241386414,0.34009360374414976,0.7648167610168457,0.17629459500312805
nist302-registered:00002360/00002360_1G_L_L01_BP_S06_1000PPI_8BPC_1CH_LP07-1_1,00002360,638,185,0.16300940438871472,0.41075143218040466,0.3747963607311249,0.23981191222570533,0.48064109683036804,0.4890125095844269
nist302-registered:00002360/00002360_1G_L_L01_BP_S06_1000PPI_8BPC_1CH_LP10-1_1,00002360,1416,1545,0.5049435028248588,0.8750988841056824,0.6810943484306335,0.5451977401129944,0.9906459450721741,0.7380205392837524
nist302-registered:00002360/00002360_1G_L_L01_BP_S06_1000PPI_8BPC_1CH_LP12-1_1,00002360,158,282,0.17721518987341772,0.44348952174186707,0.6396498084068298,0.0949367088607595,0.3388519883155823,0.5038443803787231
nist302-registered:00002360/00002360_1G_R_L01_BP_S06_1000PPI_8BPC_1CH_LP01-1_1,00002360,402,388,0.5323383084577115,0.8764933943748474,0.19004946947097778,0.48009950248756217,0.8302331566810608,0.1543412059545517
nist302-registered:00002360/00002360_1G_R_L01_BP_S06_1000PPI_8BPC_1CH_LP02-1_1,00002360,728,1669,0.5563186813186813,0.977817177772522,0.3754917085170746,0.7692307692307693,1.1595169305801392,0.12882636487483978
nist302-registered:00002360/00002360_1G_R_L01_BP_S06_1000PPI_8BPC_1CH_LP03-1_1,00002360,2708,1051,0.38995568685376664,0.8084585070610046,0.2681039273738861,0.30022156573116693,0.6945199966430664,0.7825451493263245
nist302-registered:00002360/00002360_1G_R_L01_BP_S06_1000PPI_8BPC_1CH_LP09-1_1,00002360,1304,1796,0.566717791411043,0.9888424277305603,0.5140084624290466,0.39800613496932513,0.8110158443450928,1.1970380544662476
nist302-registered:00002360/00002360_1H_L_L01_BP_S06_1000PPI_8BPC_1CH_LP06-1_1,00002360,727,417,0.10041265474552957,0.35030630230903625,0.4992265999317169,0.8514442916093535,1.363957405090332,0.6277998685836792
nist302-registered:00002360/00002360_4G_X_336_IN_D800_1000PPI_8BPC_1CH_LP02-1_1,00002360,1445,538,0.24290657439446367,0.5598737001419067,0.8509891033172607,0.1750865051903114,0.4887986481189728,0.3793793320655823
nist302-registered:00002360/00002360_5A_X_793_IN_D800_1000PPI_8BPC_1CH_LP04-1_1,00002360,751,244,0.322237017310253,0.6761245131492615,0.45355457067489624,0.37017310252996005,0.5298743844032288,0.49205636978149414
nist302-registered:00002360/00002360_5A_X_796_IN_D800_1000PPI_8BPC_1CH_LP01-1_1,00002360,527,288,0.15370018975332067,0.29826897382736206,0.33171653747558594,0.04174573055028463,0.11166013032197952,0.14997774362564087
nist302-registered:00002360/00002360_5A_X_796_IN_D800_1000PPI_8BPC_1CH_LP02-1_1,00002360,363,257,0.349862258953168,0.6853863000869751,0.06530570238828659,0.14325068870523416,0.22955363988876343,0.31497427821159363
nist302-registered:00002360/00002360_6D_X_062_WT_D800_1000PPI_8BPC_1CH_LP03-1_1,00002360,419,318,0.03341288782816229,0.29959216713905334,0.20835785567760468,0.1718377088305489,0.3893101215362549,0.19776026904582977
nist302-registered:00002372/00002372_1C_R_L01_BP_S12_1000PPI_8BPC_1CH_LP01-1_1,00002372,1085,502,0.030414746543778803,0.0956260934472084,0.10614931583404541,0.49032258064516127,0.8052926063537598,0.684242308139801
nist302-registered:00002372/00002372_1C_R_L01_BP_S12_1000PPI_8BPC_1CH_LP03-1_1,00002372,462,213,0.006493506493506494,0.077620729804039,0.040224768221378326,0.26406926406926406,0.5222859978675842,0.01786337047815323
nist302-registered:00002372/00002372_1D_L_L01_BP_S12_1000PPI_8BPC_1CH_LP03-1_1,00002372,977,858,0.11566018423746162,0.2703402638435364,0.08368333429098129,0.8454452405322416,1.3982504606246948,0.23376131057739258
nist302-registered:00002372/00002372_1D_R_L01_BP_S12_1000PPI_8BPC_1CH_LP03-1_1,00002372,847,261,0.0755608028335301,0.14352481067180634,0.01381946261972189,0.7154663518299882,1.2748163938522339,0.021507855504751205
nist302-registered:00002372/00002372_1D_R_L01_BP_S12_1000PPI_8BPC_1CH_LP07-1_1,00002372,853,341,0.21922626025791325,0.41092580556869507,0.02039649523794651,0.7678780773739742,1.1874518394470215,0.22784888744354248
nist302-registered:00002372/00002372_1E_R_L01_BP_S12_1000PPI_8BPC_1CH_LP04-1_1,00002372,1217,1627,0.32046014790468363,0.6332177519798279,0.4976910948753357,0.7173377156943304,1.1880265474319458,0.17435860633850098
nist302-registered:00002372/00002372_1G_L_L01_BP_S12_1000PPI_8BPC_1CH_LP02-1_1,00002372,2487,1242,0.3831926015279453,0.7695294618606567,0.35525333881378174,0.4374748693204664,0.8359555602073669,0.19003678858280182
nist302-registered:00002372/00002372_1H_R_L01_BP_S12_1000PPI_8BPC_1CH_LP10-1_1,00002372,494,391,0.03643724696356275,0.09753181785345078,0.040976136922836304,0.6052631578947368,0.8678519129753113,0.05713862180709839
nist302-registered:00002372/00002372_2B_X_L01_BP_S12_1000PPI_8BPC_1CH_LP14-1_1,00002372,1037,430,0.05978784956605593,0.30717170238494873,0.2840375304222107,0.03182256509161042,0.2304576188325882,1.6080904006958008
nist302-registered:00002402/00002402_1D_L_L01_BP_S10_1000PPI_8BPC_1CH_LP02-1_1,00002402,495,260,0.12121212121212122,0.32088613510131836,0.1557546705007553,0.7090909090909091,1.170382022857666,0.11209194362163544
nist302-registered:00002402/00002402_1D_L_L01_BP_S10_1000PPI_8BPC_1CH_LP05-1_1,00002402,845,800,0.18106508875739644,0.4983506202697754,0.1602885127067566,0.8745562130177514,1.3860455751419067,0.1451328694820404
nist302-registered:00002402/00002402_1D_L_L01_BP_S10_1000PPI_8BPC_1CH_LP06-1_1,00002402,445,767,0.15955056179775282,0.2345833033323288,0.1695014089345932,0.32134831460674157,0.5164521932601929,0.11402296274900436
nist302-registered:00002402/00002402_1E_L_L01_BP_S10_1000PPI_8BPC_1CH_LP07-1_1,00002402,324,232,0.027777777777777776,0.09318431466817856,0.04966376721858978,0.08641975308641975,0.3707946240901947,0.7130536437034607
nist302-registered:00002402/00002402_1E_R_L01_BP_S10_1000PPI_8BPC_1CH_LP01-1_1,00002402,1991,1371,0.233550979407333,0.49756428599357605,0.29799655079841614,0.2722250125565043,0.515964150428772,0.21619409322738647
nist302-registered:00002402/00002402_1F_L_L01_BP_S10_1000PPI_8BPC_1CH_LP02-1_1,00002402,1074,758,0.3063314711359404,0.439714252948761,0.0721345841884613,0.45996275605214154,0.6160292625427246,0.18359902501106262
nist302-registered:00002402/00002402_1H_R_L01_BP_S10_1000PPI_8BPC_1CH_LP18-1_1,00002402,1499,1250,0.15943962641761175,0.32762229442596436,0.31730014085769653,0.6891260840560374,1.2448005676269531,0.06115226447582245
nist302-registered:00002402/00002402_5A_X_770_IN_D800_1000PPI_8BPC_1CH_LP02-1_1,00002402,269,495,0.11152416356877323,0.14248871803283691,0.06899022310972214,0.137546468401487,0.42829248309135437,0.25164350867271423
nist302-registered:00002402/00002402_5A_X_770_IN_D800_1000PPI_8BPC_1CH_LP08-1_1,00002402,1107,1455,0.1897018970189702,0.3863335847854614,0.2546420693397522,0.04155374887082204,0.16380900144577026,0.08540091663599014
nist302-registered:00002402/00002402_6C_X_192_BT_D800_1000PPI_8BPC_1CH_LP03-1_1,00002402,1277,1220,0.18480814408770557,0.4016977548599243,0.5758302807807922,0.06891151135473766,0.37899863719940186,0.617211639881134
nist302-registered:00002405/00002405_1C_L_L01_BP_S11_1000PPI_8BPC_1CH_LP08-1_1,00002405,1165,729,0.34678111587982835,0.703645646572113,0.20415954291820526,0.8274678111587983,1.5720127820968628,0.12042155861854553
nist302-registered:00002405/00002405_1C_L_L01_BP_S11_1000PPI_8BPC_1CH_LP10-1_1,00002405,1139,833,0.17120280948200176,0.4243707060813904,0.06914152950048447,0.694468832309043,1.2903592586517334,0.4684067368507385
nist302-registered:00002405/00002405_1C_L_L01_BP_S11_1000PPI_8BPC_1CH_LP11-1_1,00002405,684,484,0.2236842105263158,0.43245649337768555,0.4096190631389618,0.5570175438596491,1.088644027709961,0.21536597609519958
nist302-registered:00002405/00002405_1D_R_L01_BP_S11_1000PPI_8BPC_1CH_LP04-1_1,00002405,579,252,0.0017271157167530224,0.04251290485262871,0.14892081916332245,0.8704663212435233,1.4519340991973877,0.3062732219696045
nist302-registered:00002405/00002405_1D_R_L01_BP_S11_1000PPI_8BPC_1CH_LP05-1_1,00002405,432,370,0.0,0.07611841708421707,0.1052534356713295,0.7314814814814815,1.071487307548523,0.25914081931114197
nist302-registered:00002405/00002405_1E_L_L01_BP_S11_1000PPI_8BPC_1CH_LP06-1_1,00002405,488,672,0.022540983606557378,0.14600354433059692,0.048510052263736725,0.012295081967213115,0.2521023750305176,0.21029241383075714
nist302-registered:00002405/00002405_1E_R_L02_BP_S11_1000PPI_8BPC_1CH_LP01-1_1,00002405,415,298,0.00963855421686747,0.12432188540697098,0.02360532246530056,0.7228915662650602,1.0878407955169678,0.5781655311584473
nist302-registered:00002405/00002405_1E_R_L02_BP_S11_1000PPI_8BPC_1CH_LP03-1_1,00002405,443,327,0.033860045146726865,0.11436998844146729,0.19859379529953003,0.43792325056433407,0.8634730577468872,0.49580299854278564
nist302-registered:00002405/00002405_1F_L_L01_BP_S11_1000PPI_8BPC_1CH_LP01-1_1,00002405,271,347,0.12177121771217712,0.21253542602062225,0.314828097820282,0.1918819188191882,0.4405953288078308,0.5011077523231506
nist302-registered:00002405/00002405_1F_L_L01_BP_S11_1000PPI_8BPC_1CH_LP02-1_1,00002405,350,289,0.06,0.22729294002056122,0.1221420094370842,0.7085714285714285,1.3414889574050903,0.4306251108646393
nist302-registered:00002405/00002405_6E_X_064_BT_D800_1000PPI_8BPC_1CH_LP10-1_1,00002405,1453,988,0.4913971094287681,0.9685023427009583,0.35154423117637634,0.4088093599449415,0.7425848841667175,0.3576761484146118
nist302-registered:00002406/00002406_1D_L_L01_BP_S21_1000PPI_8BPC_1CH_LP03-1_1,00002406,2283,368,0.29916776171703896,0.65030837059021,0.29158830642700195,0.14673674989049496,0.35023170709609985,0.5374408960342407
nist302-registered:00002406/00002406_1F_R_L01_BP_S21_1000PPI_8BPC_1CH_LP04-1_1,00002406,856,832,0.35630841121495327,0.6268938183784485,0.16250962018966675,0.441588785046729,0.8984650373458862,0.5353384017944336
nist302-registered:00002406/00002406_1G_L_L01_BP_S21_1000PPI_8BPC_1CH_LP01-1_1,00002406,1446,1086,0.2627939142461964,0.7024121284484863,0.8916038274765015,0.3278008298755187,0.8149530291557312,0.6604776978492737
nist302-registered:00002406/00002406_1H_R_L01_BP_S21_1000PPI_8BPC_1CH_LP01-1_1,00002406,938,544,0.26652452025586354,0.5252545475959778,0.05536350980401039,0.2942430703624733,0.5548697113990784,0.5139914751052856
nist302-registered:00002406/00002406_6D_X_184_WT_D800_1000PPI_8BPC_1CH_LP10-1_1,00002406,931,782,0.3748657357679914,0.7274454236030579,0.12900996208190918,0.4189044038668099,0.7489012479782104,0.3357076942920685
nist302-registered:00002408/00002408_1D_R_L01_BP_S25_1000PPI_8BPC_1CH_LP02-1_1,00002408,1922,903,0.3975026014568158,0.7241437435150146,0.6925912499427795,0.3158168574401665,0.5603581070899963,0.5479803085327148
nist302-registered:00002408/00002408_1E_R_L01_BP_S25_1000PPI_8BPC_1CH_LP01-1_1,00002408,378,889,0.0291005291005291,0.12812794744968414,0.7010025978088379,0.1164021164021164,0.21265435218811035,0.4762507975101471
nist302-registered:00002408/00002408_1H_R_L01_BP_S25_1000PPI_8BPC_1CH_LP13-1_1,00002408,777,614,0.005148005148005148,0.06784502416849136,0.13461993634700775,0.35263835263835264,0.6745920181274414,0.06392406672239304
nist302-registered:00002408/00002408_2B_X_L03_BP_S25_1000PPI_8BPC_1CH_LP04-1_1,00002408,1293,1346,0.6573859242072699,1.166293978691101,0.4670506715774536,0.5777262180974478,1.0007145404815674,0.4415348470211029
nist302-registered:00002408/00002408_2B_X_L03_BP_S25_1000PPI_8BPC_1CH_LP11-1_1,00002408,2173,866,0.08283479061205706,0.22137866914272308,0.13142246007919312,0.10722503451449608,0.30360132455825806,0.17518091201782227
nist302-registered:00002408/00002408_6C_X_073_BT_D800_1000PPI_8BPC_1CH_LP04-1_1,00002408,1982,892,0.16548940464177597,0.4036560654640198,0.4669131934642792,0.04187689202825429,0.3226982355117798,0.3056498169898987
nist302-registered:00002408/00002408_6C_X_073_BT_D800_1000PPI_8BPC_1CH_LP07-1_1,00002408,237,374,0.22784810126582278,0.33588799834251404,0.14956732094287872,0.11814345991561181,0.19544702768325806,0.05410386249423027
nist302-registered:00002412/00002412_1D_L_L01_BP_S06_1000PPI_8BPC_1CH_LP04-1_1,00002412,571,478,0.0840630472854641,0.15245015919208527,0.040745772421360016,0.8056042031523643,1.2218087911605835,0.7192711234092712
nist302-registered:00002412/00002412_1D_R_L01_BP_S06_1000PPI_8BPC_1CH_LP04-1_1,00002412,891,689,0.10886644219977554,0.1994076371192932,0.06293223798274994,0.6161616161616161,1.0640722513198853,0.5057929158210754
nist302-registered:00002412/00002412_1E_R_L02_BP_S06_1000PPI_8BPC_1CH_LP01-1_1,00002412,805,450,0.23354037267080746,0.4001225233078003,0.13256850838661194,0.7167701863354037,1.1551942825317383,0.16750916838645935
nist302-registered:00002412/00002412_4A_X_354_IN_D800_1000PPI_8BPC_1CH_LP24-1_1,00002412,678,268,0.6932153392330384,1.1821480989456177,0.3590819537639618,0.7610619469026548,1.1588003635406494,0.48264461755752563
nist302-registered:00002412/00002412_4A_X_357_IN_D800_1000PPI_8BPC_1CH_LP24-1_1,00002412,999,930,0.24524524524524524,0.4635215401649475,0.4698411822319031,0.3063063063063063,0.4793425500392914,0.513576090335846
nist302-registered:00002412/00002412_4A_X_358_IN_D800_1000PPI_8BPC_1CH_LP07-1_1,00002412,1208,1407,0.326158940397351,0.5798702836036682,0.28507885336875916,0.396523178807947,0.689095675945282,0.2354784458875656
nist302-registered:00002412/00002412_7C_X_569_CA_D800_1000PPI_8BPC_1CH_LP03-1_1,00002412,1554,969,0.3384813384813385,0.7025993466377258,0.5677850246429443,0.06177606177606178,0.3220282196998596,0.24453268945217133
nist302-registered:00002413/00002413_1D_R_L01_BP_S24_1000PPI_8BPC_1CH_LP01-1_1,00002413,647,725,0.027820710973724884,0.15141065418720245,0.5597501397132874,0.40649149922720246,0.8013127446174622,0.34534531831741333
nist302-registered:00002413/00002413_4G_X_347_IN_D800_1000PPI_8BPC_1CH_LP16-1_1,00002413,1272,1069,0.1619496855345912,0.39734718203544617,0.30975034832954407,0.3356918238993711,0.6969925761222839,0.5009952187538147
nist302-registered:00002426/00002426_1C_L_L01_BP_S04_1000PPI_8BPC_1CH_LP04-1_1,00002426,443,197,0.11512415349887133,0.24560169875621796,0.06161568686366081,0.4762979683972912,0.7036667466163635,0.07361960411071777
nist302-registered:00002426/00002426_1C_R_L01_BP_S04_1000PPI_8BPC_1CH_LP01-1_1,00002426,1495,1023,0.1625418060200669,0.25110411643981934,0.30532118678092957,0.34046822742474914,0.4921417236328125,0.13938915729522705
nist302-registered:00002426/00002426_1C_R_L01_BP_S04_1000PPI_8BPC_1CH_LP02-1_1,00002426,1391,413,0.12796549245147376,0.2609468996524811,0.1288520097732544,0.5334291876347951,0.8229976892471313,0.07974179089069366
nist302-registered:00002426/00002426_1C_R_L01_BP_S04_1000PPI_8BPC_1CH_LP03-1_1,00002426,1156,383,0.00865051903114187,0.06975160539150238,0.03632646054029465,0.4619377162629758,0.6839754581451416,0.059443432837724686
nist302-registered:00002426/00002426_1C_R_L01_BP_S04_1000PPI_8BPC_1CH_LP04-1_1,00002426,365,434,0.057534246575342465,0.1315852701663971,0.09600023180246353,0.34794520547945207,0.549664318561554,0.389367938041687
nist302-registered:00002426/00002426_1C_X_L01_BP_S04_1000PPI_8BPC_1CH_LP01-1_1,00002426,1157,842,0.07000864304235091,0.21994543075561523,0.05505092814564705,0.20051858254105445,0.4177309572696686,0.25703853368759155
nist302-registered:00002426/00002426_1C_X_L01_BP_S04_1000PPI_8BPC_1CH_LP06-1_1,00002426,830,295,0.09036144578313253,0.2210521250963211,0.124549500644207,0.1819277108433735,0.5277475118637085,0.29615339636802673
nist302-registered:00002426/00002426_1E_L_L01_BP_S04_1000PPI_8BPC_1CH_LP01-1_1,00002426,1041,642,0.08741594620557157,0.24836201965808868,0.09841076284646988,0.7012487992315082,1.169461727142334,0.7366243600845337
nist302-registered:00002426/00002426_1E_L_L01_BP_S04_1000PPI_8BPC_1CH_LP02-1_1,00002426,828,1111,0.0966183574879227,0.29832300543785095,0.17094019055366516,0.8140096618357487,1.349057674407959,0.41194674372673035
nist302-registered:00002426/00002426_1E_L_L01_BP_S04_1000PPI_8BPC_1CH_LP03-1_1,00002426,767,379,0.014341590612777053,0.14143341779708862,0.13083894550800323,0.8552803129074316,1.508192539215088,0.1520063281059265
nist302-registered:00002426/00002426_1E_R_L01_BP_S04_1000PPI_8BPC_1CH_LP02-1_1,00002426,1661,415,0.19265502709211318,0.3865402340888977,0.5872560143470764,0.3172787477423239,0.48647862672805786,0.48245149850845337
nist302-registered:00002426/00002426_1F_R_L01_BP_S04_1000PPI_8BPC_1CH_LP04-1_1,00002426,3126,730,0.5898912348048625,1.0522716045379639,0.6827263236045837,0.4763275751759437,0.8188349008560181,0.2999158203601837
nist302-registered:00002426/00002426_1G_L_L01_BP_S04_1000PPI_8BPC_1CH_LP03-1_1,00002426,909,798,0.08030803080308031,0.22931653261184692,0.10081086307764053,0.0539053905390539,0.27204573154449463,0.1803978532552719
nist302-registered:00002426/00002426_1G_L_L01_BP_S04_1000PPI_8BPC_1CH_LP04-1_1,00002426,291,263,0.003436426116838488,0.04527204483747482,0.06008192524313927,0.003436426116838488,0.08826009184122086,0.02180195227265358
nist302-registered:00002426/00002426_4A_X_471_IN_D800_1000PPI_8BPC_1CH_LP01-1_1,00002426,1303,1932,0.43668457405986183,0.7450163960456848,0.3635462820529938,0.3821949347659248,0.6965963244438171,0.34803149104118347
nist302-registered:00002426/00002426_4A_X_473_IN_D800_1000PPI_8BPC_1CH_LP01-1_1,00002426,832,1851,0.5733173076923077,0.9233392477035522,0.22749841213226318,0.6742788461538461,1.149180293083191,0.13458256423473358
nist302-registered:00002426/00002426_4A_X_474_IN_D800_1000PPI_8BPC_1CH_LP02-1_1,00002426,804,698,0.2599502487562189,0.5072680711746216,0.4787847399711609,0.6380597014925373,1.0773366689682007,0.3572863042354584
nist302-registered:00002426/00002426_4A_X_475_IN_D800_1000PPI_8BPC_1CH_LP02-1_1,00002426,1133,220,0.38040600176522504,0.7028884291648865,0.4538342356681824,0.4492497793468667,0.8277182579040527,0.5023956894874573
nist302-registered:00002426/00002426_6C_X_185_BT_D800_1000PPI_8BPC_1CH_LP27-1_1,00002426,2963,1178,0.3931825852176848,0.8091529011726379,0.4884066879749298,0.19169760377995276,0.4380101263523102,0.46206018328666687
nist302-registered:00002426/00002426_6C_X_185_BT_D800_1000PPI_8BPC_1CH_LP29-1_1,00002426,270,1515,0.040740740740740744,0.09120199084281921,0.41146305203437805,0.18888888888888888,0.25978922843933105,0.15223601460456848
nist302-registered:00002426/00002426_6C_X_185_BT_D800_1000PPI_8BPC_1CH_LP30-1_1,00002426,1271,774,0.13217938630999213,0.275606632232666,0.39262229204177856,0.02753737214791503,0.29184380173683167,0.8881523609161377
nist302-registered:00002426/00002426_6C_X_185_BT_D800_1000PPI_8BPC_1CH_LP37-1_1,00002426,2357,1272,0.13322019516334324,0.4015348255634308,0.5945256352424622,0.1697072549851506,0.41337427496910095,0.6019728183746338
nist302-registered:00002426/00002426_6C_X_185_BT_D800_1000PPI_8BPC_1CH_LP38-1_1,00002426,894,917,0.2651006711409396,0.5532565116882324,0.20112505555152893,0.2639821029082774,0.5618476867675781,0.3217104375362396
nist302-registered:00002426/00002426_6C_X_185_BT_D800_1000PPI_8BPC_1CH_LP54-1_1,00002426,1803,622,0.158624514697726,0.4818539321422577,0.4843529760837555,0.259567387687188,0.49709632992744446,0.6243284940719604
nist302-registered:00002462/00002462_1E_L_L01_BP_S21_1000PPI_8BPC_1CH_LP03-1_1,00002462,1596,1833,0.4743107769423559,0.9235664010047913,0.3257196247577667,0.4592731829573935,0.9248998165130615,0.19498062133789062
nist302-registered:00002462/00002462_1E_R_L01_BP_S21_1000PPI_8BPC_1CH_LP01-1_1,00002462,783,275,0.194125159642401,0.5433257818222046,0.45280423760414124,0.45338441890166026,0.6499860882759094,0.17194469273090363
nist302-registered:00002462/00002462_1H_L_L01_BP_S21_1000PPI_8BPC_1CH_LP12-1_1,00002462,615,370,0.26504065040650404,0.5220966339111328,0.08351758867502213,0.5951219512195122,0.8386358618736267,0.09449337422847748
nist302-registered:00002462/00002462_6E_X_093_BT_D800_1000PPI_8BPC_1CH_LP18-1_1,00002462,832,880,0.25841346153846156,0.6604716777801514,0.4771444499492645,0.17548076923076922,0.46670082211494446,0.2675708830356598
nist302-registered:00002462/00002462_6E_X_093_BT_D800_1000PPI_8BPC_1CH_LP24-1_1,00002462,108,569,0.0,0.08212029188871384,0.2493087351322174,0.0,0.09709807485342026,0.13723188638687134
nist302-registered:00002462/00002462_6E_X_094_BT_D800_1000PPI_8BPC_1CH_LP07-1_1,00002462,1555,1070,0.2012861736334405,0.4457366168498993,0.3750467300415039,0.262379421221865,0.5717816352844238,0.29740968346595764
nist302-registered:00002494/00002494_1D_L_L01_BP_S05_1000PPI_8BPC_1CH_LP03-1_1,00002494,439,544,0.004555808656036446,0.09111206978559494,0.06596209108829498,0.8041002277904328,1.3707444667816162,0.14213375747203827
nist302-registered:00002494/00002494_1F_L_L01_BP_S05_1000PPI_8BPC_1CH_LP03-1_1,00002494,313,385,0.0,0.039202429354190826,0.1461486965417862,0.7220447284345048,1.3656511306762695,0.14372558891773224
nist302-registered:00002494/00002494_1G_L_L01_BP_S05_1000PPI_8BPC_1CH_LP02-1_1,00002494,494,881,0.09109311740890688,0.32949841022491455,0.6635682582855225,0.030364372469635626,0.15592965483665466,0.7655664086341858
nist302-registered:00002494/00002494_1G_L_L01_BP_S05_1000PPI_8BPC_1CH_LP03-1_1,00002494,1489,854,0.4862323707186031,0.8132439255714417,0.35138022899627686,0.4492948287441236,0.8350922465324402,0.3459697663784027
nist302-registered:00002494/00002494_1G_R_L01_BP_S05_1000PPI_8BPC_1CH_LP02-1_1,00002494,430,513,0.2302325581395349,0.5943964123725891,0.3774721026420593,0.15813953488372093,0.51215660572052,0.6476687788963318
nist302-registered:00002494/00002494_2B_X_L01_BP_S05_1000PPI_8BPC_1CH_LP05-1_1,00002494,3387,1030,0.1762621789193977,0.43440282344818115,0.4133247137069702,0.28845586064363743,0.5740739107131958,0.8167638182640076
nist302-registered:00002494/00002494_4A_X_531_IN_D800_1000PPI_8BPC_1CH_LP10-1_1,00002494,1359,1871,0.18763796909492272,0.46571341156959534,0.4906553626060486,0.27740986019131714,0.6121482253074646,0.5115612149238586
nist302-registered:00002494/00002494_4A_X_534_IN_D800_1000PPI_8BPC_1CH_LP08-1_1,00002494,425,586,0.1011764705882353,0.2747395634651184,0.17755389213562012,0.6352941176470588,1.1985443830490112,0.21422791481018066
nist302-registered:00002494/00002494_4A_X_536_IN_D800_1000PPI_8BPC_1CH_LP01-1_1,00002494,1271,728,0.13768686073957515,0.41921380162239075,0.6663105487823486,0.16365066876475218,0.46744564175605774,0.7634685039520264
nist302-registered:00002494/00002494_4A_X_537_IN_D800_1000PPI_8BPC_1CH_LP01-1_1,00002494,583,323,0.22298456260720412,0.45031800866127014,0.2727430760860443,0.6260720411663808,1.1848416328430176,0.19518914818763733
nist302-registered:00002494/00002494_6E_X_183_BT_D800_1000PPI_8BPC_1CH_LP10-1_1,00002494,176,566,0.5681818181818182,1.059077501296997,0.2856307923793793,0.9431818181818182,1.5548691749572754,0.7718545794487
nist302-registered:00002494/00002494_6E_X_183_BT_D800_1000PPI_8BPC_1CH_LP14-1_1,00002494,577,686,0.09532062391681109,0.300375759601593,0.5855857729911804,0.8960138648180243,1.263641357421875,0.2876165509223938
nist302-registered:00002494/00002494_6E_X_183_BT_D800_1000PPI_8BPC_1CH_LP15-1_1,00002494,1855,1139,0.37358490566037733,0.6390284299850464,0.24179482460021973,0.33584905660377357,0.5673158764839172,0.3834334909915924
nist302-registered:00002494/00002494_6E_X_183_BT_D800_1000PPI_8BPC_1CH_LP15-2_1,00002494,1509,803,0.15241882041086813,0.33425483107566833,0.23882557451725006,0.5255135851557323,0.7214996218681335,0.2168866991996765
nist302-registered:00002494/00002494_6E_X_183_BT_D800_1000PPI_8BPC_1CH_LP25-1_1,00002494,2229,1414,0.2839838492597577,0.5832479596138,0.5726199150085449,0.4598474652310453,0.6977832913398743,0.5104706287384033
nist302-registered:00002494/00002494_7D_X_290_CA_D800_1000PPI_8BPC_1CH_LP02-1_1,00002494,1463,1427,0.21052631578947367,0.560827910900116,0.6645567417144775,0.530416951469583,0.9089514017105103,0.28661105036735535
nist302-registered:00002494/00002494_7D_X_290_CA_D800_1000PPI_8BPC_1CH_LP24-1_1,00002494,2859,1125,0.18922700244840854,0.4833216965198517,0.44120389223098755,0.3438265127667016,0.7194183468818665,0.4670551121234894
nist302-registered:00002495/00002495_1C_R_L01_BP_S24_1000PPI_8BPC_1CH_LP10-1_1,00002495,394,504,0.38578680203045684,0.690549910068512,0.3539388179779053,0.5583756345177665,0.9760786890983582,0.061024583876132965
nist302-registered:00002495/00002495_1C_R_L01_BP_S24_1000PPI_8BPC_1CH_LP13-1_1,00002495,1101,490,0.048138056312443236,0.14504538476467133,0.07846434414386749,0.2025431425976385,0.4370293915271759,0.09326157718896866
nist302-registered:00002495/00002495_1E_L_L01_BP_S24_1000PPI_8BPC_1CH_LP04-1_1,00002495,333,201,0.03303303303303303,0.1064077615737915,0.12637633085250854,0.6696696696696697,1.239166498184204,0.4469000995159149
nist302-registered:00002495/00002495_1E_R_L01_BP_S24_1000PPI_8BPC_1CH_LP04-1_1,00002495,217,341,0.10138248847926268,0.20090153813362122,0.1179657131433487,0.3456221198156682,0.6248172521591187,0.07119563966989517
nist302-registered:00002495/00002495_6E_X_121_BT_D800_1000PPI_8BPC_1CH_LP08-1_1,00002495,1671,1455,0.29204069419509276,0.6265725493431091,0.5418397188186646,0.3494913225613405,0.5694600939750671,0.4051956236362457
nist302-registered:00002495/00002495_6E_X_121_BT_D800_1000PPI_8BPC_1CH_LP34-1_1,00002495,273,473,0.0695970695970696,0.11788766831159592,0.17755749821662903,0.018315018315018316,0.1730821281671524,0.03864404559135437
nist302-registered:00002508/00002508_1C_L_L01_BP_S22_1000PPI_8BPC_1CH_LP03-1_1,00002508,1318,1270,0.1244309559939302,0.3963514566421509,0.3281533420085907,0.13277693474962063,0.40305662155151367,0.7438555359840393
nist302-registered:00002508/00002508_1C_R_L01_BP_S22_1000PPI_8BPC_1CH_LP02-1_1,00002508,680,1694,0.2823529411764706,0.5422337055206299,0.2613620162010193,0.513235294117647,0.8751584887504578,0.24094560742378235
nist302-registered:00002508/00002508_1C_R_L01_BP_S22_1000PPI_8BPC_1CH_LP10-1_1,00002508,1473,594,0.41887304820095045,0.6286266446113586,0.1689545065164566,0.7881873727087576,1.1142311096191406,0.28490325808525085
nist302-registered:00002508/00002508_1D_L_L01_BP_S22_1000PPI_8BPC_1CH_LP02-1_1,00002508,1117,957,0.4977618621307073,0.9326788187026978,0.44868767261505127,0.9480752014324082,1.6317994594573975,1.1990947723388672
nist302-registered:00002508/00002508_1D_L_L01_BP_S22_1000PPI_8BPC_1CH_LP04-1_1,00002508,2311,1548,0.5391605365642579,1.0060532093048096,0.891338050365448,0.7546516659454782,1.358656883239746,0.9060488939285278
nist302-registered:00002508/00002508_1D_R_L01_BP_S22_1000PPI_8BPC_1CH_LP04-1_1,00002508,1702,1515,0.6304347826086957,1.0776346921920776,0.7123648524284363,0.6880141010575793,1.2085758447647095,0.5705173015594482
nist302-registered:00002508/00002508_1E_R_L01_BP_S22_1000PPI_8BPC_1CH_LP01-1_1,00002508,397,1042,0.12594458438287154,0.2129998505115509,0.40724119544029236,0.13602015113350127,0.3003998100757599,0.40034449100494385
nist302-registered:00002508/00002508_1F_L_L01_BP_S22_1000PPI_8BPC_1CH_LP05-1_1,00002508,2120,1845,0.39622641509433965,0.7116642594337463,0.2749689221382141,0.534433962264151,0.948641836643219,0.21486225724220276
nist302-registered:00002508/00002508_1F_R_L01_BP_S22_1000PPI_8BPC_1CH_LP07-1_1,00002508,3120,1793,0.5435897435897435,1.0072466135025024,0.5616635680198669,0.7208333333333333,1.1585484743118286,0.21484197676181793
nist302-registered:00002508/00002508_6E_X_109_BT_D800_1000PPI_8BPC_1CH_LP10-1_1,00002508,479,647,0.19624217118997914,0.4525330066680908,0.5437345504760742,0.32150313152400833,0.5031291246414185,0.36553531885147095
nist302-registered:00002508/00002508_6E_X_109_BT_D800_1000PPI_8BPC_1CH_LP23-1_1,00002508,4052,1190,0.1717670286278381,0.3818829655647278,0.7276824116706848,0.5192497532082923,0.7560637593269348,0.23155023157596588
nist302-registered:00002508/00002508_6E_X_109_BT_D800_1000PPI_8BPC_1CH_LP24-1_1,00002508,2877,1704,0.10149461244351755,0.3362857401371002,0.3661850094795227,0.2547792839763643,0.5519530177116394,0.4093792736530304
nist302-registered:00002508/00002508_6E_X_109_BT_D800_1000PPI_8BPC_1CH_LP27-1_1,00002508,990,2038,0.298989898989899,0.5953478217124939,0.4235093593597412,0.697979797979798,0.9672567844390869,0.46042945981025696
nist302-registered:00002508/00002508_6E_X_109_BT_D800_1000PPI_8BPC_1CH_LP30-1_1,00002508,2381,2061,0.17807643847123059,0.4942789375782013,0.4946458041667938,0.1973960520789584,0.43544629216194153,0.3973529040813446
nist302-registered:00002534/00002534_1C_R_L01_BP_S03_1000PPI_8BPC_1CH_LP07-1_1,00002534,940,299,0.3191489361702128,0.6178991794586182,0.5325245261192322,0.8106382978723404,1.267342209815979,0.5024997591972351
nist302-registered:00002534/00002534_1E_R_L01_BP_S03_1000PPI_8BPC_1CH_LP04-1_1,00002534,1081,1506,0.5069380203515264,0.9205785393714905,0.7033624649047852,0.5319148936170213,1.005290150642395,0.9590956568717957
nist302-registered:00002534/00002534_1G_L_L01_BP_S03_1000PPI_8BPC_1CH_LP02-1_1,00002534,440,1487,0.075,0.41302570700645447,0.7824889421463013,0.75,1.1355749368667603,0.07146017253398895
nist302-registered:00002534/00002534_1G_R_L01_BP_S03_1000PPI_8BPC_1CH_LP01-1_1,00002534,1668,1041,0.3842925659472422,0.8185459971427917,0.6319176554679871,0.31414868105515587,0.5188171863555908,0.6919271945953369
nist302-registered:00002534/00002534_1G_R_L01_BP_S03_1000PPI_8BPC_1CH_LP03-1_1,00002534,1636,1632,0.25488997555012227,0.5571619868278503,0.30660513043403625,0.38508557457212717,0.6360670328140259,0.2622135281562805
nist302-registered:00002534/00002534_1G_R_L01_BP_S03_1000PPI_8BPC_1CH_LP06-1_1,00002534,1506,2322,0.4594953519256308,0.928246021270752,0.5026094317436218,0.7410358565737052,1.315335750579834,0.26377570629119873
nist302-registered:00002534/00002534_1H_L_L01_BP_S03_1000PPI_8BPC_1CH_LP09-1_1,00002534,1137,1045,0.11873350923482849,0.31749266386032104,0.35307735204696655,0.7273526824978013,1.177294373512268,0.31860682368278503
nist302-registered:00002534/00002534_1H_L_L01_BP_S03_1000PPI_8BPC_1CH_LP10-1_1,00002534,999,617,0.2972972972972973,0.5360236763954163,0.10862112790346146,0.7337337337337337,1.1966538429260254,0.3336068093776703
nist302-registered:00002534/00002534_1H_R_L01_BP_S03_1000PPI_8BPC_1CH_LP06-1_1,00002534,1525,996,0.4485245901639344,0.8289281129837036,0.3377530574798584,0.4459016393442623,0.8520113825798035,0.3901853859424591
nist302-registered:00002534/00002534_1H_R_L01_BP_S03_1000PPI_8BPC_1CH_LP07-1_1,00002534,1071,1048,0.223155929038282,0.537859320640564,0.27199405431747437,0.7068160597572363,1.1299962997436523,0.17287783324718475
nist302-registered:00002534/00002534_1H_R_L01_BP_S03_1000PPI_8BPC_1CH_LP11-1_1,00002534,1465,1332,0.378839590443686,0.6149082183837891,0.4890206456184387,0.5808873720136519,0.954257607460022,0.2876008152961731
nist302-registered:00002534/00002534_2B_X_L01_BP_S03_1000PPI_8BPC_1CH_LP05-1_1,00002534,1609,1505,0.4642635177128651,0.8773003816604614,0.3848486542701721,0.3940335612181479,0.7286993861198425,0.5673264861106873
nist302-registered:00002534/00002534_2B_X_L02_BP_S03_1000PPI_8BPC_1CH_LP10-1_1,00002534,1277,127,0.173061863743148,0.5178118348121643,0.24770188331604004,0.3375097885669538,0.753724992275238,0.5122786164283752
nist302-registered:00002534/00002534_4A_X_427_IN_D800_1000PPI_8BPC_1CH_LP03-1_1,00002534,567,529,0.06349206349206349,0.17668358981609344,0.1481434851884842,0.12345679012345678,0.38616061210632324,0.38808366656303406
nist302-registered:00002534/00002534_4A_X_428_IN_D800_1000PPI_8BPC_1CH_LP01-1_1,00002534,2057,1818,0.23043266893534273,0.477350652217865,0.274943470954895,0.7029654837141468,1.201432228088379,0.7058663368225098
nist302-registered:00002534/00002534_4A_X_430_IN_D800_1000PPI_8BPC_1CH_LP01-1_1,00002534,439,543,0.04328018223234624,0.18181349337100983,0.25699877738952637,0.2984054669703872,0.5664300918579102,0.22973205149173737
nist302-registered:00002534/00002534_4A_X_431_IN_D800_1000PPI_8BPC_1CH_LP02-1_1,00002534,1554,945,0.46396396396396394,0.7458683252334595,0.4315386414527893,0.5051480051480052,1.0544523000717163,0.7417059540748596
nist302-registered:00002534/00002534_6D_X_123_WT_D800_1000PPI_8BPC_1CH_LP01-1_1,00002534,3467,756,0.1993077588693395,0.456901490688324,1.0070385932922363,0.1978655898471301,0.4658260643482208,1.0998530387878418
nist302-registered:00002534/00002534_6D_X_123_WT_D800_1000PPI_8BPC_1CH_LP13-1_1,00002534,2108,546,0.11907020872865275,0.33831730484962463,0.3122794032096863,0.28889943074003793,0.5988155603408813,0.4867475926876068
nist302-registered:00002544/00002544_1C_L_L01_BP_S21_1000PPI_8BPC_1CH_LP01-1_1,00002544,1906,676,0.6469045120671564,1.0532594919204712,0.40794599056243896,0.9013641133263379,1.405154824256897,0.5389325022697449
nist302-registered:00002544/00002544_1F_R_L01_BP_S21_1000PPI_8BPC_1CH_LP01-1_1,00002544,649,2175,0.24191063174114022,0.6048818230628967,0.5066813826560974,0.2049306625577812,0.5247945785522461,0.6200471520423889
nist302-registered:00002544/00002544_1F_R_L01_BP_S21_1000PPI_8BPC_1CH_LP03-1_1,00002544,2990,1754,0.5899665551839465,1.055103063583374,0.527438759803772,0.5123745819397993,0.945002555847168,0.4722214937210083
nist302-registered:00002544/00002544_1H_R_L01_BP_S21_1000PPI_8BPC_1CH_LP19-2_1,00002544,1937,1244,0.46670108415074857,0.8516465425491333,0.3113994598388672,0.6587506453278266,1.1711537837982178,0.5961889028549194
nist302-registered:00002544/00002544_4E_X_176_IN_D800_1000PPI_8BPC_1CH_LP01-1_1,00002544,1070,888,0.402803738317757,0.5683014392852783,0.40593960881233215,0.5383177570093458,0.8592702746391296,0.10913626849651337
nist302-registered:00002544/00002544_5A_X_506_IN_D800_1000PPI_8BPC_1CH_LP03-1_1,00002544,414,502,0.12077294685990338,0.22917620837688446,0.23654493689537048,0.19806763285024154,0.3857768476009369,0.23691512644290924
nist302-registered:00002544/00002544_6A_X_062_BT_D800_1000PPI_8BPC_1CH_LP04-1_1,00002544,1344,404,0.05952380952380952,0.1763903796672821,0.9425845146179199,0.45535714285714285,0.9077475666999817,0.47952020168304443
nist302-registered:00002544/00002544_6D_X_055_WT_D800_1000PPI_8BPC_1CH_LP07-1_1,00002544,848,968,0.0589622641509434,0.17617908120155334,0.4195404052734375,0.1179245283018868,0.3077341616153717,0.2704550325870514
nist302-registered:00002546/00002546_1C_R_L01_BP_S21_1000PPI_8BPC_1CH_LP07-1_1,00002546,3286,392,0.6165550821667681,1.1086434125900269,0.5571139454841614,0.6682897139379185,1.2647430896759033,0.3712104856967926
nist302-registered:00002546/00002546_1F_L_L01_BP_S21_1000PPI_8BPC_1CH_LP03-1_1,00002546,1654,1349,0.49818621523579204,0.9388739466667175,0.2773953378200531,0.5665054413542926,0.9251040816307068,0.21522825956344604
nist302-registered:00002546/00002546_1F_L_L01_BP_S21_1000PPI_8BPC_1CH_LP10-1_1,00002546,573,1468,0.27225130890052357,0.595901370048523,0.312337726354599,0.5113438045375218,0.8917999863624573,0.7545573711395264
nist302-registered:00002546/00002546_1F_R_L01_BP_S21_1000PPI_8BPC_1CH_LP08-1_1,00002546,1226,647,0.19494290375203915,0.4379447102546692,0.15799285471439362,0.7169657422512234,1.280405879020691,0.48284250497817993
nist302-registered:00002546/00002546_1H_L_L01_BP_S21_1000PPI_8BPC_1CH_LP09-1_1,00002546,1220,884,0.521311475409836,0.9328916668891907,0.6346530914306641,0.6860655737704918,0.9801547527313232,0.4992853105068207
nist302-registered:00002546/00002546_1H_R_L01_BP_S21_1000PPI_8BPC_1CH_LP18-1_1,00002546,951,334,0.1661409043112513,0.3631352484226227,0.49277034401893616,0.8454258675078864,1.4430019855499268,0.26917409896850586
nist302-registered:00002546/00002546_1H_R_L01_BP_S21_1000PPI_8BPC_1CH_LP23-1_1,00002546,837,641,0.1027479091995221,0.3469525873661041,0.14004187285900116,0.8518518518518519,1.3937170505523682,0.1267513781785965
nist302-registered:00002546/00002546_4A_X_725_IN_D800_1000PPI_8BPC_1CH_LP06-1_1,00002546,2074,618,0.20540019286403086,0.5166889429092407,0.7121150493621826,0.5578592092574735,1.1908950805664062,0.740022599697113
nist302-registered:00002546/00002546_4A_X_727_IN_D800_1000PPI_8BPC_1CH_LP03-1_1,00002546,1200,1001,0.0875,0.49843883514404297,0.469478577375412,0.7891666666666667,1.3901005983352661,0.3647996485233307
nist302-registered:00002546/00002546_4A_X_729_IN_D800_1000PPI_8BPC_1CH_LP05-1_1,00002546,295,1167,0.1864406779661017,0.4428384006023407,0.32675907015800476,0.2440677966101695,0.4222339689731598,0.5130481123924255
nist302-registered:00002546/00002546_4A_X_732_IN_D800_1000PPI_8BPC_1CH_LP03-1_1,00002546,2105,1348,0.20190023752969122,0.3683339059352875,0.33676087856292725,0.40380047505938244,0.712809681892395,0.367752343416214
nist302-registered:00002546/00002546_4A_X_732_IN_D800_1000PPI_8BPC_1CH_LP05-1_1,00002546,2291,1006,0.3278044522042776,0.6500970125198364,0.4914872944355011,0.39764295067656047,0.6504049301147461,0.5686420798301697
nist302-registered:00002546/00002546_4A_X_736_IN_D800_1000PPI_8BPC_1CH_LP02-1_1,00002546,1340,398,0.3753731343283582,0.7406186461448669,0.6575742363929749,0.24477611940298508,0.6832605004310608,0.9654083847999573
nist302-registered:00002546/00002546_5A_X_571_IN_D800_1000PPI_8BPC_1CH_LP07-1_1,00002546,2875,2456,0.5829565217391305,1.1151843070983887,0.4412877559661865,0.6379130434782608,1.1570758819580078,0.503506064414978
nist302-registered:00002546/00002546_6D_X_124_WT_D800_1000PPI_8BPC_1CH_LP11-1_1,00002546,2170,1923,0.31152073732718893,0.5842416882514954,0.45064738392829895,0.4253456221198157,0.8455963730812073,0.6477797031402588
nist302-registered:00002546/00002546_7C_X_212_CA_D800_1000PPI_8BPC_1CH_LP06-1_1,00002546,3378,868,0.3484310242747188,0.6781463623046875,0.8424073457717896,0.3872113676731794,0.7837281227111816,0.7257757186889648
nist302-registered:00002547/00002547_1C_L_L01_BP_S21_1000PPI_8BPC_1CH_LP01-1_1,00002547,701,855,0.03138373751783167,0.3756018280982971,0.4351596534252167,0.0884450784593438,0.2900104522705078,0.3154962956905365
nist302-registered:00002547/00002547_1C_R_L01_BP_S21_1000PPI_8BPC_1CH_LP08-1_1,00002547,2087,1445,0.45280306660277914,0.679686427116394,0.5549896955490112,0.49832295160517487,0.7602896690368652,0.42654040455818176
nist302-registered:00002547/00002547_1C_X_L01_BP_S21_1000PPI_8BPC_1CH_LP01-1_1,00002547,1105,1409,0.3665158371040724,0.7793360352516174,0.6430818438529968,0.6190045248868778,1.0455526113510132,0.6863388419151306
nist302-registered:00002547/00002547_1E_R_L01_BP_S21_1000PPI_8BPC_1CH_LP05-1_1,00002547,1395,1553,0.14050179211469535,0.5279645323753357,1.0932278633117676,0.31899641577060933,0.6190183162689209,0.7732584476470947
nist302-registered:00002547/00002547_1G_R_L01_BP_S21_1000PPI_8BPC_1CH_LP02-1_1,00002547,1702,861,0.5669800235017627,1.0098309516906738,0.3767472505569458,0.5470035252643948,0.9343321323394775,0.3469415009021759
nist302-registered:00002547/00002547_6C_X_155_BT_D800_1000PPI_8BPC_1CH_LP06-3_1,00002547,1548,362,0.3423772609819121,0.7014248371124268,0.6948572993278503,0.40568475452196384,0.6735252141952515,0.5530131459236145
nist302-registered:00002547/00002547_6C_X_155_BT_D800_1000PPI_8BPC_1CH_LP07-1_1,00002547,2363,1340,0.30977570884468897,0.6853145360946655,0.5433588027954102,0.45408379179009734,0.7849596738815308,0.1776464432477951
nist302-registered:00002547/00002547_7D_X_177_CA_D800_1000PPI_8BPC_1CH_LP01-1_1,00002547,2870,2222,0.4240418118466899,0.8087587952613831,0.6009349822998047,0.6156794425087108,1.0687241554260254,0.8026608824729919
nist302-registered:00002561/00002561_1C_R_L03_BP_S11_1000PPI_8BPC_1CH_LP03-1_1,00002561,1086,602,0.48066298342541436,0.7813161015510559,0.43468955159187317,0.8397790055248618,1.3884214162826538,0.32439249753952026
nist302-registered:00002561/00002561_1E_L_L01_BP_S11_1000PPI_8BPC_1CH_LP04-1_1,00002561,1579,1183,0.4059531348955035,0.752871036529541,0.36494144797325134,0.4496516782773908,0.8586713075637817,0.6878887414932251
nist302-registered:00002561/00002561_1F_L_L01_BP_S11_1000PPI_8BPC_1CH_LP04-1_1,00002561,289,332,0.058823529411764705,0.3179895877838135,0.027352379634976387,0.9792387543252595,1.4904894828796387,1.1184409856796265
nist302-registered:00002561/00002561_1G_L_L01_BP_S11_1000PPI_8BPC_1CH_LP01-1_1,00002561,1824,1138,0.40515350877192985,0.8194246888160706,0.6219795346260071,0.24232456140350878,0.4747413098812103,0.36671215295791626
nist302-registered:00002561/00002561_1G_R_L01_BP_S11_1000PPI_8BPC_1CH_LP01-1_1,00002561,878,552,0.5615034168564921,1.0158482789993286,0.29410725831985474,0.5273348519362187,0.9815202355384827,0.4889073073863983
nist302-registered:00002561/00002561_6E_X_092_BT_D800_1000PPI_8BPC_1CH_LP11-1_1,00002561,274,79,0.14233576642335766,0.2577801048755646,0.4393154978752136,0.043795620437956206,0.1475398689508438,0.1598430573940277
nist302-registered:00002575/00002575_1C_L_L01_BP_S22_1000PPI_8BPC_1CH_LP01-1_1,00002575,3428,1049,0.8115519253208868,1.5407947301864624,0.3132018744945526,0.9512835472578763,1.7742480039596558,0.4961569309234619
nist302-registered:00002575/00002575_1D_X_L01_BP_S22_1000PPI_8BPC_1CH_LP04-1_1,00002575,1129,601,0.36846767050487156,0.5094276070594788,0.09433549642562866,0.7829937998228521,1.0378388166427612,0.22513903677463531
nist302-registered:00002575/00002575_1H_L_L01_BP_S22_1000PPI_8BPC_1CH_LP09-1_1,00002575,614,178,0.31107491856677527,0.6101313829421997,0.07525353878736496,0.6237785016286646,1.051755428314209,0.1494230180978775
nist302-registered:00002575/00002575_2A_X_L02_BP_S22_1000PPI_8BPC_1CH_LP08-1_1,00002575,724,459,0.06077348066298342,0.12460222840309143,0.22168049216270447,0.26519337016574585,0.34519457817077637,0.2616117298603058
nist302-registered:00002575/00002575_4A_X_627_IN_D800_1000PPI_8BPC_1CH_LP15-1_1,00002575,1579,516,0.27612412919569346,0.5570412278175354,0.6665872931480408,0.35085497150094996,0.7669670581817627,0.4702780544757843
nist302-registered:00002575/00002575_5A_X_597_IN_D800_1000PPI_8BPC_1CH_LP07-1_1,00002575,3361,895,0.08122582564712882,0.24656406044960022,0.5656270384788513,0.2537935138351681,0.53801429271698,0.4655801057815552
nist302-registered:00002575/00002575_5A_X_598_IN_D800_1000PPI_8BPC_1CH_LP03-1_1,00002575,516,706,0.0,0.05926717072725296,0.08450108766555786,0.0,0.1091279461979866,0.06522774696350098
nist302-registered:00002575/00002575_5A_X_599_IN_D800_1000PPI_8BPC_1CH_LP01-1_1,00002575,712,732,0.05758426966292135,0.18238213658332825,0.18694357573986053,0.11376404494382023,0.23130866885185242,0.05806054547429085
nist302-registered:00002575/00002575_5A_X_599_IN_D800_1000PPI_8BPC_1CH_LP08-1_1,00002575,1299,674,0.10700538876058506,0.28390929102897644,0.18579904735088348,0.1608929946112394,0.2562544047832489,0.11335555464029312
nist302-registered:00002575/00002575_6E_X_078_BT_D800_1000PPI_8BPC_1CH_LP06-1_1,00002575,1726,1278,0.5231749710312862,0.9024907946586609,0.17432956397533417,0.5370799536500579,0.9645816683769226,0.4745972454547882
nist302-registered:00002575/00002575_6E_X_078_BT_D800_1000PPI_8BPC_1CH_LP13-1_1,00002575,2134,735,0.08762886597938144,0.3408585488796234,0.4787253141403198,0.443767572633552,0.697393536567688,0.4266218841075897
nist302-registered:00002583/00002583_1C_L_L01_BP_S21_1000PPI_8BPC_1CH_LP03-1_1,00002583,707,618,0.31117397454031115,0.5585387349128723,0.15651433169841766,0.23055162659123055,0.420266330242157,0.11254629492759705
nist302-registered:00002583/00002583_1C_R_L01_BP_S21_1000PPI_8BPC_1CH_LP05-1_1,00002583,1587,516,0.5305608065532451,0.9065788984298706,0.151354119181633,0.4599873976055451,0.8396437764167786,0.24218444526195526
nist302-registered:00002583/00002583_1D_L_L01_BP_S21_1000PPI_8BPC_1CH_LP03-1_1,00002583,500,620,0.104,0.31408482789993286,0.3793022334575653,0.918,1.708732008934021,0.6111090183258057
nist302-registered:00002583/00002583_1D_L_L01_BP_S21_1000PPI_8BPC_1CH_LP04-1_1,00002583,732,425,0.13114754098360656,0.27715548872947693,0.18736740946769714,0.5081967213114754,0.9839218854904175,0.2754339575767517
nist302-registered:00002583/00002583_1D_R_L01_BP_S21_1000PPI_8BPC_1CH_LP01-1_1,00002583,930,592,0.46021505376344085,0.911689817905426,0.3687405586242676,0.4817204301075269,0.9299820065498352,0.4904908239841461
nist302-registered:00002583/00002583_1D_R_L01_BP_S21_1000PPI_8BPC_1CH_LP03-1_1,00002583,1139,957,0.34416154521510095,0.6355932950973511,0.3177781105041504,0.6294995610184372,1.1141830682754517,0.22783184051513672
nist302-registered:00002583/00002583_1G_L_L01_BP_S21_1000PPI_8BPC_1CH_LP03-1_1,00002583,662,262,0.09818731117824774,0.3021753430366516,0.2569504380226135,0.40483383685800606,0.6817637085914612,0.23457707464694977
nist302-registered:00002583/00002583_1G_R_L01_BP_S21_1000PPI_8BPC_1CH_LP01-1_1,00002583,391,384,0.11253196930946291,0.2246246337890625,0.0783466175198555,0.1329923273657289,0.3072623014450073,0.13301154971122742
nist302-registered:00002583/00002583_1G_R_L01_BP_S21_1000PPI_8BPC_1CH_LP03-1_1,00002583,738,768,0.3902439024390244,0.686638355255127,0.6412891745567322,0.4634146341463415,0.903226375579834,0.7674291729927063
nist302-registered:00002583/00002583_6E_X_004_BT_D800_1000PPI_8BPC_1CH_LP21-1_1,00002583,252,544,0.36507936507936506,0.6379725933074951,0.19334805011749268,0.2896825396825397,0.5027490854263306,0.22254326939582825
nist302-registered:00002583/00002583_6E_X_004_BT_D800_1000PPI_8BPC_1CH_LP25-1_1,00002583,854,349,0.12763466042154567,0.2679270803928375,0.1565646231174469,0.10187353629976581,0.18015001714229584,0.1350661814212799
nist302-registered:00002611/00002611_1A_X_L01_BP_S22_1000PPI_8BPC_1CH_LP08-1_1,00002611,614,529,0.4543973941368078,0.7828860878944397,0.30368727445602417,0.503257328990228,1.0823540687561035,0.3382110297679901
nist302-registered:00002611/00002611_1D_L_L01_BP_S22_1000PPI_8BPC_1CH_LP02-1_1,00002611,284,247,0.06338028169014084,0.24281491339206696,0.13421761989593506,0.2147887323943662,0.41597527265548706,0.5200956463813782
nist302-registered:00002611/00002611_1D_R_L01_BP_S22_1000PPI_8BPC_1CH_LP03-1_1,00002611,749,745,0.17222963951935916,0.32571685314178467,0.13713066279888153,0.842456608811749,1.309254765510559,0.2529352307319641
nist302-registered:00002611/00002611_1F_L_L01_BP_S22_1000PPI_8BPC_1CH_LP04-1_1,00002611,1168,1642,0.3758561643835616,0.6950127482414246,0.1384655386209488,0.7011986301369864,1.0774624347686768,0.17743489146232605
nist302-registered:00002611/00002611_1F_R_L01_BP_S22_1000PPI_8BPC_1CH_LP02-1_1,00002611,1357,1768,0.39056742815033163,0.6635115146636963,0.20762760937213898,0.4406779661016949,0.7496439814567566,0.16943998634815216
nist302-registered:00002611/00002611_4D_X_108_IN_D800_1000PPI_8BPC_1CH_LP01-1_1,00002611,3240,1143,0.15030864197530863,0.4227667450904846,0.9029154181480408,0.28858024691358025,0.5796706676483154,0.9358777403831482
nist302-registered:00002611/00002611_4D_X_109_IN_D800_1000PPI_8BPC_1CH_LP08-1_1,00002611,4042,743,0.4448292924294904,0.8525840044021606,0.556688129901886,0.7127659574468085,1.312695026397705,0.6800849437713623
nist302-registered:00002614/00002614_1C_L_L01_BP_S05_1000PPI_8BPC_1CH_LP05-1_1,00002614,393,168,0.01272264631043257,0.17983664572238922,0.12822622060775757,0.24936386768447838,0.4913997948169708,0.299262136220932
nist302-registered:00002614/00002614_1C_R_L01_BP_S05_1000PPI_8BPC_1CH_LP06-1_1,00002614,414,112,0.007246376811594203,0.08195658773183823,0.21434153616428375,0.3309178743961353,0.6295467615127563,0.1814841479063034
nist302-registered:00002614/00002614_1F_L_L01_BP_S05_1000PPI_8BPC_1CH_LP03-1_1,00002614,943,547,0.32025450689289503,0.6282619833946228,0.1429046094417572,0.9798515376458112,1.6580352783203125,0.048644449561834335
nist302-registered:00002614/00002614_3_X_0262_IN_D800_1000PPI_8BPC_1CH_LP03-1_1,00002614,1753,963,0.6103822019395322,1.1316770315170288,0.7971528768539429,0.4027381631488876,0.8109800219535828,0.8436518907546997
nist302-registered:00002614/00002614_3_X_0262_IN_D800_1000PPI_8BPC_1CH_LP14-1_1,00002614,4762,1326,0.2001259974800504,0.4198097884654999,0.5562068223953247,0.2362452750944981,0.5968262553215027,0.8050684332847595
nist302-registered:00002614/00002614_5B_X_0203_IN_D800_1000PPI_8BPC_1CH_LP37-1_1,00002614,1405,258,0.04768683274021352,0.19683724641799927,0.5571513175964355,0.08327402135231317,0.23843473196029663,0.5015572309494019
nist302-registered:00002614/00002614_5B_X_0203_IN_D800_1000PPI_8BPC_1CH_LP39-1_1,00002614,2056,1049,0.3842412451361868,0.7871452569961548,0.984921932220459,0.48443579766536965,0.9948662519454956,0.6553384065628052
nist302-registered:00002614/00002614_5B_X_0205_IN_D800_1000PPI_8BPC_1CH_LP18-1_1,00002614,2110,1446,0.26445497630331755,0.48807865381240845,0.2090906947851181,0.3,0.5718373656272888,0.2479953020811081
nist302-registered:00002614/00002614_5B_X_0207_IN_D800_1000PPI_8BPC_1CH_LP14-1_1,00002614,1444,2255,0.47368421052631576,0.8073894381523132,0.2576625645160675,0.3961218836565097,0.6008972525596619,0.15992574393749237
nist302-registered:00002614/00002614_5B_X_0209_IN_D800_1000PPI_8BPC_1CH_LP41-1_1,00002614,1552,1542,0.20489690721649484,0.662349283695221,0.8170759677886963,0.33505154639175255,0.8701041340827942,0.5910680294036865
nist302-registered:00002625/00002625_1D_L_L01_BP_S23_1000PPI_8BPC_1CH_LP03-1_1,00002625,2441,2437,0.39123310118803767,0.7969850897789001,0.464985191822052,0.6911102007374027,1.1175153255462646,0.3682394027709961
nist302-registered:00002625/00002625_1F_L_L01_BP_S23_1000PPI_8BPC_1CH_LP02-1_1,00002625,1276,1698,0.20924764890282133,0.4132154583930969,0.15668988227844238,0.6967084639498433,1.219117283821106,0.2961564064025879
nist302-registered:00002625/00002625_1F_R_L01_BP_S23_1000PPI_8BPC_1CH_LP02-1_1,00002625,1540,1762,0.2727272727272727,0.4734956920146942,0.26656171679496765,0.612987012987013,0.9345056414604187,0.22966031730175018
nist302-registered:00002625/00002625_1H_L_L01_BP_S23_1000PPI_8BPC_1CH_LP05-1_1,00002625,448,498,0.16294642857142858,0.35567203164100647,0.18382850289344788,0.7522321428571429,1.1387546062469482,0.12829868495464325
nist302-registered:00002625/00002625_1H_L_L01_BP_S23_1000PPI_8BPC_1CH_LP06-1_1,00002625,213,263,0.1784037558685446,0.29077649116516113,0.020318185910582542,0.4507042253521127,0.5754272937774658,0.1376025527715683
nist302-registered:00002625/00002625_4E_X_439_IN_D800_1000PPI_8BPC_1CH_LP16-1_1,00002625,698,524,0.11031518624641834,0.27141690254211426,0.68243408203125,0.4326647564469914,0.573225200176239,0.21928642690181732
nist302-registered:00002625/00002625_6A_X_099_BT_D800_1000PPI_8BPC_1CH_LP02-1_1,00002625,634,86,0.1719242902208202,0.37422728538513184,0.0999377965927124,0.16876971608832808,0.4383830726146698,0.10294336825609207
nist302-registered:00002626/00002626_1A_X_L01_BP_S21_1000PPI_8BPC_1CH_LP04-1_1,00002626,750,739,0.616,1.1049268245697021,0.5605388879776001,0.484,0.8010481595993042,0.5366030335426331
nist302-registered:00002626/00002626_1D_L_L01_BP_S21_1000PPI_8BPC_1CH_LP03-1_1,00002626,983,1038,0.4303153611393693,0.613082766532898,0.295041024684906,0.5127161749745677,1.0190662145614624,0.7952236533164978
nist302-registered:00002626/00002626_1F_R_L01_BP_S21_1000PPI_8BPC_1CH_LP03-1_1,00002626,544,1012,0.2922794117647059,0.6044296026229858,0.07852911949157715,0.4227941176470588,0.9022145867347717,0.371888130903244
nist302-registered:00002626/00002626_1H_L_L01_BP_S21_1000PPI_8BPC_1CH_LP03-1_1,00002626,1306,749,0.2029096477794793,0.3628234267234802,0.4039137065410614,0.6041347626339969,1.1850873231887817,0.22650153934955597
nist302-registered:00002626/00002626_1H_L_L01_BP_S21_1000PPI_8BPC_1CH_LP04-1_1,00002626,1034,900,0.2620889748549323,0.4722864627838135,0.29922938346862793,0.4632495164410058,0.8856216669082642,0.7604455351829529
nist302-registered:00002626/00002626_1H_L_L01_BP_S21_1000PPI_8BPC_1CH_LP05-1_1,00002626,890,742,0.39662921348314606,0.6829513907432556,0.08173755556344986,0.8359550561797753,1.3627020120620728,0.26914575695991516
nist302-registered:00002626/00002626_1H_R_L01_BP_S21_1000PPI_8BPC_1CH_LP04-2_1,00002626,473,544,0.17124735729386892,0.407752126455307,0.42120975255966187,0.3086680761099366,0.7121978402137756,0.9416109919548035
nist302-registered:00002626/00002626_1H_R_L01_BP_S21_1000PPI_8BPC_1CH_LP04-3_1,00002626,1138,685,0.16520210896309315,0.4093462824821472,0.3924277722835541,0.23286467486818982,0.5102155208587646,0.5044403672218323
