sample_id,subject_id,minutiae_density_ratio,coherence_diff,curvature_ratio,entropy_diff_base2,self_rate_diff_base2,entropy_diff_base4,self_rate_diff_base4
nist302-registered:00002304/00002304_1C_R_L01_BP_S22_1000PPI_8BPC_1CH_LP03-1_1,00002304,nan,-0.17059671878814697,1.0432057880796375,-0.40641096660894716,0.12302651176645818,-0.7404726500997345,0.2505895777862305
nist302-registered:00002304/00002304_1F_R_L01_BP_S22_1000PPI_8BPC_1CH_LP03-1_1,00002304,0.3,0.1631474494934082,0.5728081453709449,-0.4410771429791196,0.12558845249098927,-0.6823981364031001,0.19710023502785512
nist302-registered:00002304/00002304_1F_R_L01_BP_S22_1000PPI_8BPC_1CH_LP06-1_1,00002304,1.3666666666666667,0.10048770904541016,0.6400363678695805,-0.44694610726053274,0.11577120960965737,-0.7865367506521026,0.19539253563650655
nist302-registered:00002304/00002304_2A_X_L02_BP_S22_1000PPI_8BPC_1CH_LP08-1_1,00002304,1.7142857142857144,-0.008379697799682617,0.6251570702237934,-0.3844765257919036,0.11434361306922924,-0.6294124309794471,0.16769373790137054
nist302-registered:00002304/00002304_5A_X_647_IN_D800_1000PPI_8BPC_1CH_LP04-1_1,00002304,2.0,0.04631972312927246,0.5098879406760485,-0.39013082179366565,0.10342571758713026,-0.7005111750827473,0.1516607470247412
nist302-registered:00002304/00002304_5A_X_648_IN_D800_1000PPI_8BPC_1CH_LP04-1_1,00002304,nan,0.02870994806289673,0.5544686445729613,-0.3925842246908847,0.13967611336032393,-0.4003299236929616,0.18906769353220443
nist302-registered:00002304/00002304_7D_X_065_CA_D800_1000PPI_8BPC_1CH_LP03-1_1,00002304,nan,-0.43715524673461914,3.026989702652041,0.557913932518693,-0.19705830232146015,0.6776332048884589,-0.3607065303744505
nist302-registered:00002304/00002304_7D_X_066_CA_D800_1000PPI_8BPC_1CH_LP45-1_1,00002304,2.0,-0.1544908881187439,0.9051156527408444,-0.15203790677224172,0.06497363882139207,-0.291745338747335,0.08720678084450229
nist302-registered:00002325/00002325_1H_R_L01_BP_S21_1000PPI_8BPC_1CH_LP03-1_1,00002325,5.0,-0.005897879600524902,1.369683047302856,0.4250238502412555,-0.11611843796596233,0.604485398734331,-0.23215831938635323
nist302-registered:00002325/00002325_4A_X_606_IN_D800_1000PPI_8BPC_1CH_LP01-1_1,00002325,4.0,0.13296931982040405,0.5538234354157507,-0.3420230069435516,0.0928594390718539,-0.581100641491773,0.12089534234051202
nist302-registered:00002325/00002325_6E_X_074_BT_D800_1000PPI_8BPC_1CH_LP14-1_1,00002325,0.782608695652174,-0.09823530912399292,1.2287470923753459,0.18893789596520527,-0.06344595590573632,0.24153076975258725,-0.11000960363191903
nist302-registered:00002325/00002325_6E_X_074_BT_D800_1000PPI_8BPC_1CH_LP18-1_1,00002325,0.3076923076923077,-0.07318282127380371,0.774512200840905,-0.27059689464084946,0.07872176353067895,-0.5559029675633065,0.1515698028855924
nist302-registered:00002325/00002325_6E_X_074_BT_D800_1000PPI_8BPC_1CH_LP21-1_1,00002325,0.34615384615384615,-0.011937916278839111,1.1471937175838292,0.0672303781359761,-0.028698294901605137,0.00887575393650808,-0.018986135698006223
nist302-registered:00002325/00002325_6E_X_074_BT_D800_1000PPI_8BPC_1CH_LP23-1_1,00002325,0.0,-0.1402498483657837,1.0852250290136378,-0.1445154664269951,0.054494067243071154,-0.23918570372383297,0.1024036606207619
nist302-registered:00002325/00002325_6E_X_074_BT_D800_1000PPI_8BPC_1CH_LP26-1_1,00002325,0.22727272727272732,0.11403006315231323,0.5113079414335813,-0.5606649642872887,0.15417012596271096,-0.8496067321164181,0.2560033266853935
nist302-registered:00002326/00002326_1C_L_L01_BP_S06_1000PPI_8BPC_1CH_LP03-1_1,00002326,0.8,0.029502928256988525,0.40144326361719446,-0.5465066557704191,0.14584929485422526,-0.9271766261916116,0.22626434998448652
nist302-registered:00002326/00002326_1F_R_L01_BP_S06_1000PPI_8BPC_1CH_LP01-1_1,00002326,8.0,0.0024219155311584473,0.8841000381961441,-0.006172611990290733,-0.0025429199071326236,0.014451371401804636,-0.03882903169928975
nist302-registered:00002326/00002326_1F_X_L01_BP_S06_1000PPI_8BPC_1CH_LP03-1_1,00002326,1.3333333333333335,0.021551549434661865,0.6838525610450762,-0.23786437699038465,0.07830078477182034,-0.5338670254573108,0.10258460268165231
nist302-registered:00002326/00002326_1F_X_L01_BP_S06_1000PPI_8BPC_1CH_LP06-1_1,00002326,nan,0.08428329229354858,0.4853045960171033,-0.3824189815391561,0.13602473600014175,-0.4476153653071908,0.1868759524535203
nist302-registered:00002326/00002326_1G_L_L01_BP_S06_1000PPI_8BPC_1CH_LP04-1_1,00002326,0.9009900990099009,0.10439401865005493,0.7099854771654575,-0.2541831507779798,0.07257405188118149,-0.4052820437020057,0.11677477242639234
nist302-registered:00002326/00002326_1G_R_L01_BP_S06_1000PPI_8BPC_1CH_LP08-1_1,00002326,nan,-0.16266590356826782,1.1596761271654878,0.16209709642675318,-0.02448004421741412,0.20686525945560574,-0.044722437512110025
nist302-registered:00002326/00002326_4D_X_288_IN_D800_1000PPI_8BPC_1CH_LP01-1_1,00002326,2.125,-0.10666120052337646,0.8961323573132065,-0.17512468405155057,0.029989530788997798,-0.3251567523887229,0.03436839062963115
nist302-registered:00002326/00002326_6A_X_163_BT_D800_1000PPI_8BPC_1CH_LP01-1_1,00002326,0.8867924528301886,0.02607196569442749,0.6987486594463357,-0.250974228761233,0.06396422728837914,-0.46382226654292813,0.08368936840528629
nist302-registered:00002326/00002326_6C_X_083_BT_D800_1000PPI_8BPC_1CH_LP17-1_1,00002326,nan,-0.2366766333580017,1.0819882470537625,0.1135310946119491,-0.03388695979584144,0.12733224255519193,-0.08008711782437306
nist302-registered:00002326/00002326_6C_X_083_BT_D800_1000PPI_8BPC_1CH_LP25-1_1,00002326,nan,-0.24203479290008545,0.9696588833780028,0.08536594990603108,0.005553126180782297,0.0030990927455045725,-0.012723004694835671
nist302-registered:00002326/00002326_6C_X_083_BT_D800_1000PPI_8BPC_1CH_LP27-1_1,00002326,4.125,-0.15555745363235474,0.7446424170056424,-0.362399976958411,0.057050752187635334,-0.5895285357331923,0.0490764639897191
nist302-registered:00002334/00002334_1C_L_L01_BP_S21_1000PPI_8BPC_1CH_LP06-1_1,00002334,0.5135135135135135,0.3490232825279236,0.23986658805166775,-0.6228338224264484,0.19411775396222408,-0.964042588817213,0.2858895776270226
nist302-registered:00002334/00002334_1D_L_L01_BP_S21_1000PPI_8BPC_1CH_LP01-1_1,00002334,0.5,-0.065371572971344,0.9167138578158424,-0.05724811956606968,0.013509005927691775,-0.15244543664837606,0.05485879208245853
nist302-registered:00002334/00002334_1G_R_L01_BP_S21_1000PPI_8BPC_1CH_LP01-1_1,00002334,nan,-0.05473685264587402,0.8785283342083957,-0.07624192136380292,0.01583074174551713,-0.09397698528211718,0.02614379084967322
nist302-registered:00002334/00002334_1H_L_L01_BP_S21_1000PPI_8BPC_1CH_LP01-1_1,00002334,0.9705882352941178,0.1597132682800293,0.5478480917171847,-0.4964831776514911,0.13329699379377669,-0.7705770569109429,0.20741398224579533
nist302-registered:00002334/00002334_1H_L_L01_BP_S21_1000PPI_8BPC_1CH_LP10-1_1,00002334,2.3999999999999995,0.18705806136131287,0.6206567595055444,-0.36048147030569144,0.10841776935181113,-0.566145845484896,0.19992854476911193
nist302-registered:00002334/00002334_1H_R_L01_BP_S21_1000PPI_8BPC_1CH_LP04-1_1,00002334,0.9600000000000001,0.28996750712394714,0.3727787339278625,-0.5665577485047899,0.1791966126086506,-0.944225396404266,0.29987571368471666
nist302-registered:00002334/00002334_4G_X_066_IN_D800_1000PPI_8BPC_1CH_LP03-1_1,00002334,0.46,0.0731002688407898,0.6580362383134309,-0.25479989119853796,0.07563153432025671,-0.5820432647887697,0.1249527873137537
nist302-registered:00002342/00002342_4F_X_452_IN_D800_1000PPI_8BPC_1CH_LP13-1_1,00002342,3.0,-0.08877235651016235,1.057215606775242,0.2119416752246459,-0.06673257046520964,0.1577361005722835,-0.12858565900594943
nist302-registered:00002342/00002342_4F_X_462_IN_D800_1000PPI_8BPC_1CH_LP43-1_1,00002342,0.6666666666666667,-0.09258139133453369,0.8791164684132653,0.07816322733677938,-0.012582449096644743,-0.05325544335524368,-0.009223187164903224
nist302-registered:00002342/00002342_6E_X_153_BT_D800_1000PPI_8BPC_1CH_LP17-1_1,00002342,0.8823529411764707,-0.025807321071624756,0.8970284800938098,-0.1391497329238054,0.03624557739634482,-0.3661773490201006,0.08150767317721508
nist302-registered:00002360/00002360_1D_L_L01_BP_S06_1000PPI_8BPC_1CH_LP01-1_1,00002360,0.6428571428571429,0.049592435359954834,0.5996286646678782,-0.41520088030275737,0.09970958702624133,-0.7119007438943723,0.21456109190926842
nist302-registered:00002360/00002360_1D_R_L01_BP_S06_1000PPI_8BPC_1CH_LP03-1_1,00002360,0.3333333333333333,-0.029178142547607422,0.6899486348358013,-0.22870692957540562,0.04790890194954134,-0.4511191637799571,0.10935338456481214
nist302-registered:00002360/00002360_1E_L_L01_BP_S06_1000PPI_8BPC_1CH_LP02-1_1,00002360,0.5714285714285714,0.12346401810646057,0.7176790448436215,-0.25857162699170266,0.11895326169417952,-0.32564851400558226,0.1921943206876378
nist302-registered:00002360/00002360_1E_R_L01_BP_S06_1000PPI_8BPC_1CH_LP01-1_1,00002360,0.6666666666666667,0.09190535545349121,0.47224123430490367,-0.4933579953631677,0.14761882768614365,-0.6997896227909919,0.2476332245447071
nist302-registered:00002360/00002360_1G_L_L01_BP_S06_1000PPI_8BPC_1CH_LP01-1_1,00002360,3.0,0.12343907356262207,0.7180654283444702,-0.20784032635428618,0.0759399337912855,-0.31486658273955026,0.10597552223553142
nist302-registered:00002360/00002360_1G_L_L01_BP_S06_1000PPI_8BPC_1CH_LP07-1_1,00002360,1.0,0.04125291109085083,0.510009218986381,-0.3092111014041683,0.08974180129753251,-0.63379894566469,0.14845318658436835
nist302-registered:00002360/00002360_1G_L_L01_BP_S06_1000PPI_8BPC_1CH_LP10-1_1,00002360,1.4594594594594597,0.012357652187347412,0.5808550292217488,-0.2326528482032154,0.05462747001747037,-0.42375742308884234,0.0686684200440294
nist302-registered:00002360/00002360_1G_L_L01_BP_S06_1000PPI_8BPC_1CH_LP12-1_1,00002360,nan,0.010615289211273193,0.9401390978188076,0.10593724469070298,-0.02493881340197479,-0.10146827671297276,0.028238849165815427
nist302-registered:00002360/00002360_1G_R_L01_BP_S06_1000PPI_8BPC_1CH_LP01-1_1,00002360,2.0,0.061916887760162354,0.4521488098441867,-0.2289726123308078,0.08837735343768083,-0.2171255812973929,0.11967820115793726
nist302-registered:00002360/00002360_1G_R_L01_BP_S06_1000PPI_8BPC_1CH_LP02-1_1,00002360,0.7391304347826088,0.23390507698059082,0.4738093906871707,-0.2304965612796226,0.08052602035036738,-0.2998399989541807,0.1135415645353316
nist302-registered:00002360/00002360_1G_R_L01_BP_S06_1000PPI_8BPC_1CH_LP03-1_1,00002360,2.0952380952380953,0.01279538869857788,0.7811431152108149,-0.21485562580068407,0.07045779005065356,-0.27796045322536367,0.08400063703570743
nist302-registered:00002360/00002360_1G_R_L01_BP_S06_1000PPI_8BPC_1CH_LP09-1_1,00002360,0.6964285714285715,0.10378724336624146,0.6313403543187687,-0.3162187201378929,0.06138308002870396,-0.5826607977042588,0.10518094283772728
nist302-registered:00002360/00002360_1H_L_L01_BP_S06_1000PPI_8BPC_1CH_LP06-1_1,00002360,1.6666666666666667,-0.01968485116958618,0.4451505412279777,-0.18951994059417077,0.07444014822238854,-0.3043118299191452,0.06439847677152266
nist302-registered:00002360/00002360_4G_X_336_IN_D800_1000PPI_8BPC_1CH_LP02-1_1,00002360,0.72,-0.003596782684326172,0.9082675898224484,-0.10841924812373249,0.05590368452550187,-0.023555581900513545,0.1120148846787199
nist302-registered:00002360/00002360_5A_X_793_IN_D800_1000PPI_8BPC_1CH_LP04-1_1,00002360,1.3333333333333333,0.009534776210784912,0.7390618743159819,-0.1651801004501915,0.02883070233481433,-0.3516967606516659,0.031220788776665898
nist302-registered:00002360/00002360_5A_X_796_IN_D800_1000PPI_8BPC_1CH_LP01-1_1,00002360,nan,-0.007310032844543457,0.8325002561003564,-0.15104998254849256,0.044357399093067684,-0.16407944748475467,0.07390782146626707
nist302-registered:00002360/00002360_5A_X_796_IN_D800_1000PPI_8BPC_1CH_LP02-1_1,00002360,nan,-0.15915453433990479,1.0347388780549533,-0.1880857507903464,0.011110383022376658,-0.32603489129546803,0.002755164202248417
nist302-registered:00002360/00002360_6D_X_062_WT_D800_1000PPI_8BPC_1CH_LP03-1_1,00002360,1.75,-0.15118283033370972,1.2102190865450673,0.1937688007320859,-0.07554750533004473,0.3001113856674986,-0.16885141698948203
nist302-registered:00002372/00002372_1C_R_L01_BP_S12_1000PPI_8BPC_1CH_LP01-1_1,00002372,nan,-0.16699957847595215,0.8018230024713277,-0.29713196276217846,0.06096237173553165,-0.5139198656470013,0.10549250465984894
nist302-registered:00002372/00002372_1C_R_L01_BP_S12_1000PPI_8BPC_1CH_LP03-1_1,00002372,nan,-0.19865000247955322,0.9140365972916935,0.05962183836657098,-0.030667319736172538,0.09335493319717836,-0.11186821219715959
nist302-registered:00002372/00002372_1D_L_L01_BP_S12_1000PPI_8BPC_1CH_LP03-1_1,00002372,nan,0.00022113323211669922,0.4178550614805858,-0.5393707610705984,0.15660014500202524,-0.8857797202650887,0.28068381581858126
nist302-registered:00002372/00002372_1D_R_L01_BP_S12_1000PPI_8BPC_1CH_LP03-1_1,00002372,nan,-0.22006452083587646,1.0869387359206486,0.11755203689585086,-0.013176617791548662,0.2517056095556547,-0.06679253282645414
