probe_index,protocol,rank_of_true_finger,rank1,score_true,score_best_impostor,hidden_pixels
0,full,1,1,0.9196009635925293,0.846110999584198,8192
0,hidden,3,0,0.8377572894096375,0.8448702692985535,8192
1,full,1,1,0.9776362180709839,0.9423768520355225,8192
1,hidden,1,1,0.9623165726661682,0.9331821799278259,8192
2,full,1,1,0.9533439874649048,0.94614177942276,8192
2,hidden,3,0,0.9107739925384521,0.9282594919204712,8192
3,full,1,1,0.9603046774864197,0.9070521593093872,8192
3,hidden,1,1,0.9205483198165894,0.8633157014846802,8192
4,full,1,1,0.9773123264312744,0.8599084615707397,8192
4,hidden,1,1,0.9626627564430237,0.8483754396438599,8192
5,full,1,1,0.9484837055206299,0.8974082469940186,8192
5,hidden,2,0,0.9042290449142456,0.9068787693977356,8192
6,full,1,1,0.949359118938446,0.8396468758583069,8192
6,hidden,1,1,0.9100815653800964,0.8625260591506958,8192
7,full,1,1,0.9695722460746765,0.9213387370109558,8192
7,hidden,1,1,0.9482592940330505,0.937147319316864,8192
8,full,2,0,0.8759012222290039,0.8773930072784424,8192
8,hidden,88,0,0.7246771454811096,0.8888570070266724,8192
9,full,1,1,0.9465851783752441,0.9289369583129883,8192
9,hidden,9,0,0.9046245813369751,0.9361217617988586,8192
10,full,1,1,0.9465944766998291,0.910847544670105,8192
10,hidden,5,0,0.9092006087303162,0.9226504564285278,8192
11,full,1,1,0.9298589825630188,0.8814056515693665,8192
11,hidden,3,0,0.8582407236099243,0.8837771415710449,8192
12,full,1,1,0.9590247869491577,0.8967841267585754,8192
12,hidden,1,1,0.9288716316223145,0.9097359776496887,8192
13,full,1,1,0.9685642123222351,0.8769009709358215,8192
13,hidden,1,1,0.9418672323226929,0.8859959840774536,8192
14,full,1,1,0.9259544610977173,0.8687731027603149,8192
14,hidden,4,0,0.883111834526062,0.8956575393676758,8192
15,full,1,1,0.9409696459770203,0.8693469166755676,8192
15,hidden,1,1,0.8888709545135498,0.8611542582511902,8192
16,full,1,1,0.9402270913124084,0.912305474281311,8192
16,hidden,7,0,0.8800874948501587,0.908950686454773,8192
17,full,1,1,0.9615498781204224,0.8657963871955872,8192
17,hidden,1,1,0.9281870126724243,0.8966023921966553,8192
18,full,1,1,0.9515640139579773,0.8960078954696655,8192
18,hidden,2,0,0.9071255326271057,0.9084293246269226,8192
19,full,1,1,0.909583568572998,0.826881468296051,8192
19,hidden,2,0,0.8326438665390015,0.8415809273719788,8192
20,full,1,1,0.974116325378418,0.9034029245376587,8192
20,hidden,1,1,0.9548949599266052,0.9098043441772461,8192
21,full,1,1,0.9753322005271912,0.8963915705680847,8192
21,hidden,1,1,0.9584367871284485,0.928007185459137,8192
22,full,1,1,0.9841019511222839,0.9290775060653687,8192
22,hidden,1,1,0.9766902327537537,0.9182541370391846,8192
23,full,1,1,0.9665148258209229,0.9020734429359436,8192
23,hidden,1,1,0.9522333741188049,0.8998441100120544,8192
24,full,1,1,0.949091374874115,0.8157203197479248,8192
24,hidden,1,1,0.9061243534088135,0.7312646508216858,8192
25,full,1,1,0.9665910601615906,0.9032013416290283,8192
25,hidden,1,1,0.9439935684204102,0.9187883138656616,8192
26,full,1,1,0.9699307680130005,0.9623028635978699,8192
26,hidden,3,0,0.9467794895172119,0.95306396484375,8192
27,full,1,1,0.9450286626815796,0.9329859018325806,8192
27,hidden,3,0,0.9004213213920593,0.9298713803291321,8192
28,full,1,1,0.965430498123169,0.9377463459968567,8192
28,hidden,2,0,0.9360744953155518,0.9459792375564575,8192
29,full,1,1,0.9455592036247253,0.821050226688385,8192
29,hidden,1,1,0.9026311039924622,0.8358095288276672,8192
30,full,1,1,0.9569582343101501,0.9362696409225464,8192
30,hidden,2,0,0.9229997396469116,0.932028591632843,8192
31,full,1,1,0.9849821329116821,0.9142242074012756,8192
31,hidden,1,1,0.9721802473068237,0.9277452826499939,8192
32,full,1,1,0.9862326979637146,0.9144166707992554,8192
32,hidden,1,1,0.9750697612762451,0.918370246887207,8192
33,full,1,1,0.9842162132263184,0.9189568161964417,8192
33,hidden,1,1,0.9703962206840515,0.9373427629470825,8192
34,full,1,1,0.9788647294044495,0.8870893120765686,8192
34,hidden,1,1,0.9676337838172913,0.872124195098877,8192
35,full,1,1,0.9769371747970581,0.9054327607154846,8192
35,hidden,1,1,0.9587379097938538,0.896163284778595,8192
36,full,1,1,0.9823238849639893,0.8930405378341675,8192
36,hidden,1,1,0.966870129108429,0.8846160769462585,8192
37,full,1,1,0.9810935854911804,0.9105590581893921,8192
37,hidden,1,1,0.9633361101150513,0.9089174866676331,8192
38,full,1,1,0.988874614238739,0.9043408036231995,8192
38,hidden,1,1,0.980466365814209,0.9076396226882935,8192
39,full,1,1,0.9820708632469177,0.8925289511680603,8192
39,hidden,1,1,0.9699419736862183,0.93086838722229,8192
