condition,sample_id,hidden_pixels,nearest_orientation_error,harmonic_orientation_error,biharmonic_orientation_error,polynomial_orientation_error,zero_pole_orientation_error,combination_orientation_error,neural_orientation_error
rect,socofing:000023:left_thumb,8192,0.4478322378101444,0.3219857526947971,0.3403123239127022,0.4511917737966594,0.23175104103605987,0.3044281054057597,0.11515785030982398
rect,socofing:000023:left_index,8192,0.46219999997164823,0.22423303993621455,0.2857493746758869,0.45337736691745345,0.6085379351437703,0.5441212646141689,0.014945095954716079
rect,socofing:000023:left_middle,8192,0.6437884152605828,0.4409309475113416,0.5076499452840718,0.16522376883669931,0.5435746368259169,0.5951529888983177,0.04804235559162957
rect,socofing:000023:left_ring,8192,0.37137771834445643,0.18289665878260997,0.1838323320324714,0.26837951482581535,0.9308254430387164,0.6604380569913119,0.030692055717297793
rect,socofing:000023:left_little,8192,0.5817300174807961,0.29820471948257216,0.32247658092128273,0.23820347163070313,0.39245645561753695,0.4692992979866754,0.012448985028255906
rect,socofing:000023:right_thumb,8192,0.753289692672176,0.4585080788945973,0.6054006006864272,0.17213420759809472,0.3106017375804386,0.3099357656815329,0.04149868447726314
rect,socofing:000023:right_index,8192,0.5310713160976291,0.38098893204668655,0.4069872278457623,0.3492082782847826,0.303685653890969,0.2631029647963037,0.05100757366471568
rect,socofing:000023:right_middle,8192,0.48533743206185864,0.2924222512413362,0.3184344125096683,0.12922935528017157,0.3346398279314982,0.21971473460646732,0.024729998408391296
rect,socofing:000023:right_ring,8192,0.5675528693295759,0.2468282830088142,0.2581805580923041,0.16113333186815804,0.34363297314846303,0.21550973947156601,0.24339171459957187
rect,socofing:000023:right_little,8192,0.5898654013264183,0.4152606324919273,0.45338823266380185,0.6611222401473447,1.0085397404176704,0.7952221192744656,0.07290181909407929
rect,socofing:000030:left_thumb,8192,0.4161040097338397,0.20122286987874208,0.2166017722347757,0.6801860111848969,0.24455395883553568,0.16686671879445977,0.058035366859432905
rect,socofing:000030:left_index,8192,0.6134973009080467,0.59703381207621,0.5920092953553866,0.752058584545175,0.5852934217869279,0.5740197250492112,0.11402478084722173
rect,socofing:000030:left_middle,8192,0.45502978758374524,0.3155714251282467,0.36070494443223833,0.3274101525894138,0.5510509196270467,0.47085820750064167,0.0554693388777075
rect,socofing:000030:left_ring,8192,0.22518874511834905,0.12342710132279221,0.14818766654349166,0.3780463207860689,0.5294138329290051,0.20349554534013053,0.029168778886639678
rect,socofing:000030:left_little,8192,0.568657928001102,0.7132009455536552,0.7280363600541448,0.7425917032050455,0.21201032385024196,0.4969934900243626,0.055822250130152504
rect,socofing:000030:right_thumb,8192,0.6285543206123608,0.5900747801671467,0.7009928839050469,0.7231870794267106,0.7288366067069315,0.7069246173620269,0.06919803228569456
rect,socofing:000030:right_index,8192,0.49771127497784323,0.24723211499250178,0.31707037738292165,0.1585694522918322,0.42293613560085047,0.3795309770574286,0.07934312043031812
rect,socofing:000030:right_middle,8192,0.4518464388221391,0.2911385556095093,0.29859034940558726,0.8744913207418187,0.18996473730051147,0.1050668449942516,0.05388666598355453
rect,socofing:000030:right_ring,8192,0.626804344704495,0.4602162324931474,0.48727050283306794,0.20907426516331737,0.5523416311769409,0.44917830959810856,0.05751642912754887
rect,socofing:000030:right_little,8192,0.8536724441190323,0.7438247415768651,0.77714747008621,0.6315689211015525,0.37899711964860316,0.49738708977397755,0.09217497616444288
rect,socofing:000032:left_thumb,8192,0.1813649904178478,0.05815559210359447,0.06245383130483292,0.051284356386823104,0.16507253219672216,0.07139072962817888,0.038100488836778225
rect,socofing:000032:left_index,8192,0.4251363586604084,0.22848597782737629,0.24751458477418145,0.3583127589576121,1.0724489381586673,0.5637809235699166,0.028023169226856416
rect,socofing:000032:left_middle,8192,0.3256642862162378,0.16028302326123442,0.16051555465242784,0.4826952112851564,0.8850699837284648,0.625573133834566,0.011749973735011764
rect,socofing:000032:left_ring,8192,0.28085739429339446,0.26525707795403963,0.2613880879193921,0.15179854824220923,0.9200599827116376,0.5608539701560922,0.03201472748607781
rect,socofing:000032:left_little,8192,0.5326006683357977,0.5443849855555234,0.5402730401991267,0.3456198384862124,0.7575546358753802,0.49048284341068893,0.05712200469644625
central,socofing:000023:left_thumb,6554,0.523724822032046,0.25023095375760745,0.2717651099602544,0.07453810537895922,0.13132332481442185,0.1897617231232682,0.04610679659288356
central,socofing:000023:left_index,6554,0.5855569577962557,0.3834407780830357,0.42872866671615795,0.08424385749157531,0.09829768981245834,0.23329929501712848,0.04504034665792237
central,socofing:000023:left_middle,6554,0.6482668390040246,0.43070154207801825,0.4860874702759579,0.10379648638553383,0.03875615659080543,0.23991153989178388,0.08349220809469837
central,socofing:000023:left_ring,6554,0.7762094437455777,0.47592860560892064,0.5428100281343643,0.5991776111869502,0.026232243962065128,0.18689102346150424,0.021779406222427265
central,socofing:000023:left_little,6554,0.5244828060807316,0.3946668131366607,0.4010783306532081,0.1164223032756875,0.03215969419579404,0.11877882730841514,0.04479952757629873
central,socofing:000023:right_thumb,6554,0.7284523888470491,0.47135318237065166,0.5570743382873818,0.08262927069788581,0.1813155000576511,0.3362271349504391,0.039158020755304446
central,socofing:000023:right_index,6554,0.6912570838191427,0.6597626907883638,0.6708533780526441,0.6444568491268466,0.6013950820784715,0.6868393520867923,0.11454293214472393
central,socofing:000023:right_middle,6554,0.4843818738861787,0.28679606461040635,0.33181142134311464,0.08734722904328246,0.594417190224487,0.5695785308882251,0.022637747273857235
central,socofing:000023:right_ring,6554,0.4640699689543195,0.2298841079719111,0.23904121648022905,0.1030584047381281,0.310588224001952,0.1558726039946723,0.06923122422382795
central,socofing:000023:right_little,6554,0.6572573714259677,0.5552806844268878,0.569020541550666,0.2780939623527711,0.7435655151341982,0.7552003916924817,0.05547108052234477
central,socofing:000030:left_thumb,6554,0.3816172939762881,0.17637592388318205,0.18874133627832868,0.04093081380018834,0.18231348549815216,0.18796639337370957,0.07064457513122532
central,socofing:000030:left_index,6554,0.3490128074496836,0.3231998074278602,0.32323994581596394,0.3152950414805935,0.6581750095633453,0.5876910465283044,0.07580081117330897
central,socofing:000030:left_middle,6554,0.44848397571163906,0.39346312956531876,0.4070471554172859,0.7122306744975402,0.8336386786764772,0.7840020653060668,0.022182536195660994
central,socofing:000030:left_ring,6554,0.37599162420731574,0.35702294360023423,0.3557461680472445,0.47819376099972616,1.0640067358297418,0.825922194436865,0.03752864228471489
central,socofing:000030:left_little,6554,0.714840179271658,0.8571579128645967,0.8701626612063531,0.9408865572992036,1.140002861878506,0.9887637407450567,0.12494706443739742
central,socofing:000030:right_thumb,6554,0.8420301648723151,0.8234500449390191,0.8422357643814755,0.32589172538572825,1.1533491798004891,1.1316349124975515,0.08962458375243057
central,socofing:000030:right_index,6554,0.6956392808069068,0.690715285379824,0.7197781415583152,0.7038853756457135,0.8194018118674556,0.8766913168063977,0.053630295789650645
central,socofing:000030:right_middle,6554,0.3456604108921882,0.1994535410103181,0.23743497405943925,0.36277311093167486,0.4171842546116689,0.44145082537617264,0.049041832900781096
central,socofing:000030:right_ring,6554,0.5507997497064389,0.46075417737844165,0.48432620604824544,0.2542646032980963,0.8058380663909744,0.7925960360796187,0.09652543134004925
central,socofing:000030:right_little,6554,0.612053894560133,0.6120764307582224,0.6273386903018591,0.8990894237365596,1.057979869703701,1.042446513782049,0.12297867726059038
central,socofing:000032:left_thumb,6554,0.2176165740604782,0.11347248026620216,0.11892743400011703,0.017468503035092585,0.11016869473019386,0.11303147427818032,0.035500577839030524
central,socofing:000032:left_index,6554,0.41998254471107893,0.48606044030233436,0.49937343532001705,0.5059188488856975,0.7781638804268078,0.6314608939082671,0.052693999862121976
central,socofing:000032:left_middle,6554,0.46436203802625686,0.2234232020799292,0.22956286089362798,0.47895187326066824,1.0772420393566131,1.009114295388172,0.023601920875514354
central,socofing:000032:left_ring,6554,0.35022725827894424,0.15396892130891127,0.15392961711955935,0.593366902867714,0.948119149108973,0.9490323928253851,0.02197611204433738
central,socofing:000032:left_little,6554,0.7129973438822641,0.6633456549206767,0.7277119422227458,0.17677461999637425,1.1526907529083958,0.9573946238909274,0.02642243537235331
irregular,socofing:000023:left_thumb,8192,0.5248693922363677,0.37937894424004487,0.41554358623482096,0.24986175827097507,0.28161695492659755,0.3845860305910059,0.05960532133021
irregular,socofing:000023:left_index,8192,0.48841903827077376,0.3169623044444158,0.3697503747529212,0.2696530327692571,0.3508238046396736,0.37436785154567376,0.013750946019752816
irregular,socofing:000023:left_middle,8192,0.4525871718140829,0.24421778136725644,0.2807726568971262,0.18377047233817442,0.27813597327145734,0.2732128935103908,0.020995881029835593
irregular,socofing:000023:left_ring,8192,0.7173013442766597,0.6307397568382215,0.682059716301074,0.6469765692372949,0.7738183466941224,0.7749880723210407,0.016997574839571247
irregular,socofing:000023:left_little,8192,0.6204884672553143,0.4915693190346133,0.5393917012666245,0.2571570076769558,0.5480975514201754,0.3976001512165662,0.03538176317282707
irregular,socofing:000023:right_thumb,8192,0.5564061535076396,0.41852674959818703,0.4613353469696665,0.1791256598026136,0.24075570126522836,0.3741625560139124,0.01889220186622135
irregular,socofing:000023:right_index,8192,0.5661638218672936,0.449058407432082,0.47923937892466917,0.4347707190822149,0.6059045609494556,0.4217066489878285,0.054375197046857005
irregular,socofing:000023:right_middle,8192,0.47964324783064605,0.3510968568491577,0.37761381443478265,0.2409715829670388,0.276818138359871,0.3536801584601348,0.020036338050880436
irregular,socofing:000023:right_ring,8192,0.6804935578901186,0.5588918394805144,0.5721379348760965,0.32125775219829505,0.6198670307960998,0.47234621967635326,0.029657725222274552
irregular,socofing:000023:right_little,8192,0.47329400504678665,0.3579385303306008,0.3633154165843715,0.25567046145467687,0.6048957278198943,0.32185754573514147,0.01124518750151839
irregular,socofing:000030:left_thumb,8192,0.27432735091292804,0.15573095179857907,0.1704061139872937,0.10639177345157275,0.2702309612237967,0.21356666975915922,0.029424822842205642
irregular,socofing:000030:left_index,8192,0.5869327694537144,0.5666846257877606,0.5692245077877263,0.5805084363542863,0.2581704965935739,0.5101972254632247,0.02309706502504011
irregular,socofing:000030:left_middle,8192,0.5683741954093653,0.36973602738421796,0.463950918662288,0.221155150676315,0.269984990061076,0.38417035956719553,0.044276556283498095
irregular,socofing:000030:left_ring,8192,0.5240172538133554,0.5114128086886113,0.48024524083378545,0.4318039529046138,0.602092038042857,0.5705482926791116,0.009804244296121803
irregular,socofing:000030:left_little,8192,0.465457850515188,0.36974826427085405,0.37448417226731134,0.25059477745962294,0.6065061217021884,0.49346177168890243,0.028168958870109194
irregular,socofing:000030:right_thumb,8192,0.69615049109195,0.4886860261575832,0.5227130688166722,0.26788621177607874,0.48605006419193963,0.437835162311605,0.03792672857418928
irregular,socofing:000030:right_index,8192,0.7748913596308216,0.8027590820137719,0.8123982799860304,0.5725320949346662,0.5129414585213385,0.7845404056104612,0.031527013783660324
irregular,socofing:000030:right_middle,8192,0.3791509610663887,0.2522759164303316,0.268972072997583,0.19471705223150473,0.3535839567247993,0.28724491580783484,0.02965734226230185
irregular,socofing:000030:right_ring,8192,0.5390190059002855,0.3866886352727918,0.42905005832324017,0.23464439435193185,0.659174399127366,0.39431297882531413,0.013129094697450897
irregular,socofing:000030:right_little,8192,0.8539039678615294,0.8704994541120911,0.8529086325355398,0.6963428751703824,0.9198192650933573,0.8844536904442486,0.03589709667891672
irregular,socofing:000032:left_thumb,8192,0.25456809627458526,0.20760544795441735,0.2230843578378365,0.1794329557348194,0.167974690117799,0.22902210002177206,0.01062211244364868
irregular,socofing:000032:left_index,8192,0.4148291860608813,0.3165290387401328,0.32882030933899153,0.3354795666657012,0.47241631190632855,0.3206361564231533,0.035478981568272484
irregular,socofing:000032:left_middle,8192,0.27136295740459704,0.23132801498892475,0.24095285103423694,0.2920253969071926,0.34402695345012174,0.32940691071909306,0.03097063623198239
irregular,socofing:000032:left_ring,8192,0.3251771369764195,0.2216041341437764,0.22733987773381004,0.20971470893367103,0.733032323473168,0.46244026518697523,0.009195326907770678
irregular,socofing:000032:left_little,8192,0.7526667370371607,0.33292343139402664,0.39750900480789336,0.5516808917369298,0.9083040031223867,0.4060740739364144,0.01684551929734053
fragments,socofing:000023:left_thumb,11469,0.38258187561512924,0.46075450587388606,0.47692958701119587,1.2996893371245388,0.37967019722125944,0.43226101299143194,0.09016268981388766
fragments,socofing:000023:left_index,11469,0.32822528437639076,0.33801532671829887,0.3480774195449773,0.45539892379937885,0.3547271041246291,0.3890995836206739,0.03748243960105536
fragments,socofing:000023:left_middle,11469,0.6853706542962597,0.5954495484611658,0.6303778445831321,0.7484657638109679,0.5616376491006727,0.6557564283814042,0.06327646005273548
fragments,socofing:000023:left_ring,11469,0.7454600691482136,0.6103520111112939,0.63974580363628,0.8944828264375038,0.6598657158360189,0.6441909792513575,0.01390252302053999
fragments,socofing:000023:left_little,11469,0.6600272324300569,0.49703670273895445,0.5652982747900344,1.0748152238863375,0.3913297936817886,0.580522408178068,0.03743622122426166
fragments,socofing:000023:right_thumb,11469,0.6588812336544727,0.5779315788501338,0.6393706295338314,1.1718065838246365,0.4618831630243172,0.5215850866508687,0.03874036955320948
fragments,socofing:000023:right_index,11469,0.5683311396405956,0.5865064906273505,0.5873767025442564,0.5905528190383272,0.5179156508758415,0.4654193563750806,0.09372229970708479
fragments,socofing:000023:right_middle,11469,0.5593626060851427,0.3718312656599605,0.42195053920591086,0.4818324664093542,0.6286057313482697,0.5920423057390422,0.045769265624366555
fragments,socofing:000023:right_ring,11469,0.6616846185876036,0.6294149882838858,0.6355046964932722,0.8349250722509329,0.9141561184803838,0.7975078451931923,0.11847493745655772
fragments,socofing:000023:right_little,11469,0.41963514835882987,0.3988128484945163,0.3939319593871205,1.160434307291216,0.5259670614245764,0.4664524004434841,0.009900273300062705
fragments,socofing:000030:left_thumb,11469,0.2955868351991502,0.2504483084147598,0.2457473588287121,0.8237752970963269,0.2960338647347677,0.24817354708853037,0.0595259269299253
fragments,socofing:000030:left_index,11469,0.913125003170884,0.9914769354440219,1.0540877227187395,0.8145678561725279,0.5899288408748572,0.6092820654342744,0.146822957407956
fragments,socofing:000030:left_middle,11469,0.44787082057854277,0.31079148157096964,0.3267795416766362,0.8133112418203059,0.36897452492917565,0.2590430225663572,0.026501864353729077
fragments,socofing:000030:left_ring,11469,0.8056772367895072,0.6526187471474011,0.6591948327414946,0.8399809936540559,0.48846520360216855,0.5523527239570252,0.029842208664822782
fragments,socofing:000030:left_little,11469,0.901630834214635,0.8391031070720383,0.8379010119487615,0.8995520618651298,0.8049229538172187,0.7875820513981557,0.08562862765469657
fragments,socofing:000030:right_thumb,11469,0.7082761187845774,0.5760514475341558,0.5786645663388021,0.8964938435177453,0.4928807058516775,0.5406001457873613,0.04066379105426012
fragments,socofing:000030:right_index,11469,0.6342993917744065,0.6044646206223365,0.6475002682640075,0.794419020073403,0.42861309684615656,0.5029719977203355,0.07664544033964711
fragments,socofing:000030:right_middle,11469,0.434533165258479,0.417388360367489,0.43761681349530596,0.9048089460910885,0.29532638502577413,0.30606619661716133,0.05376702595472226
fragments,socofing:000030:right_ring,11469,0.5753157262120029,0.35279063968676594,0.3926729237215288,0.5566557058906072,0.47978893794601346,0.5441184540747304,0.023285477093901174
fragments,socofing:000030:right_little,11469,0.7971858667467567,0.8147644402797286,0.8017573942083557,0.7401056457072995,1.1113778789872202,1.0024024514180223,0.1428136565321943
fragments,socofing:000032:left_thumb,11469,0.28724830490487313,0.24867781593541613,0.25629667573486575,0.22537419703174946,0.2683522639375675,0.27627848322744697,0.04083857976571392
fragments,socofing:000032:left_index,11469,0.5673055813067477,0.5008722314021445,0.509078700853782,0.6264404420798306,0.5200968309913204,0.4548664130506497,0.0637530123230138
fragments,socofing:000032:left_middle,11469,0.8173275037485763,0.8206947721220997,0.819972510359619,0.966306414018762,0.876477569163089,0.8848964100330899,0.04820324459568105
fragments,socofing:000032:left_ring,11469,0.4993668965410563,0.5027975947627877,0.5324051284590839,0.4699845459831535,0.6010444334835087,0.5821830579138957,0.03655766305194559
fragments,socofing:000032:left_little,11469,0.9566826761196068,0.8063604401740894,0.861305247097133,0.9453325322055649,0.5427254364650029,0.7224392229933436,0.09853403566270386
