condition,sample_id,hidden_pixels,nearest_orientation_error,harmonic_orientation_error,neural_orientation_error
rect,socofing:000023:left_thumb,8192,0.4478322378101444,0.3219857526947971,0.11515785030982398
rect,socofing:000023:left_index,8192,0.46219999997164823,0.22423303993621457,0.014945095954716079
rect,socofing:000023:left_middle,8192,0.6437884152605828,0.44093094751134154,0.04804235559162957
rect,socofing:000023:left_ring,8192,0.37137771834445643,0.18289665878260994,0.030692055717297793
rect,socofing:000023:left_little,8192,0.5817300174807961,0.29820471948257204,0.012448985028255906
rect,socofing:000023:right_thumb,8192,0.753289692672176,0.4585080788945973,0.04149868447726314
rect,socofing:000023:right_index,8192,0.5310713160976291,0.38098893204668666,0.05100757366471568
rect,socofing:000023:right_middle,8192,0.48533743206185864,0.2924222512413362,0.024729998408391296
rect,socofing:000023:right_ring,8192,0.5675528693295759,0.24682828300881426,0.24339171459957187
rect,socofing:000023:right_little,8192,0.5898654013264183,0.4152606324919273,0.07290181909407929
rect,socofing:000030:left_thumb,8192,0.4161040097338397,0.20122286987874205,0.058035366859432905
rect,socofing:000030:left_index,8192,0.6134973009080467,0.59703381207621,0.11402478084722173
rect,socofing:000030:left_middle,8192,0.45502978758374524,0.3155714251282468,0.0554693388777075
rect,socofing:000030:left_ring,8192,0.22518874511834905,0.12342710132279222,0.029168778886639678
rect,socofing:000030:left_little,8192,0.568657928001102,0.7132009455536552,0.055822250130152504
rect,socofing:000030:right_thumb,8192,0.6285543206123608,0.5900747801671467,0.06919803228569456
rect,socofing:000030:right_index,8192,0.49771127497784323,0.24723211499250167,0.07934312043031812
rect,socofing:000030:right_middle,8192,0.4518464388221391,0.2911385556095093,0.05388666598355453
rect,socofing:000030:right_ring,8192,0.626804344704495,0.4602162324931474,0.05751642912754887
rect,socofing:000030:right_little,8192,0.8536724441190323,0.743824741576865,0.09217497616444288
rect,socofing:000032:left_thumb,8192,0.1813649904178478,0.058155592103594465,0.038100488836778225
rect,socofing:000032:left_index,8192,0.4251363586604084,0.22848597782737626,0.028023169226856416
rect,socofing:000032:left_middle,8192,0.3256642862162378,0.16028302326123442,0.011749973735011764
rect,socofing:000032:left_ring,8192,0.28085739429339446,0.2652570779540396,0.03201472748607781
rect,socofing:000032:left_little,8192,0.5326006683357977,0.5443849855555234,0.05712200469644625
central,socofing:000023:left_thumb,6554,0.523724822032046,0.25023095375760745,0.04610679659288356
central,socofing:000023:left_index,6554,0.5855569577962557,0.3834407780830357,0.04504034665792237
central,socofing:000023:left_middle,6554,0.6482668390040246,0.4307015420780182,0.08349220809469837
central,socofing:000023:left_ring,6554,0.7762094437455777,0.4759286056089207,0.021779406222427265
central,socofing:000023:left_little,6554,0.5244828060807316,0.3946668131366607,0.04479952757629873
central,socofing:000023:right_thumb,6554,0.7284523888470491,0.47135318237065166,0.039158020755304446
central,socofing:000023:right_index,6554,0.6912570838191427,0.6597626907883639,0.11454293214472393
central,socofing:000023:right_middle,6554,0.4843818738861787,0.2867960646104063,0.022637747273857235
central,socofing:000023:right_ring,6554,0.4640699689543195,0.22988410797191122,0.06923122422382795
central,socofing:000023:right_little,6554,0.6572573714259677,0.5552806844268877,0.05547108052234477
central,socofing:000030:left_thumb,6554,0.3816172939762881,0.17637592388318202,0.07064457513122532
central,socofing:000030:left_index,6554,0.3490128074496836,0.32319980742786025,0.07580081117330897
central,socofing:000030:left_middle,6554,0.44848397571163906,0.3934631295653188,0.022182536195660994
central,socofing:000030:left_ring,6554,0.37599162420731574,0.3570229436002342,0.03752864228471489
central,socofing:000030:left_little,6554,0.714840179271658,0.8571579128645967,0.12494706443739742
central,socofing:000030:right_thumb,6554,0.8420301648723151,0.8234500449390192,0.08962458375243057
central,socofing:000030:right_index,6554,0.6956392808069068,0.6907152853798239,0.053630295789650645
central,socofing:000030:right_middle,6554,0.3456604108921882,0.1994535410103181,0.049041832900781096
central,socofing:000030:right_ring,6554,0.5507997497064389,0.4607541773784417,0.09652543134004925
central,socofing:000030:right_little,6554,0.612053894560133,0.6120764307582224,0.12297867726059038
central,socofing:000032:left_thumb,6554,0.2176165740604782,0.11347248026620216,0.035500577839030524
central,socofing:000032:left_index,6554,0.41998254471107893,0.4860604403023343,0.052693999862121976
central,socofing:000032:left_middle,6554,0.46436203802625686,0.2234232020799292,0.023601920875514354
central,socofing:000032:left_ring,6554,0.35022725827894424,0.15396892130891124,0.02197611204433738
central,socofing:000032:left_little,6554,0.7129973438822641,0.6633456549206767,0.02642243537235331
irregular,socofing:000023:left_thumb,8192,0.5248693922363677,0.37937894424004487,0.05960532133021
irregular,socofing:000023:left_index,8192,0.48841903827077376,0.3169623044444158,0.013750946019752816
irregular,socofing:000023:left_middle,8192,0.4525871718140829,0.24421778136725647,0.020995881029835593
irregular,socofing:000023:left_ring,8192,0.7173013442766597,0.6307397568382214,0.016997574839571247
irregular,socofing:000023:left_little,8192,0.6204884672553143,0.4915693190346133,0.03538176317282707
irregular,socofing:000023:right_thumb,8192,0.5564061535076396,0.4185267495981871,0.01889220186622135
irregular,socofing:000023:right_index,8192,0.5661638218672936,0.449058407432082,0.054375197046857005
irregular,socofing:000023:right_middle,8192,0.47964324783064605,0.3510968568491577,0.020036338050880436
irregular,socofing:000023:right_ring,8192,0.6804935578901186,0.5588918394805142,0.029657725222274552
irregular,socofing:000023:right_little,8192,0.47329400504678665,0.3579385303306008,0.01124518750151839
irregular,socofing:000030:left_thumb,8192,0.27432735091292804,0.1557309517985791,0.029424822842205642
irregular,socofing:000030:left_index,8192,0.5869327694537144,0.5666846257877606,0.02309706502504011
irregular,socofing:000030:left_middle,8192,0.5683741954093653,0.36973602738421796,0.044276556283498095
irregular,socofing:000030:left_ring,8192,0.5240172538133554,0.5114128086886113,0.009804244296121803
irregular,socofing:000030:left_little,8192,0.465457850515188,0.36974826427085405,0.028168958870109194
irregular,socofing:000030:right_thumb,8192,0.69615049109195,0.48868602615758333,0.03792672857418928
irregular,socofing:000030:right_index,8192,0.7748913596308216,0.8027590820137719,0.031527013783660324
irregular,socofing:000030:right_middle,8192,0.3791509610663887,0.25227591643033165,0.02965734226230185
irregular,socofing:000030:right_ring,8192,0.5390190059002855,0.38668863527279196,0.013129094697450897
irregular,socofing:000030:right_little,8192,0.8539039678615294,0.8704994541120908,0.03589709667891672
irregular,socofing:000032:left_thumb,8192,0.25456809627458526,0.20760544795441735,0.01062211244364868
irregular,socofing:000032:left_index,8192,0.4148291860608813,0.3165290387401328,0.035478981568272484
irregular,socofing:000032:left_middle,8192,0.27136295740459704,0.23132801498892475,0.03097063623198239
irregular,socofing:000032:left_ring,8192,0.3251771369764195,0.2216041341437764,0.009195326907770678
irregular,socofing:000032:left_little,8192,0.7526667370371607,0.33292343139402664,0.01684551929734053
fragments,socofing:000023:left_thumb,11469,0.38258187561512924,0.4607545058738861,0.09016268981388766
fragments,socofing:000023:left_index,11469,0.32822528437639076,0.33801532671829887,0.03748243960105536
fragments,socofing:000023:left_middle,11469,0.6853706542962597,0.5954495484611658,0.06327646005273548
fragments,socofing:000023:left_ring,11469,0.7454600691482136,0.6103520111112939,0.01390252302053999
fragments,socofing:000023:left_little,11469,0.6600272324300569,0.49703670273895445,0.03743622122426166
fragments,socofing:000023:right_thumb,11469,0.6588812336544727,0.5779315788501339,0.03874036955320948
fragments,socofing:000023:right_index,11469,0.5683311396405956,0.5865064906273505,0.09372229970708479
fragments,socofing:000023:right_middle,11469,0.5593626060851427,0.3718312656599605,0.045769265624366555
fragments,socofing:000023:right_ring,11469,0.6616846185876036,0.6294149882838855,0.11847493745655772
fragments,socofing:000023:right_little,11469,0.41963514835882987,0.39881284849451665,0.009900273300062705
fragments,socofing:000030:left_thumb,11469,0.2955868351991502,0.2504483084147598,0.0595259269299253
fragments,socofing:000030:left_index,11469,0.913125003170884,0.9914769354440217,0.146822957407956
fragments,socofing:000030:left_middle,11469,0.44787082057854277,0.31079148157096964,0.026501864353729077
fragments,socofing:000030:left_ring,11469,0.8056772367895072,0.652618747147401,0.029842208664822782
fragments,socofing:000030:left_little,11469,0.901630834214635,0.8391031070720383,0.08562862765469657
fragments,socofing:000030:right_thumb,11469,0.7082761187845774,0.5760514475341558,0.04066379105426012
fragments,socofing:000030:right_index,11469,0.6342993917744065,0.6044646206223365,0.07664544033964711
fragments,socofing:000030:right_middle,11469,0.434533165258479,0.417388360367489,0.05376702595472226
fragments,socofing:000030:right_ring,11469,0.5753157262120029,0.352790639686766,0.023285477093901174
fragments,socofing:000030:right_little,11469,0.7971858667467567,0.8147644402797286,0.1428136565321943
fragments,socofing:000032:left_thumb,11469,0.28724830490487313,0.24867781593541613,0.04083857976571392
fragments,socofing:000032:left_index,11469,0.5673055813067477,0.5008722314021447,0.0637530123230138
fragments,socofing:000032:left_middle,11469,0.8173275037485763,0.8206947721220997,0.04820324459568105
fragments,socofing:000032:left_ring,11469,0.4993668965410563,0.5027975947627877,0.03655766305194559
fragments,socofing:000032:left_little,11469,0.9566826761196068,0.8063604401740893,0.09853403566270386
