sample_id,mask_family,observed_fraction,missing_mse,missing_mae,missing_psnr,missing_ssim_map_mean,missing_pixels,missing_max_absolute_error,observed_mse,observed_mae,observed_psnr,observed_ssim_map_mean,observed_pixels,observed_max_absolute_error
socofing:000023:left_thumb,random_rectangles,0.10000000149011612,0.026547188453728172,0.12197864674174218,15.759814671884548,0.28180631403304257,14746.0,0.7222727239131927,0.0,0.0,inf,0.8847960645238013,1638.0,0.0
socofing:000023:left_index,random_rectangles,0.20000000298023224,0.02190821796294665,0.10983427201397788,16.593929469638976,0.32034233802388395,13107.0,0.6465602219104767,0.0,0.0,inf,0.9003516294819348,3277.0,0.0
socofing:000023:left_middle,random_rectangles,0.30000001192092896,0.027542321124517093,0.11966668491100972,15.599994624417786,0.27306917868800695,11469.0,0.6467809975147247,0.0,0.0,inf,0.957471122785382,4915.0,0.0
socofing:000023:left_ring,random_rectangles,0.4000000059604645,0.03764991926472364,0.13326065346128702,14.242359507494058,0.3659328669474634,9830.0,0.689406007528305,0.0,0.0,inf,0.9644799952928073,6554.0,0.0
socofing:000023:left_little,random_rectangles,0.5,0.03492666654177452,0.12998915936805133,14.568428621607023,0.37990373475303063,8192.0,0.7140464335680008,0.0,0.0,inf,0.9620299962919814,8192.0,0.0
socofing:000023:right_thumb,random_rectangles,0.6000000238418579,0.03555737995806158,0.16187636459908178,14.490702474677713,0.10462576128407192,6554.0,0.7034742534160614,0.0,0.0,inf,0.9689656185808269,9830.0,0.0
socofing:000023:right_index,random_rectangles,0.699999988079071,0.02501997445358815,0.11604154169377573,16.017131380747077,0.14312420751112526,4915.0,0.6660833656787872,0.0,0.0,inf,0.9886771812807542,11469.0,0.0
socofing:000023:right_middle,random_rectangles,0.800000011920929,0.01910090727356531,0.09665192003416731,17.18946003718504,0.32207701658395227,3277.0,0.7501906305551529,0.0,0.0,inf,0.9842448527145613,13107.0,0.0
socofing:000023:right_ring,irregular,0.10000000149011612,0.019759380651781774,0.10330608920794838,17.042266722852844,0.35875819035289763,14746.0,0.7350809723138809,0.0,0.0,inf,0.7541079321346372,1638.0,0.0
socofing:000023:right_little,irregular,0.20000000298023224,0.017392457634584357,0.09316658815894109,17.596390458451808,0.45284120533359035,13107.0,0.7025197446346283,0.0,0.0,inf,0.8517888067278433,3277.0,0.0
socofing:000030:left_thumb,irregular,0.30000001192092896,0.05502012650942592,0.17427835043440806,12.594784153588686,0.347782595856262,11469.0,0.6849136054515839,0.0,0.0,inf,0.9201107912755147,4915.0,0.0
socofing:000030:left_index,irregular,0.4000000059604645,0.03792489672079995,0.14312631679757565,14.210755932346466,0.3858008576012354,9830.0,0.6996636390686035,0.0,0.0,inf,0.9147440363855434,6554.0,0.0
socofing:000030:left_middle,irregular,0.5,0.03607959472879535,0.13956256715937343,14.427383494016137,0.3286760531215125,8192.0,0.6774612069129944,0.0,0.0,inf,0.954780246230662,8192.0,0.0
socofing:000030:left_ring,irregular,0.6000000238418579,0.0359573618674199,0.1320181993024721,14.442121792427876,0.4619061224270612,6554.0,0.7209374606609344,0.0,0.0,inf,0.9579552777633208,9830.0,0.0
socofing:000030:left_little,irregular,0.699999988079071,0.03373109883650854,0.12513630542362209,14.7196951084581,0.5052506340688732,4915.0,0.723309114575386,0.0,0.0,inf,0.9534054924918174,11469.0,0.0
socofing:000030:right_thumb,irregular,0.800000011920929,0.035753481227273474,0.12393300582762486,14.46681665633842,0.5269642712352305,3277.0,0.8260793015360832,0.0,0.0,inf,0.9788902589438537,13107.0,0.0
socofing:000030:right_index,central_missing,0.10000000149011612,0.05696510210039961,0.1955239179156805,12.443911198835488,0.3513196812848173,14746.0,0.7312840223312378,0.0,0.0,inf,0.9368540693070584,1638.0,0.0
socofing:000030:right_middle,central_missing,0.20000000298023224,0.041883217299375074,0.15983618404527247,13.779599649660202,0.21857194870527286,13107.0,0.717651292681694,0.0,0.0,inf,0.9514195680903269,3277.0,0.0
socofing:000030:right_ring,central_missing,0.30000001192092896,0.02649846539794973,0.11683965437273397,15.767792765726467,0.3347103738948873,11469.0,0.65536168217659,0.0,0.0,inf,0.96957836855252,4915.0,0.0
socofing:000030:right_little,central_missing,0.4000000059604645,0.033172165899088765,0.1381462004441211,14.792261713109802,0.33004874604492473,9830.0,0.7019416093826294,0.0,0.0,inf,0.969382011604138,6554.0,0.0
socofing:000032:left_thumb,central_missing,0.5,0.08041707649176143,0.2341613017600821,10.946517194272685,0.060471253615191935,8192.0,0.7035253345966339,0.0,0.0,inf,0.9769113001097172,8192.0,0.0
socofing:000032:left_index,central_missing,0.6000000238418579,0.06444347742324985,0.1975537406872909,11.908210327316928,0.11764796430537072,6554.0,0.7368587851524353,0.0,0.0,inf,0.9874310810366148,9830.0,0.0
socofing:000032:left_middle,central_missing,0.699999988079071,0.0781040660857503,0.22128317795716612,11.073263562297699,0.17712777900787782,4915.0,0.7303890883922577,0.0,0.0,inf,0.9893991213481388,11469.0,0.0
socofing:000032:left_ring,central_missing,0.800000011920929,0.039519965975896215,0.16220879557476853,14.031834379833692,0.13576113796662792,3277.0,0.6338943541049957,0.0,0.0,inf,0.9913227267988955,13107.0,0.0
socofing:000032:left_little,peripheral_only,0.10000000149011612,0.05351422466847292,0.18843307288676334,12.715307623918118,0.4181892367245934,14746.0,0.7949120253324509,0.0,0.0,inf,0.6212699691824825,1638.0,0.0
socofing:000032:right_thumb,peripheral_only,0.20000000298023224,0.06372372034274047,0.1944946950706046,11.956988769833178,0.2828757276374629,13107.0,0.9019085164181888,0.0,0.0,inf,0.9277147895623065,3277.0,0.0
socofing:000032:right_index,peripheral_only,0.30000001192092896,0.05592883702656401,0.17482986653168253,12.52364211213447,0.3804040824118054,11469.0,0.7623398266732693,0.0,0.0,inf,0.9135380805020838,4915.0,0.0
socofing:000032:right_middle,peripheral_only,0.4000000059604645,0.05374027010896381,0.17141272237340588,12.697001550495253,0.3841747074550193,9830.0,0.7674436569213867,0.0,0.0,inf,0.9526233088885742,6554.0,0.0
socofing:000032:right_ring,peripheral_only,0.5,0.049460715221925924,0.16446568170312048,13.057396078556367,0.3811522834542064,8192.0,0.785404771566391,0.0,0.0,inf,0.9546240167332529,8192.0,0.0
socofing:000032:right_little,peripheral_only,0.6000000238418579,0.035011817161719395,0.1316701193328897,14.557853481659226,0.4765955502733145,6554.0,0.7855972349643707,0.0,0.0,inf,0.9430692787873612,9830.0,0.0
socofing:000039:left_thumb,peripheral_only,0.699999988079071,0.05256563661736438,0.1632201642475431,12.792980715196943,0.44538790088405594,4915.0,0.729277104139328,0.0,0.0,inf,0.9867642923821726,11469.0,0.0
socofing:000039:left_index,peripheral_only,0.800000011920929,0.05142479215645586,0.1671803211340005,12.888274549173751,0.3987236294040258,3277.0,0.7138655334711075,0.0,0.0,inf,0.9919049694776911,13107.0,0.0
socofing:000039:left_middle,central_only,0.10000000149011612,0.05403082615166743,0.17605546195033867,12.673583918839519,0.3101059129958539,14746.0,0.7837766408920288,0.0,0.0,inf,0.9657049699774047,1638.0,0.0
socofing:000039:left_ring,central_only,0.20000000298023224,0.04375302252072916,0.15707671811088364,13.589919399277772,0.38165172536070324,13107.0,0.7832918614149094,0.0,0.0,inf,0.9786766379939489,3277.0,0.0
socofing:000039:left_little,central_only,0.30000001192092896,0.04037781482453287,0.16080966449858877,13.938571880007565,0.5961413510417327,11469.0,0.7084866464138031,0.0,0.0,inf,0.963343632570427,4915.0,0.0
socofing:000039:right_thumb,central_only,0.4000000059604645,0.08248195510758015,0.20246017730500196,10.836410533214082,0.3859141234731339,9830.0,0.9257963290438056,0.0,0.0,inf,0.9829435766950054,6554.0,0.0
socofing:000039:right_index,central_only,0.5,0.059713057958565054,0.16566345529162163,12.23930687643799,0.5084596101242267,8192.0,0.895637508481741,0.0,0.0,inf,0.9815480916599701,8192.0,0.0
socofing:000039:right_middle,central_only,0.6000000238418579,0.025255643682152155,0.10952862522645541,15.976415582922224,0.6015266735732714,6554.0,0.731241449713707,0.0,0.0,inf,0.9851471934130852,9830.0,0.0
socofing:000039:right_ring,central_only,0.699999988079071,0.016631308468436422,0.08407397456997712,17.790735813116207,0.7650381834701818,4915.0,0.6821959763765335,0.0,0.0,inf,0.9876962390122225,11469.0,0.0
socofing:000039:right_little,central_only,0.800000011920929,0.024773975456227552,0.09226507769239942,16.06004297000402,0.7099860264102021,3277.0,0.6897333413362503,0.0,0.0,inf,0.9933075917955358,13107.0,0.0
socofing:000052:left_thumb,disconnected_fragments,0.10000000149011612,0.040303065960887126,0.1411608221254678,13.946619146716145,0.2731445162760597,14746.0,0.7931792289018631,0.0,0.0,inf,0.9178127867032891,1638.0,0.0
socofing:000052:left_index,disconnected_fragments,0.20000000298023224,0.05345085029466319,0.16545221645521738,12.720453816555219,0.28001015029284404,13107.0,0.7355861961841583,0.0,0.0,inf,0.9500272124974397,3277.0,0.0
socofing:000052:left_middle,disconnected_fragments,0.30000001192092896,0.02769974811060653,0.11951483531841811,15.575241802016533,0.36766086014239807,11469.0,0.6988292038440704,0.0,0.0,inf,0.9631076444114417,4915.0,0.0
socofing:000052:left_ring,disconnected_fragments,0.4000000059604645,0.035757590804702026,0.1309968694423004,14.466317498165726,0.34107921244228345,9830.0,0.6718739569187164,0.0,0.0,inf,0.978406485853744,6554.0,0.0
socofing:000052:left_little,disconnected_fragments,0.5,0.035304067515105765,0.13501704578266072,14.521752550201363,0.3037544266866866,8192.0,0.6954715847969055,0.0,0.0,inf,0.9787068665312209,8192.0,0.0
socofing:000052:right_thumb,disconnected_fragments,0.6000000238418579,0.11744107058794843,0.24283670478602454,9.301799983994014,0.26639137698335863,6554.0,0.9717010254971683,0.0,0.0,inf,0.9759566969313178,9830.0,0.0
socofing:000052:right_index,disconnected_fragments,0.699999988079071,0.034234033755686816,0.11962260816157212,14.65541925442211,0.5314024989570894,4915.0,0.7470878344029188,0.0,0.0,inf,0.9875635690176636,11469.0,0.0
socofing:000052:right_middle,disconnected_fragments,0.800000011920929,0.03454628178138317,0.11426852320866283,14.615986889185901,0.5665685827720817,3277.0,0.7761823385953903,0.0,0.0,inf,0.991211243386587,13107.0,0.0
socofing:000052:right_ring,stripes,0.10000000149011612,0.03304392603488684,0.12422273091989053,14.809083586279243,0.3110433700978922,14746.0,0.8124025911092758,0.0,0.0,inf,0.9680924062007816,1638.0,0.0
socofing:000052:right_little,stripes,0.20000000298023224,0.020181512966602918,0.09545028427172518,16.95046278712754,0.36312733033386646,13107.0,0.6927644610404968,0.0,0.0,inf,0.9370640580559195,3277.0,0.0
socofing:000054:left_thumb,stripes,0.30000001192092896,0.05467054452547723,0.1781266653825503,12.622466004594159,0.22332986059586438,11469.0,0.8369309268891811,0.0,0.0,inf,0.9788322996892951,4915.0,0.0
socofing:000054:left_index,stripes,0.4000000059604645,0.04085538440205803,0.1435268478435848,13.887506989356435,0.31715980375836755,9830.0,0.771127849817276,0.0,0.0,inf,0.9744003997679598,6554.0,0.0
socofing:000054:left_middle,stripes,0.5,0.0437694571508302,0.15133351737677003,13.588288396756894,0.28881461739367664,8192.0,0.6855598390102386,0.0,0.0,inf,0.9795693875742201,8192.0,0.0
socofing:000054:left_ring,stripes,0.6000000238418579,0.04981642414864792,0.17062488875016774,13.026274495864577,0.21719533912093675,6554.0,0.6753561347723007,0.0,0.0,inf,0.9828448360017777,9830.0,0.0
socofing:000054:left_little,stripes,0.699999988079071,0.01769433129159683,0.09119209432225989,17.52165845677338,0.443746593759406,4915.0,0.7020714208483696,0.0,0.0,inf,0.9853387926228182,11469.0,0.0
socofing:000054:right_thumb,stripes,0.800000011920929,0.03293954399007631,0.12711710869830567,14.82282417429907,0.30177918208301224,3277.0,0.8957895031198859,0.0,0.0,inf,0.9924369326544498,13107.0,0.0
socofing:000054:right_index,severe_partial,0.10000000149011612,0.05438397905033621,0.18028141419324561,12.645290200588446,0.3088863566197095,14746.0,0.8421778045594692,0.0,0.0,inf,0.9102628742413945,1638.0,0.0
socofing:000054:right_middle,severe_partial,0.20000000298023224,0.05128898420949021,0.1691616625151164,12.899759021544007,0.288247130402132,13107.0,0.9268851280212402,0.0,0.0,inf,0.9540165743813409,3277.0,0.0
socofing:000054:right_ring,severe_partial,0.30000001192092896,0.03641274385440032,0.14314063189084963,14.38746593905208,0.40554473439915784,11469.0,0.765579279512167,0.0,0.0,inf,0.9727186873180657,4915.0,0.0
socofing:000054:right_little,random_rectangles,0.10000000149011612,0.07561650066500344,0.20941395700269283,11.213834245276175,0.25816230318463834,14746.0,0.8387695513665676,0.0,0.0,inf,0.8740827966020934,1638.0,0.0
socofing:000057:left_thumb,random_rectangles,0.20000000298023224,0.08062825417953341,0.2229809337162363,10.935127437527184,0.10310516040567107,13107.0,0.9573248624801636,0.0,0.0,inf,0.9542472473119602,3277.0,0.0
socofing:000057:left_index,random_rectangles,0.30000001192092896,0.06776669733473102,0.1978157951853999,11.689836795400383,0.19936968381669065,11469.0,0.8963225479237735,0.0,0.0,inf,0.9581414466008311,4915.0,0.0
socofing:000057:left_middle,random_rectangles,0.4000000059604645,0.05796345735440505,0.19476635813469584,12.368457180048862,0.12711835591562706,9830.0,0.9426712384447455,0.0,0.0,inf,0.9528684848666058,6554.0,0.0
socofing:000057:left_ring,random_rectangles,0.5,0.05881450567080662,0.19468588509903384,12.305155488242212,0.09560688004494419,8192.0,0.9325302820652723,0.0,0.0,inf,0.9745152326166605,8192.0,0.0
socofing:000057:left_little,random_rectangles,0.6000000238418579,0.05115285232119821,0.17706990841388767,12.911301446923956,0.1685158064801423,6554.0,0.7418990582227707,0.0,0.0,inf,0.9772802719217982,9830.0,0.0
socofing:000057:right_thumb,random_rectangles,0.699999988079071,0.0665543292663781,0.19955497381229065,11.7682368901957,0.18704455489963595,4915.0,0.7677019685506821,0.0,0.0,inf,0.9898039933529377,11469.0,0.0
socofing:000057:right_index,random_rectangles,0.800000011920929,0.08876010753515164,0.22876409202348583,10.517821802807832,0.1484013304303771,3277.0,0.8873168788850307,0.0,0.0,inf,0.9920237998442452,13107.0,0.0
socofing:000057:right_middle,irregular,0.10000000149011612,0.056162576810985534,0.17995165668426807,12.505529744338284,0.2537745546171074,14746.0,0.9197217803448439,0.0,0.0,inf,0.8142039479382432,1638.0,0.0
socofing:000057:right_ring,irregular,0.20000000298023224,0.047995199347938736,0.1670728497650337,13.188022001445315,0.28056642167170415,13107.0,0.8141874000430107,0.0,0.0,inf,0.8895848020393545,3277.0,0.0
socofing:000057:right_little,irregular,0.30000001192092896,0.04284031346634045,0.15585942744522732,13.681473600576457,0.3643214527631658,11469.0,0.8389679752290249,0.0,0.0,inf,0.9142886787013329,4915.0,0.0
socofing:000061:left_thumb,irregular,0.4000000059604645,0.053891404122685165,0.16977843114014787,12.684805008576783,0.4435743727151103,9830.0,0.7440844178199768,0.0,0.0,inf,0.8905685310557969,6554.0,0.0
socofing:000061:left_index,irregular,0.5,0.04131321117650567,0.14583221960742776,13.839110470462625,0.4600429076739784,8192.0,0.7201981544494629,0.0,0.0,inf,0.9435991654431225,8192.0,0.0
socofing:000061:left_middle,irregular,0.6000000238418579,0.043863248299338124,0.15054052305972812,13.578992097254968,0.46454084081130476,6554.0,0.7607659548521042,0.0,0.0,inf,0.9511124167556997,9830.0,0.0
socofing:000061:left_ring,irregular,0.699999988079071,0.040288280619386135,0.1408320474121928,13.948212665765386,0.529657240227292,4915.0,0.7238512337207794,0.0,0.0,inf,0.9471464845025234,11469.0,0.0
socofing:000061:left_little,irregular,0.800000011920929,0.02900525775247,0.11319375940680113,15.375232708625436,0.6069535885999652,3277.0,0.7615503370761871,0.0,0.0,inf,0.9771000566910195,13107.0,0.0
socofing:000061:right_thumb,central_missing,0.10000000149011612,0.06895280380925273,0.20505094120004091,11.614480695297651,0.24157124157584442,14746.0,0.8502166830003262,0.0,0.0,inf,0.925152133952453,1638.0,0.0
socofing:000061:right_index,central_missing,0.20000000298023224,0.07432092884533352,0.21619741559199016,11.288888712711138,0.22377200715662382,13107.0,0.9317177534103394,0.0,0.0,inf,0.932770130727402,3277.0,0.0
socofing:000061:right_middle,central_missing,0.30000001192092896,0.07928306136107446,0.2265640353613519,11.008195887630336,0.2392674318072264,11469.0,0.7832602187991142,0.0,0.0,inf,0.9679166566762866,4915.0,0.0
socofing:000061:right_ring,central_missing,0.4000000059604645,0.05776309970206988,0.19129677962474828,12.383495095626525,0.22470881621379532,9830.0,0.7385651022195816,0.0,0.0,inf,0.9786005457035025,6554.0,0.0
socofing:000061:right_little,central_missing,0.5,0.09027114225380234,0.2356672448265158,10.444510621222365,0.28294477218964503,8192.0,0.780871719121933,0.0,0.0,inf,0.9811762674284239,8192.0,0.0
socofing:000064:left_thumb,central_missing,0.6000000238418579,0.08506843499461055,0.23980960959298914,10.702315568442897,0.05623883384878885,6554.0,0.8967555752024055,0.0,0.0,inf,0.9861753079774531,9830.0,0.0
socofing:000064:left_index,central_missing,0.699999988079071,0.08257246073316826,0.24092381742346125,10.83164772847319,0.0625917204104258,4915.0,0.770951684564352,0.0,0.0,inf,0.9865590167258981,11469.0,0.0
socofing:000064:left_middle,central_missing,0.800000011920929,0.085910822406445,0.23224660767902225,10.659521235337749,0.07385410692829834,3277.0,0.8186309784650803,0.0,0.0,inf,0.9942179110368312,13107.0,0.0
socofing:000064:left_ring,peripheral_only,0.10000000149011612,0.05864653140539383,0.18414815113455069,12.31757668732486,0.35733963740670927,14746.0,0.8076242953538895,0.0,0.0,inf,0.8213441101752438,1638.0,0.0
socofing:000064:left_little,peripheral_only,0.20000000298023224,0.05843542029550871,0.18960395617302678,12.333238279589242,0.43320135764771844,13107.0,0.8134762346744537,0.0,0.0,inf,0.78731368846672,3277.0,0.0
socofing:000064:right_thumb,peripheral_only,0.30000001192092896,0.06009743472810573,0.1840488755744922,12.211440655547543,0.2607464736174057,11469.0,0.9446079125627875,0.0,0.0,inf,0.9580117181396944,4915.0,0.0
socofing:000064:right_index,peripheral_only,0.4000000059604645,0.056154736072093744,0.17492566571541562,12.506136096031158,0.33980165400534773,9830.0,0.7868454977869987,0.0,0.0,inf,0.9691021939235472,6554.0,0.0
socofing:000064:right_middle,peripheral_only,0.5,0.05235850408938145,0.16669948390455147,12.810127699709309,0.3847696000610693,8192.0,0.8278399668633938,0.0,0.0,inf,0.9736612351243855,8192.0,0.0
socofing:000064:right_ring,peripheral_only,0.6000000238418579,0.049003273078497146,0.15988947794037175,13.097749111458416,0.40299395041342667,6554.0,0.7626742720603943,0.0,0.0,inf,0.9794394739314091,9830.0,0.0
socofing:000064:right_little,peripheral_only,0.699999988079071,0.04888197024778391,0.14801949726792843,13.1085129764079,0.44169547293969325,4915.0,0.8105808943510056,0.0,0.0,inf,0.9856157892097845,11469.0,0.0
socofing:000066:left_thumb,peripheral_only,0.800000011920929,0.05250999598769853,0.15338537561828552,12.797580148974879,0.5344227498895623,3277.0,0.6703949570655823,0.0,0.0,inf,0.9899398918061983,13107.0,0.0
socofing:000066:left_index,central_only,0.10000000149011612,0.06289188805519196,0.19001680188059478,12.01405367274263,0.31207023080355867,14746.0,0.7757434826344252,0.0,0.0,inf,0.9685697495597062,1638.0,0.0
socofing:000066:left_middle,central_only,0.20000000298023224,0.05622633552721491,0.17644743630256124,12.500602201037774,0.3199469870615842,13107.0,0.7840650677680969,0.0,0.0,inf,0.9745171895133476,3277.0,0.0
socofing:000066:left_ring,central_only,0.30000001192092896,0.07815577679156174,0.20458867756888752,11.070389160967771,0.36465013909892874,11469.0,0.8103790134191513,0.0,0.0,inf,0.9824004425808922,4915.0,0.0
socofing:000066:left_little,central_only,0.4000000059604645,0.04100299467584458,0.1464095987938534,13.871844231900383,0.5552353532716049,9830.0,0.7189077883958817,0.0,0.0,inf,0.9555835904266939,6554.0,0.0
socofing:000066:right_thumb,central_only,0.5,0.04632620839094293,0.1456749582168868,13.3417324355415,0.5000379767065416,8192.0,0.9261730909347534,0.0,0.0,inf,0.98650832489634,8192.0,0.0
socofing:000066:right_index,central_only,0.6000000238418579,0.034224436308992905,0.12164038505537625,14.65663696149704,0.6482399394372075,6554.0,0.7060258388519287,0.0,0.0,inf,0.9833529380061232,9830.0,0.0
socofing:000066:right_middle,central_only,0.699999988079071,0.03127287689501754,0.11240877229871943,15.048321647385105,0.6899371908977693,4915.0,0.7612583935260773,0.0,0.0,inf,0.9921313792761358,11469.0,0.0
socofing:000066:right_ring,central_only,0.800000011920929,0.00437324967971651,0.04518398840797722,23.591957269936596,0.8662718487097031,3277.0,0.48763035237789154,0.0,0.0,inf,0.995493810791044,13107.0,0.0
socofing:000066:right_little,disconnected_fragments,0.10000000149011612,0.05993321252457163,0.1851646891430616,12.22332442738995,0.3432589881077093,14746.0,0.87332808598876,0.0,0.0,inf,0.8890043230260374,1638.0,0.0
socofing:000068:left_thumb,disconnected_fragments,0.20000000298023224,0.05939971608255593,0.1806808555531547,12.262156308449672,0.24871639800641757,13107.0,0.8831355553120375,0.0,0.0,inf,0.9539831932446696,3277.0,0.0
socofing:000068:left_index,disconnected_fragments,0.30000001192092896,0.05827083490869952,0.1778877578417601,12.345487592628029,0.32230190160538075,11469.0,0.862344142049551,0.0,0.0,inf,0.9559343987956739,4915.0,0.0
socofing:000068:left_middle,disconnected_fragments,0.4000000059604645,0.06825366855498093,0.19481760539438495,11.658740008386086,0.22999705569132511,9830.0,0.8889887323603034,0.0,0.0,inf,0.9814190026640818,6554.0,0.0
socofing:000068:left_ring,disconnected_fragments,0.5,0.030228408102377216,0.12833952458726117,15.195847231681013,0.49366764862514345,8192.0,0.8544748388230801,0.0,0.0,inf,0.9726149690023581,8192.0,0.0
socofing:000068:left_little,disconnected_fragments,0.6000000238418579,0.13493408001295876,0.26273141540994777,8.698783476422884,0.3200874782942961,6554.0,0.8338427096605301,0.0,0.0,inf,0.9792903961151133,9830.0,0.0
socofing:000068:right_thumb,disconnected_fragments,0.699999988079071,0.0656398427606645,0.1844333810301636,11.828324679641234,0.2667888986046364,4915.0,0.8590348288416862,0.0,0.0,inf,0.991968281248217,11469.0,0.0
socofing:000068:right_index,disconnected_fragments,0.800000011920929,0.018284602996698814,0.08759474499292642,17.37914464815397,0.6675507785355376,3277.0,0.6606547813862562,0.0,0.0,inf,0.9961297325054738,13107.0,0.0
socofing:000068:right_middle,stripes,0.10000000149011612,0.05638290761487725,0.18088216130910614,12.48852531718471,0.23878648110684667,14746.0,0.891683935187757,0.0,0.0,inf,0.9455520761801304,1638.0,0.0
socofing:000068:right_ring,stripes,0.20000000298023224,0.049377714749394494,0.1674340587345089,13.064690135270853,0.27377776634775075,13107.0,0.8917943201959133,0.0,0.0,inf,0.9632634424530315,3277.0,0.0
socofing:000068:right_little,stripes,0.30000001192092896,0.04379446741377459,0.15578917362365463,13.585807507615144,0.38101870713560637,11469.0,0.8312812428921461,0.0,0.0,inf,0.9762185146054632,4915.0,0.0
socofing:000077:left_thumb,stripes,0.4000000059604645,0.07326129692476693,0.21077252464588742,11.351253974066065,0.17324391128508895,9830.0,0.8348538801074028,0.0,0.0,inf,0.9737823379579309,6554.0,0.0
socofing:000077:left_index,stripes,0.5,0.05860768790677445,0.17992257849334692,12.320454113454902,0.28216218404379034,8192.0,0.7515044207684696,0.0,0.0,inf,0.9744833259852567,8192.0,0.0
socofing:000077:left_middle,stripes,0.6000000238418579,0.054781862202950754,0.1793574560649618,12.613632088341625,0.2388051659352697,6554.0,0.7014780044555664,0.0,0.0,inf,0.9916204611338704,9830.0,0.0
socofing:000077:left_ring,stripes,0.699999988079071,0.04861840251422857,0.16593564117729043,13.131993151482426,0.2618261826760772,4915.0,0.8063646480441093,0.0,0.0,inf,0.9891427158798042,11469.0,0.0
socofing:000077:left_little,stripes,0.800000011920929,0.07972291772299184,0.21272408823943947,10.984168152424104,0.19132012166965245,3277.0,0.8103144019842148,0.0,0.0,inf,0.9908112498477384,13107.0,0.0
socofing:000077:right_thumb,severe_partial,0.10000000149011612,0.06291792955346312,0.18996873639928696,12.012255771851246,0.2541239538367257,14746.0,0.8571442347019911,0.0,0.0,inf,0.9466465552632398,1638.0,0.0
socofing:000077:right_index,severe_partial,0.20000000298023224,0.05557752865290456,0.1785131151206846,12.551007687545614,0.3177355297354108,13107.0,0.8637133231386542,0.0,0.0,inf,0.9595748413562165,3277.0,0.0
socofing:000077:right_middle,severe_partial,0.30000001192092896,0.05393198377647217,0.16873828838868035,12.681536047937964,0.30533636822589366,11469.0,0.8745532017201185,0.0,0.0,inf,0.9486211393057711,4915.0,0.0
socofing:000077:right_ring,random_rectangles,0.10000000149011612,0.06557990996143499,0.20029627107688594,11.832291839350095,0.19297361320788115,14746.0,0.887140329927206,0.0,0.0,inf,0.8826251607030587,1638.0,0.0
socofing:000077:right_little,random_rectangles,0.20000000298023224,0.0789995627438095,0.2178041613491641,11.02375312487739,0.275023920044248,13107.0,0.8252709656953812,0.0,0.0,inf,0.9004495750503568,3277.0,0.0
socofing:000081:left_thumb,random_rectangles,0.30000001192092896,0.08803019991380731,0.23012811131239436,10.553683118735322,0.1581870547810461,11469.0,0.8852441236376762,0.0,0.0,inf,0.9535120465128113,4915.0,0.0
socofing:000081:left_index,random_rectangles,0.4000000059604645,0.08917564768388346,0.2395315398846299,10.497537276917097,0.12969812477728399,9830.0,0.9323803773149848,0.0,0.0,inf,0.968088891035562,6554.0,0.0
socofing:000081:left_middle,random_rectangles,0.5,0.08691274510596256,0.2325758106956073,10.609165328340923,0.11924639857190664,8192.0,0.9223995767533779,0.0,0.0,inf,0.9734562786818215,8192.0,0.0
socofing:000081:left_ring,random_rectangles,0.6000000238418579,0.07614209731689216,0.21312698466986926,11.18375164813373,0.1858981282303616,6554.0,0.8509193584322929,0.0,0.0,inf,0.9848437298133851,9830.0,0.0
socofing:000081:left_little,random_rectangles,0.699999988079071,0.05751200466552852,0.1856493674067066,12.402414941653834,0.28819142442409296,4915.0,0.8022558614611626,0.0,0.0,inf,0.9746885038271924,11469.0,0.0
socofing:000081:right_thumb,random_rectangles,0.800000011920929,0.06724493273188469,0.21007836096885116,11.72340436522514,0.09617595199197244,3277.0,0.7043117433786392,0.0,0.0,inf,0.9905849788305366,13107.0,0.0
socofing:000081:right_index,irregular,0.10000000149011612,0.053217208156373215,0.17697677469385892,12.73947912837713,0.3141448686658531,14746.0,0.863546846434474,0.0,0.0,inf,0.8166710336570179,1638.0,0.0
socofing:000081:right_middle,irregular,0.20000000298023224,0.051967196932072225,0.17332055823491055,12.842707080331046,0.27255112405308557,13107.0,0.8283450528979301,0.0,0.0,inf,0.90520293019224,3277.0,0.0
